Size,Weight,Sweetness,Crunchiness,Juiciness,Ripeness,Acidity,Quality
-0.26446707528720864,2.0639849470572984,1.1236264596651626,1.5078516889366604,0.4622389286425454,-3.040364042263843,1.2126223641346567,1
-0.2222963472769337,-0.08313054347682246,0.8710002743157329,-1.1203480930592074,-1.0622055123350806,-0.12800882330786464,-0.5991694483364416,0
-0.5834031741735476,2.0376661126780897,0.11108119186262337,-0.06937863152322951,0.6780086633681458,-0.9873723363136776,1.2528218367785897,0
1.2201705036519104,-0.25178503771346794,-0.8536604697663576,-1.0312768745463048,0.45406954812337896,0.060976113427487086,0.2480473374255706,1
-0.8203707894424749,0.45053290617390296,-0.30443076830179694,1.4971356102233417,-1.441774738938826,-1.3050212451611585,-0.5586422387655149,0
1.6937965091215013,-1.2286241086872687,-0.20859745025043483,-0.47958856878159917,1.6826203415602758,-0.5394333721942819,1.1889356423197825,1
0.5367934004233089,-0.26908237080287606,-0.13787575332848825,0.5755313767977113,-2.4058125125542524,-1.240319440737896,-0.7080841721417515,0
-0.015122427420829719,-0.9183652767804398,-0.09208166067421186,0.8042959494141075,0.7099454905887516,0.8636139968158788,0.787055067119885,0
0.9077334927983677,-0.07728336157584026,-1.382355404716156,-0.7304234527198945,1.3365638244305778,-0.38667210066416413,0.8014381285024311,0
0.27628098199244716,-1.8157239579419513,-0.7031445907209545,-0.8660508477963365,1.3749255727813006,-0.7830332529817979,-0.41667050020895646,1
-0.21688848359103022,1.1364635588355454,-0.08320658526910499,-0.13843210401388803,1.0259817297905338,-0.6969497424827126,-1.7533888185461526,1
0.2907694539455201,-0.1978867601072428,0.43640117603565376,-2.417961190056074,2.0169384328578235,-1.6114980162727695,-0.6545098437880399,1
1.0001575085411756,-3.270683883401772,0.5576283646178753,1.2845225602089068,-0.16198837904963853,-1.1498151696610333,0.8172514821575197,1
0.7066588510919173,0.15858612827135501,-0.5402037951548256,0.04616791027007749,0.004304814707077237,0.3571923490210265,-0.638908524364401,0
0.2771158437783772,0.4189811058189496,-0.3933252136034692,-1.0447817392906724,-0.05624278690862645,-0.3347532048455119,1.1443769064930038,1
1.1811595209638877,-2.175666105595546,-0.06632612218472707,-1.0184015330231084,1.5539240320045382,-0.22913483513962377,1.918502073972233,1
1.134657966367614,-0.43271201831648604,-0.5544284372361291,1.2517435058903212,0.06669399900096412,1.0096769622390718,0.5360571118033025,1
-1.0538762809599187,-0.9837607562615921,1.1924625431667975,1.3767874246143568,-0.3334779290934938,-2.7399439242512305,-0.09754550037280069,1
2.046887298662606,0.24585329274293208,0.5880306034215916,-1.9725598652048129,1.7950292437654243,-0.42661321192875407,1.8038790297688971,1
0.9743520247488237,0.017151957594116033,-1.235562256179868,-0.05281905478385969,-0.3254930383143283,-0.19417739531762468,0.7341197040463657,0
0.29241563619079863,-0.06200127287408699,0.6221805845550092,0.7495109553463081,-1.3204267741313944,-0.06669157290942529,0.6933133650998068,0
-0.05305526706161142,-2.0305987615942502,-0.4558818996695397,0.10631575506371749,1.022337919992677,-1.1649299585567237,-0.20963313158056862,1
1.86779336026065,-1.1697797106324221,-0.2800850710765051,-1.3545585340786912,1.9745565624152976,-0.2827953687051736,0.5469899400406664,1
-0.33641916097486935,0.4549617787834284,0.0872715442714418,0.16451614134417852,-0.5275831039010404,-0.4827365364053235,-0.40098144648727124,0
-1.435285560620329,2.8220520617953495,-0.726185791385168,-0.8138805431701926,-1.1329104026694379,-1.0926927407314595,-0.12019594525582233,1
-2.681774715598576,1.0020239034630083,1.1523203364178587,0.7686935671254839,0.660403014014487,1.4100893498905707,0.630284303926579,0
-0.35766601757178734,-0.7991737997218464,-0.35684638142258157,-0.3169870779962621,0.06224575766707986,0.7238271466161728,0.5945955498580385,0
-0.49666545610723245,1.6938185823849523,-0.6584291073313682,-0.2539696388328631,-0.3793977541466396,-0.17625626808486072,0.3585747839803362,0
0.0027719425059864107,-0.08799281740538782,0.5071522714793998,0.24426360771506525,0.038000395863196805,-1.6265006101636155,0.44575926503595464,1
-1.3376370167654512,-0.03233142317550338,1.4052287320201542,0.3346810545943544,0.13149527992755214,-0.6099545774890642,1.4330467493669778,0
-0.7388387754082173,-0.5771714923750384,0.6032484001177758,-0.41947192127347926,-0.6487424388839726,0.2915913666464948,-1.019661388236039,0
-1.3967417644455797,-0.40427644316818967,1.6478699339266047,-1.3042370174812907,0.009566059711012409,0.48927519111976026,-0.3888029686894377,1
-0.4387764933562594,-0.06118113940176618,0.08993587081824968,-0.013638843299136436,-0.37828697167058956,0.1657466057579573,-0.5129937730585215,0
-1.912236527307768,-0.4479230785960521,0.2242292795985564,0.004504505609962888,0.32907123288897444,0.45117616793832,-1.6152584663636398,0
0.09818198472624441,-0.016482063708000542,-0.31101514758493504,0.48168091003499575,-0.838563035088909,-0.23928737913145878,-0.5852729819896323,0
2.165084194682319,-1.3999890655228502,0.44995622701626203,-2.189674327032324,1.3297516142444459,0.014226676404651346,1.4411755773608363,1
0.8656036900611863,-0.4059076091884143,0.798402334391719,0.38427819821643716,-0.7806439420360841,0.6534300495607204,-0.6906812144715553,1
-0.648395427797779,2.8154554751225374,-0.88395954176418,-0.29258099054380804,0.3948898598265855,-0.5786184110164322,-0.5934887886991834,1
-0.12453181314839971,-0.019793053068126062,1.4059984136726749,0.7406838646454458,1.1862321514594745,-0.11311360269050058,-0.5276417257820974,1
-0.5574139093998655,0.6169966233871694,1.2596022760193484,0.6451938163961802,0.24086036914236444,-0.6162082707815463,0.9784424087557839,0
-0.3644707971763299,0.10231327368257656,-0.6618681208824687,-0.4642981558296909,1.3146481511097021,-0.028725571155646938,0.8883126629455563,0
0.6310352160606923,0.6592518127050057,-0.27034826437897486,0.5825458976553477,0.24241129144857804,-1.2092179371925957,0.49410116852619385,1
1.1440581667844492,-2.0471641418320026,-0.5790078705326317,0.013824423480582581,0.06905548257748452,2.147978240007401,-0.9433583681421674,0
0.8912583493717906,-0.5162294895325579,-0.3726389204562151,-0.6309558574703034,1.4098797141034831,-0.7850808703648476,0.7428635628036147,1
-1.6373959695241092,-1.2366987610402715,-0.5712491642261437,-0.6971052941414829,1.972734709835277,2.687368613885657,0.5762156938850311,0
1.7667990881286693,-0.6704309608707342,-0.7003008405738761,1.2702028222812334,0.7561240568862605,-0.5889968775806513,0.9893700540963759,1
1.1858149352605365,-0.41678843152211076,-0.04485057464117555,1.0786071741333623,0.6943033953658253,0.5336287008135673,-0.567069194243632,1
0.605839556746678,1.4512582777346417,-1.487300097445484,1.3951465738721474,-0.3852460795682262,-0.5442385302220094,0.44365183824993176,0
-1.013137495233418,-0.9449394840354239,0.13284605358065066,-0.7839794081515107,1.0642738174296424,0.319496420234359,1.1461320768988297,0
-0.7948692970497605,0.5197793748531094,0.9574661566260699,-0.3431004325157569,0.23290920849065755,-0.10855048554855944,-0.022175080788697142,1
1.1120735776890458,-0.5214036844546447,-1.5347718076390477,0.4475098548443691,-0.11708160832579186,1.4886798354420472,-1.03013207926872,0
0.5622395233903279,0.08314573278308275,-1.236053283403675,0.7463557519443021,-2.425637736699802,0.2703482142669433,0.20698568274596524,0
2.1892068511500256,-2.494160552894572,-1.775496308033169,1.699148684402639,0.4147011737782319,0.30569386880956745,-0.1979851209446687,1
-0.5416732471124102,0.034138843946095294,-0.017071747484000727,0.1905494215955095,-0.6766213580214993,0.18580285527615836,0.4173814073169902,0
0.0712594293758874,0.6249983628178212,0.2508073982266699,0.35419137256987215,0.41253161126833193,0.2887734778116681,-0.35202941593467546,1
0.04348005934162903,-0.38437442800827165,-0.6873022145170082,-0.6816425869928132,-0.9360203643706926,-0.025600776639127205,0.17210578669723217,1
-0.7612380427056386,0.30608647063354993,-0.9854414922679838,-0.6007786812806187,-1.6772178974339897,0.5994930439253466,-0.8057451779515229,0
-0.7130075911333658,-0.21157648925537012,0.3882907063072024,0.6559185307724186,1.022569444175566,-0.0457901665413011,0.08569965500932303,1
0.9496699077463391,0.4724455756085846,-0.45205705060922385,-0.09132945112670816,-0.9471691857169084,-0.20543673229684142,-0.6659817534897919,0
-0.2709320282920288,0.5052507696359335,-0.11677258190993384,0.45484473335329806,0.16140958782184806,0.28413609299089926,-0.4619721687841635,1
0.9279477303360529,0.8508377347922198,0.9124905165109833,-1.561509707948601,1.2327948396049702,-1.2608330329961102,1.2010697919875144,1
0.5496018563928403,-0.6922769185000724,1.1068538323697457,0.36246189454611966,0.1959432438686309,0.29475588190211227,0.36719651901408484,1
1.4069129221462078,-0.07619556101842294,-0.08605288728534874,0.0022558265933597093,1.1660735680776306,-1.0202834325986823,0.743839198326382,1
0.07733927094495041,0.16832547988259097,0.2738543248855625,-0.18989361506484825,1.227483321490148,-0.5280254769196456,0.7836985584196771,0
2.2149849744945413,0.8309952412390406,0.17775202364964787,0.14226423949910663,1.4624276868313042,-0.9587221702670636,1.4683056410685356,1
0.7554090822471689,-1.1476742951703591,-0.5196777175639787,1.1319248224708054,-1.5280527191745201,-0.9436549814991151,-1.532023782107267,0
0.3041101708290853,0.5157576966468237,-0.45769750719017,2.503217015634708,-0.8338365684389726,-1.5675314890615697,-0.029315580993100023,1
-0.786701459806638,-0.05364957651784221,-0.21054070995219068,-1.056521794389462,0.672265845532077,0.6421129846308118,0.10547965817345566,0
1.269504501119371,-1.2378751880543766,-0.14945788852910558,-1.7974271901124428,1.078158906423789,0.08114106767635343,1.0656626799557112,1
-1.1181698740244685,-0.14463489977597646,0.7855227895529088,1.0101163104138025,0.10667673564963981,1.0944604290892754,-0.44388386473806907,0
-0.8601111308223259,0.08510197320834488,-0.14267325911719125,-0.6464359670797449,-0.8190839732544251,0.4534269771030895,-0.7351038710540851,0
0.12172155944121188,0.14625041186667512,0.8048164101479754,-0.16064676781426623,-0.0026144169951137558,-1.6966432900760253,0.7325177699132014,0
0.9098845551453751,-1.6587219826119777,-0.4794153128322774,-0.18200921989737598,-2.028376100170005,-0.23385636581394856,-2.073655531285616,0
1.7093001242860997,1.0786256343535683,-1.5439253891203617,0.4240036224256959,-0.9499788345888329,0.5134198543531777,-0.12909501124647688,1
-0.14169106280505556,0.5497126805469598,-0.688826511285673,0.18699684442619627,-0.5531539690619657,0.44059719917856643,0.07615238089009892,0
-0.43715243945668825,-0.3827278275695398,1.2782957035802132,0.8012066463045167,0.4442788260898287,-0.798524994156001,1.6239768309543023,0
0.9060269043153052,-0.7114472486846003,-0.6021804718543363,0.5151351396358225,-0.8282661901499773,0.3318138714648725,-0.3209420308892852,0
0.7128435921313232,-0.9720370603207258,0.17412873155946312,2.336284032550474,-0.6621938679360961,-1.5468308729446207,-0.06316076957872126,1
-0.8614576300586516,-0.4973091503461007,-0.32262711194171234,-0.8535066412203535,-0.8937717438059501,0.9083945874043412,-1.268315227513217,0
0.05340486310985236,0.3201466433096171,-0.029067564165438146,0.3093167570631526,0.8678124542294721,0.30230348379176675,-0.2058453266133656,1
-0.6113825760356865,1.165985648860067,-1.5249832207654537,-0.24334384224443842,-0.5731074796798418,1.5462328264720369,0.48869510003028055,0
-0.04539431242637167,-1.0124963197333852,-0.3078425035356771,0.09657873902148516,-1.5528004415162793,0.6693770434712326,-0.8172073418733561,0
-1.4057637073760127,0.18543556121795843,0.27731583856688813,-0.530842385618229,-0.06860446211263237,0.6004016951731378,-0.679417689073949,0
-0.19979013518541355,0.5696562365095329,-0.14401200038196363,-0.5942238403877882,0.2841376682487711,0.5084983154453985,-0.9545210853917303,1
-0.09810620254487716,-0.7746221781628103,1.1983143387113033,-0.4084161075845202,0.39430687712787765,0.1004634068996071,-1.7912054461038676,1
0.7203349170027749,0.5109381898821866,-0.7983446485824449,1.0524540942815952,-0.8489597688178763,0.024067713292652414,0.26818668683518476,0
0.882242713683035,-0.21513413333643708,-1.4660193460156257,4.691150773038897,-0.5522864623611365,-1.5129032859149538,-0.7691029609575637,1
-2.22903337889449,-0.023659943750997028,0.0033411932913252943,0.7125803828714169,-0.8940397008345097,1.6834320429795098,0.3540753564787601,0
1.3314819334286419,0.2155665215063839,-0.5503460904629556,0.29781728396453905,0.18855923140677883,0.751509811114178,-1.0786155842958178,1
-1.925467393544106,-0.33310995230859036,2.1207631401755127,-0.49313063736154766,0.7233083577667687,-0.08494847273312821,0.11236981128611112,0
2.2216886925479673,-1.9902424846831004,-0.6800564601834747,-0.7796251133408437,1.5799368597353316,0.19065973956196147,0.6970063240989186,1
1.1429849884904055,-0.777424146419977,1.4020932971491653,0.26872437772168606,-0.8973349595165355,-1.1844618737281918,-0.48556834822704975,0
-1.426491594269233,0.49481821231972134,0.8489167169001552,0.6945734591915883,-0.7088199288261328,0.06827258094152958,0.613842527593009,0
0.9317055357393428,0.7017688682442792,-0.262825616272522,0.054454248259489295,-0.19464973126601298,-0.852157787963358,-0.32474006892540297,0
0.3273809862429077,0.030036202792238204,-1.2404184554744828,1.2968684807892774,-0.7903150513065766,-0.5495637241661882,-0.05145466821670014,1
0.7096890580245635,-1.221047332785492,0.46465660004465476,-0.4107910987614142,1.42460413670465,-1.200665938627695,1.2928683727283101,1
-0.8042857895642506,0.25660575301608407,0.25850379338955015,-0.4362765728098434,-0.45909761634421375,-1.5638631100799771,-0.02608366564252932,1
-0.06724676970181528,0.2353003178643819,0.43773464512018684,0.10629391610862557,0.5510770593427007,0.3250220166214708,-0.8142215103098349,1
-0.4695699155551359,-0.021036049519768965,0.5616759083050022,1.636351603952216,1.8171960626461088,-0.6204265991909966,-1.0122215802462098,1
0.5451977302491224,-1.7536927483477627,1.6482638690706106,0.20807716041470095,0.024763582033393204,1.0959554213276275,-1.0006753964198831,1
-0.8597714342419078,-0.6235493679839971,0.6627364836021382,0.7923422968909548,1.408951526146901,-0.37704249501607773,-0.9619831531979498,1
-0.1869181676576035,-0.9860668099958014,0.6519136433181018,0.6772204662222445,0.13566180818834112,0.6048649631616176,-0.6136786843877792,1
-0.3276618449247989,0.33409848969610206,-0.8077243074367967,0.4148295529695517,-2.155490583023519,-0.0040314764610883255,-0.12536103417471364,0
-0.0672986024979982,-0.4037296277837766,-0.08212038890693142,0.3183628523662745,-1.3014024478262762,-0.030028792484993745,-0.6121261612639999,0
0.726630916970789,-0.24087255477794328,0.06631388863328196,0.6874813648944739,1.6609224715973108,-1.8313162618157748,0.6262995924915608,1
-1.947962386379506,-0.6729362108929928,0.0028648596621764595,-0.7716709486877572,-1.0063544233909263,1.2778538196320295,-1.30658105209828,0
-1.4894563733336832,0.6648805193442592,0.6641331853672061,1.425657075104956,-2.410696039544514,0.7038000878030951,-0.5306317296391424,0
0.29273646326277314,-0.08305077879161508,0.6879442150062218,-1.3200294498766492,-1.30768829611178,1.3598730181380374,-0.60816494730254,1
-0.3766397310052047,-0.05023978077850575,0.6190967382380963,1.3016144884717686,-0.9623083155443417,-0.22599604218584204,-0.36857895376481187,0
1.6859971559859854,-0.7495167133700082,-0.4122081857023029,-0.2892675022894338,0.5884448959592348,-0.2625129544344758,0.4843997812037223,1
0.9611746277765397,0.3592798452711895,-0.22374404804552722,1.4633841768390887,0.14204677247533037,-1.3446374147268974,0.3957079607542683,1
-1.2874174473725217,-0.4236974081280145,1.6223426388597824,-0.23692439246790556,0.7341062402132451,0.12090826481447552,0.4902603296412438,1
2.0860332392999146,-1.693966589044522,-1.4261594396643051,1.069724804356928,-0.22674486580344866,0.53066953989072,-0.23672696904874885,1
0.5559580150920108,0.043722886018629274,0.5387328211894138,0.5143683623270842,0.2595499151786103,-1.4557873441050946,0.9836678205446503,1
-0.8422671081297611,-0.9764065774192858,-0.16547975014686717,-0.467493233516148,-0.5272149645861333,1.3799089277273917,-1.2247168610327435,0
-1.1332659559503775,0.6092452614706922,0.5150334232061088,-1.0465933470026,0.45717479729302507,0.23204930287523198,-1.3717224793098046,1
-1.5761682776075023,0.3325995902359334,0.8165905876688754,-2.043239230548061,-0.5429039079455928,1.2780469134632357,-0.2032062153909524,0
0.7565417477670459,0.07336099081865761,-0.6687173567809461,1.7812375699823175,-0.3879879384485075,-0.9911146437085655,0.5776171313491593,1
-0.28117895358144573,-0.8070493250974421,-1.4759977185000126,-0.3290320788283251,1.3388104039457414,1.7257074910096701,-0.1035200075990413,0
2.1415014603464524,0.43202112887092387,-0.8272780167624645,-1.6435184715098956,1.5843581984316168,0.27249726030855037,1.0877054072024135,1
0.32051187162449196,-0.592186572130586,0.38631443817264405,-0.4640833496833415,-1.416715247970339,-0.1823208896563776,-0.794034478155115,0
-0.6033172159353847,-1.6647302948967677,1.4341401383628993,-0.2773616833709837,1.2879944616761922,0.2517083199309471,-1.5263706713628746,1
2.3544874880042648,0.4213902969108779,-1.4680689141966785,0.5014507461800201,-0.36251141933596215,0.5139426187966692,-0.41811455886965077,1
0.49160500111669414,1.6244455562195799,-0.5564710673619164,0.24678284375427081,-1.9144498725642969,-0.44453920783528106,-0.8793076871023043,1
-0.6083309138291536,1.7943454996304147,0.1329748266473845,0.6948801260708509,-0.9402344308671694,-1.6770820897811962,0.6284015453346603,1
1.1207673769591788,0.6836856729852353,0.9653759537795603,1.653100520291504,-1.1728173708206395,-1.588929915167022,1.3038561337936525,0
-1.4307993468671143,0.7756522220098663,1.1654642413032004,-0.6840969162292554,1.1449601084815206,-0.48245539996786685,-0.8519213667387403,1
0.15858681109587247,0.9842644707021616,-0.8500278484669582,1.5323664544644318,-2.5049914820144354,-0.5614663720735734,-1.0965577732196263,1
1.5861545671774355,-0.21348621974202425,-0.6967331811889208,2.0125253561599754,-0.20694545095793268,-0.7738058396875803,0.31869046217641245,1
2.6087526642284216,0.4169118278536951,-0.41114799584367023,1.553750329291761,2.013618541923582,-1.4058661525616436,0.09742823091722409,1
-0.3868917578552795,-1.2421195014097643,0.6504093787738948,-1.1916523598299458,-1.9759037009560207,0.8021192705363186,-0.955683910043386,0
0.503405535428835,0.0004986308932741204,-1.7982872040206614,-0.6333563543915705,1.1353410894469078,1.132014393387512,0.08512185919263389,0
0.2590190787009029,1.1957205019503268,1.528171417481778,-0.5263226769186181,-0.12980279558441754,-1.7213302825987333,1.55681480493519,1
0.579678682156187,-0.34213127376537295,-1.4476057267363067,-0.26571159325010457,0.771912738459387,0.11854653555778974,1.163792464889826,0
-0.23828267869027375,-0.16445392449593316,-1.4273966058219563,-1.2357805724053756,-0.38259069031616816,1.9964676500580878,-1.0507599306825834,0
-1.7932055584947717,0.18325995947870352,1.8587157716929377,0.7282762600458165,1.4036808729272745,-1.0701264298381747,0.1605767916584255,1
0.4023785046981403,-1.5766708648264023,1.5324568851077607,0.8959654940096958,-0.5401587200514911,1.0211647118716547,0.42064976742870186,1
0.13035083519558877,-1.7030191240182693,-0.9344553523931487,0.9406869325122063,-0.6700634177272213,-0.6040015497396007,-0.5560072476948067,1
-0.34166545713818847,-0.05423185709636298,-0.2976463500861599,-0.41914173919259623,0.958510393983999,-0.05961458352296218,1.0430475184933246,0
-1.4246643207190774,-0.6812000819236668,1.6166295534244133,-0.0678818652431508,-0.0808093965044718,0.2356958429717736,-0.6163566900887759,0
-0.9281877948084868,0.48182564208085726,-0.629811341080993,-0.030156290803367965,-0.965351732952692,1.4669370393516554,0.46626863933550605,0
-2.0920374976328104,1.9894546127897321,-1.5550329812241714,-1.4222671401532678,0.44337324704740866,1.9101848114569215,0.05565650563337475,0
0.6001845133089958,1.8397914724244864,-0.02198486108466905,0.16516543386911556,-0.3910069594225488,-0.9594601410796713,1.211915756695203,1
1.2050515122201357,0.7264971863582926,-0.9671180537990699,-0.8343492379938832,0.7492917240825507,-1.7394365805322778,0.36176195880642165,0
-2.2239772665105346,0.013672302971627472,1.6089016719872657,-0.07862605458224652,0.9848299687472293,-0.05183848149637637,2.429974265742489,0
-0.649843405273595,0.38710666005353733,0.9884780361491634,-0.3245485227467653,0.5815268872434151,-0.6314831876741183,-2.0692845997117937,1
-0.5444884642533471,-1.0786546446311756,-0.25683372702570617,-0.4658205568510059,1.0832789848059425,0.5112255419679544,1.5445646326107545,0
-1.0020800797284035,-0.8848674883554905,-0.5096429438259582,0.2874572679513381,1.0557339879072007,1.5822962511253145,0.4942121343745234,0
0.5889048410297053,-1.9976444541498455,0.6814276472419329,-0.39048944133414715,-0.412380921240894,1.7214064356874124,-0.5933722474683925,0
1.6454323324335878,0.3416704207215454,-2.110978368878819,-0.7300837213077035,1.7064988186821821,0.34108164508839756,-0.26152050761780365,0
-0.8966321952699913,0.7799943907525001,-0.42250333611901975,-0.6696701451144396,-1.3413770196627663,0.8970846982605026,0.3026887608960289,0
0.8540903501166212,-0.29802168883017927,0.741313353048235,0.23879653180009364,0.14796017547220916,0.09439765124236431,-1.303586025562051,1
0.4071775067795909,1.1994812411991724,-0.5944525672371095,0.20437811906688116,-1.042881464533592,-0.5018609808700267,-0.011701795937547223,1
-0.5614494344708192,-0.29514952700063307,-0.7901310038599237,0.329705265013683,-0.2711687784365294,1.1271028910850633,0.04555332104079088,0
0.8553307217484517,0.09491393177603386,-0.4130147288319048,-1.6988532430807233,0.6164274774837266,-0.15441780018123347,0.6778488496916959,1
-0.4912791829361789,-1.066462258888078,-1.0936098684903246,0.08538952333360166,0.37754310841879907,2.069045869217604,0.2449200408419524,0
2.626402451134386,0.29531996777451675,-1.7484434083261011,1.480273891472571,-0.2284091705840519,0.27352919083554994,-0.6140034885744832,1
0.5582592413809262,-1.1131076485991842,1.1722903239083318,1.820471083540967,-1.501400743759472,-1.7621151856495716,-0.6804633107677336,0
2.08846561851534,0.8039294623035909,-0.7279838026501096,-0.861584607227387,-0.0334689206733647,0.2703709525257165,0.05131072111064535,1
-0.4440977944710651,1.3650043149635904,-1.246179321234469,-0.9717396674054852,-1.5175204115874068,0.6305448493376559,0.25501293974978634,0
-0.6366033619718973,-1.0748074687672837,-0.6285218713926006,0.3146833194777352,0.16810727727832786,1.4689026216888714,0.08793703058377317,0
-1.1224717491231924,0.9137260291729135,0.9460119363141426,-1.6895350591845102,0.5566093167994103,-0.11230878696617524,-1.3704975575442908,1
-1.3043389914551449,0.8263209053023158,1.7373327454986036,0.2723761499151649,1.1035598571267808,-1.007819093795465,-0.8537748320569515,1
1.8432197749143768,-0.5455944129927023,-1.1283346244133026,0.9316092051827554,-2.0979136403147822,0.12593162552341808,-0.05845533591394577,0
-0.7928436119524532,-0.41474593306598,1.5806864195706576,-0.19786536961613718,0.14375339074683974,0.23044573286407113,0.13202922654031046,1
0.801768360217168,0.38331281654336047,0.0826004013363471,1.9856202124814357,-0.6193677379960432,-0.894362668229364,0.7436626247977507,0
-1.0499677367100855,0.9703148172794195,0.11275160400306511,0.11009237270177454,0.3753668664432666,-0.11094143911686005,-0.20045548180731143,1
-1.7528602294591393,0.17169439920236507,1.6423850100109516,-0.6665600891890892,0.30378967189184325,-0.18936431255916153,-0.9085170997007099,1
0.36133070015889945,0.6981617319937284,-0.5384173641423473,-0.1704073909951096,-0.005239540397051486,-0.940476122139467,-0.4946077757273123,1
0.9760686127085085,-0.18698774466659476,0.04697792833574642,-1.091964720163603,1.2888813279041884,-0.9621954320932923,0.20791196177124874,1
0.07298379238554109,-0.2896599187028454,0.965274343129651,0.5906724669721224,-1.0546075247280828,-0.43467484964255265,0.09357533779183949,0
1.264049885833473,0.3496302946510378,-0.7616749902627642,1.3956099127866461,-1.2783022448282164,-0.26891062487081857,0.7018385439138132,0
0.005380869660958369,1.1247951890220929,0.4120377620182612,-0.009071943841068287,-1.2193971358576376,-0.8018318281018,0.5713757144194912,0
-0.6676430584869146,-1.2090800617641118,0.38773648761189033,-0.4949800276132148,0.9603469224004757,0.678855690893664,0.5323433638611023,0
0.4400482583700746,0.3653557104553325,0.13519543651206378,0.7031230812036773,-0.11886956437870574,-1.256229575795444,1.7041467646345718,0
1.7464727655959518,1.0895346224092328,-0.2834140199452501,-1.203764313597333,-0.03807321272026102,0.2510117539160621,1.6787923697036518,1
-0.5144496683532835,0.2679778273271036,0.7022968121550193,-0.8838202868260795,0.6001211475326541,-0.24739191526482027,-1.9831580899026948,1
-0.34389033807580066,0.4869627558093583,0.2347324908005193,0.4896030015067357,-0.94950131659966,-0.17258462393923807,0.38055010370596093,0
-0.12274593273196713,-1.5241081358583062,2.861801063727096,0.2822292944924127,1.0753232935920354,-0.5088727800643966,-1.2997763068105268,1
0.5249449647019035,-0.5277154106321492,0.9719326627445827,-1.0602849115436792,-0.7783819491154716,-0.8117048573027478,0.6610826796697394,1
0.37976393483164705,-0.5315276520591032,-1.7002337263132699,-0.8246362310473377,1.4411567759067385,0.6483389317638647,1.238426072700992,0
0.5998535541302653,-1.7311329273199667,-1.0384580195809905,-1.7582208963172572,0.628044943021926,0.23752526034079002,-0.0484929882695526,1
-0.9189147041877449,0.44364501249163696,2.102570059775638,-1.4960868614308642,0.0648139392114937,-0.5154012133588042,-0.690819780880553,1
0.09277733653783646,-0.6221377287491183,0.7792234170704154,0.9319739341914562,0.2751579413496411,0.6150171849578842,-0.341836894394147,1
0.05867348813057715,-0.6640576094148366,-0.5263834862859512,-0.2373671403472411,0.9972982851981598,1.0764604732967074,-0.49126851791079046,0
0.6236458258017108,-0.13064168929775297,0.05426997792348872,0.8918914808746427,0.24318959466684156,0.722742966530017,-1.0420493317693902,1
-0.4297260829863231,-1.5689911114184782,0.8530537964763719,0.6168693202345131,-1.4635202374832998,-0.5088418967656662,-1.5139588044147623,0
-0.8847232467889622,0.13391191866536523,1.8600615720645004,-1.6688900534440603,0.085599933998111,-0.09456443147852148,-2.1792977193675753,1
-0.29196313273505103,0.6573387072271699,-0.1982666591741424,0.5263865061548172,-1.9628926169262646,0.21768377977388031,0.8911758991391271,0
-1.2315599542724862,-1.356173513191284,0.9178952141724727,-1.173027260376747,-1.0237616125801337,0.26294259393568337,-2.126856589158189,0
1.3327181914376611,-3.0668910515576053,-0.24477393487097326,-0.19423525179107887,0.3735119937416484,-0.374757648343313,-0.6715983227736706,1
-0.7969843424829561,-0.5532650667250496,-0.39997528626132905,1.0881272388327945,-1.7771280540010093,0.2368843861499666,-0.5982652964029193,0
-0.507692765094043,0.9962215948952895,-1.7941787817188222,0.09210688103113325,-1.4364273239281202,0.7847586435694053,0.06502925302735707,0
0.9361571147518333,-0.30946008967927885,-1.1514792978604556,-0.13540115096043512,1.3704508009120981,-0.3781971596503142,0.8415469488025403,1
0.4215368570314307,-2.044242734478951,1.5109218497542496,1.943398641246061,1.4121324019149346,0.30555698530257547,0.5511020775481231,1
0.8778845271713666,0.8630353525521743,0.21695218167702085,-0.6138319807468192,0.030686288097719394,-2.7231502788020823,1.8621401913786284,0
0.5916753717367075,-0.28967931881404374,0.052712125672151944,1.408587569490174,-1.0376997105812233,-1.1646470084356035,0.2746160314114996,1
1.169373509129231,-1.3162390446137384,0.7867448144828164,0.7428591579881328,-0.7240639348391917,1.551570746074295,0.7605680637212066,1
-0.44950964541563626,0.333999012065176,-2.255681226986001,0.7014257554473624,-1.5924894577749151,-0.08347459710698,-1.4174138525193503,0
1.5730951118127057,-1.5905460854880262,1.7439138280593642,1.9677794624179317,-2.5210071944695214,-2.399811101759595,-0.4494858191442018,0
1.1791394319183277,-0.21972205326398261,-0.09039371100094876,-0.7043569739499431,-0.8772172328630339,1.911231549644159,0.05041835844231572,1
-0.4718308729334702,0.9654619365039249,0.36191596196743053,-0.7216913379192822,0.8581756350263584,-0.7445858409057955,-1.3590740928062297,1
1.4200602272209322,-0.8910578609647769,0.07728339700520634,0.3553312658214731,-1.836542837437559,-0.996483448209863,-1.0681929452671215,0
-0.2950685310324034,-0.2858077830693039,-1.0333434983929237,0.15959928551263264,0.7112569107166739,0.9383359308539051,0.39352731690053916,0
0.545275689615164,1.4894496429803628,-2.391715623006154,0.28096078139078473,-1.3406515891670716,0.5559236211519033,-0.9282357821900654,1
1.3147867691420916,-1.4296368956674959,-0.19834517216289596,1.3659429213280303,1.0961273621367589,-1.2170126870878581,0.9018489170186784,1
-0.4901842720981656,0.5417070047713662,1.0571616003958033,0.07550159450281566,-0.16851184705361003,0.17275207146228783,-0.2739949684491007,1
1.58820251377275,-0.846510814730402,0.1400891009960448,-0.23378685878536543,-0.8710910429982518,2.0370880792059256,0.2459010787311465,1
1.155952891989044,-0.16719213757740434,-0.18683908565105514,-0.37436633723997825,0.10766851532453274,-1.306858173847723,0.5526351953830736,0
-0.4394834887277343,-0.8096257028246996,0.4044135351988969,0.3967071799481352,-0.4004918246107373,-0.23629433219654578,2.019893251923057,0
-0.4725647217297101,0.24330288028085745,0.990932251246384,0.16135046781557752,-0.00543440408321729,0.31855929255274584,-0.25393967070308804,1
0.5221651749494985,-0.3375113978852444,0.14070965438160363,0.23235536280036387,-0.9607085569830988,0.5074907602933962,0.3610586059644835,0
0.141877946220935,2.771155003683318,-0.3708833514012039,0.07312439113662532,1.3642623750267522,-1.773316261241725,0.9238125579249628,1
-0.37733524812628216,-2.0992686050686884,1.5836871601524551,0.46547017359679754,0.2757236725903446,0.9090607240748478,-0.23922908522697145,1
-1.262960809429965,0.278821870062171,-0.24892628805894135,-0.7757963389214502,0.3272029895162388,1.008168394045064,-0.8517193541648316,0
-0.1267402338509434,0.8226352276057298,-0.29495582386848435,0.3221769966884148,0.22670195392364817,-1.4819728100719152,-0.07266553816141323,1
-0.5529991456928187,1.3736095677572489,-0.6030319323112159,-1.3441088039544071,-0.44501531365169195,1.152733178347276,0.4995170667029522,0
1.0139201307571406,-0.5997975968559204,0.758879836758343,0.11687315053104122,0.5626709124645655,0.6971207058848872,-0.2923282722064336,1
0.47915630595156045,-1.0408404591585132,-1.7544026244785937,1.1089573130228882,-0.6944501829916491,-0.21481171382857311,-1.2621830391612852,1
-1.0241243342757833,-0.5337747842543862,1.6167190352266514,0.6509164500631587,0.2876856287867021,-0.11148307280512208,-0.21895283083630798,1
0.6615172608235438,-1.361322600177123,1.407207649895323,0.29317531474643815,-0.41634399734778593,1.0966207007658852,-0.09995090627590762,1
-1.2559451071837608,-0.13952076908178232,1.5428902717297726,1.8122323290021198,2.173210557445918,-1.7240646678373954,-1.048802240979175,1
-0.8865799234998799,1.000184959747924,-0.9398414467532856,-1.5599309837610833,0.1391024093066327,1.326916598965161,-0.4750614157863202,0
-0.3055371162604943,0.8580083840492987,-1.1761810931288939,-0.23769244406609674,1.3727830864546453,0.4989005762192751,0.37741600545911047,0
-0.27876571957804863,0.18080620976129264,-0.7557698496292906,-0.962668653614427,-1.0814806529319967,0.8449198135934781,-0.6819525413079581,0
-0.4720833208168229,1.6562366743581227,1.344108572125469,-1.4325875591183697,0.6493169166583553,-2.1306147386396033,1.2860715255040303,1
0.9786620111723437,1.6808758027884279,-0.4216956473783917,0.9448283960400997,0.2634072800390652,-1.2312365550938742,0.18742370917439202,1
0.7700133580606787,-1.796145514207649,0.9508772634088394,1.0376151824657673,-0.07663006006462775,1.4495195662043727,1.1238675013823778,1
-0.350172459919028,-1.0689113897692686,-1.4095501999903577,-1.5671348242633223,2.599227028100589,1.2652117894393975,1.406594375246119,0
-1.6017596159503746,1.2843047066208801,1.0021464181428452,-1.8982327351231156,0.41882450142361005,-0.10209095569682737,-1.0209954414058997,1
0.45023834590333867,0.822801210983333,-1.4237713135484917,0.935156744347515,-0.5619543671623305,1.1374036674426948,-1.0872433957475032,0
-0.35112360282501026,-0.08304988587072888,0.005803057299574031,-0.07710199798240872,-1.182716853399701,0.08632578541957785,-0.5663171376249762,0
-0.2860557823988042,-1.4323202734158307,-1.8443325944892752,-1.2031946641632003,-2.094884385762377,0.8513709162174126,-3.0926524994859443,0
0.47608079329624453,-0.14302806054232944,0.36676752936710516,1.6685392660947067,0.8988546541587359,-0.005538561168546788,-0.23528974807654326,1
3.3266733693486628,-3.1304716724596333,0.3718796053143711,2.51475995069848,-0.7898299019028637,2.5656708892358226,1.5273033001782432,1
-0.7015058913106211,-0.4779820469819217,-0.23662981802338895,-0.4813927695079096,-0.8167733084367179,1.138042868777057,-0.7291494972060679,0
0.8410845781039565,0.033647416506696004,0.3128510097229225,-2.181004764307209,0.8103514420535408,-0.6141074772603633,0.526967050805016,1
0.9396251274901234,-0.6742039094077534,-0.06859615300851901,1.1267158079872854,0.7445958994684424,-1.4536852794050383,0.469456712896938,1
0.6412067907248096,-1.1351365270040545,-0.9051468187519331,-0.32254248968014565,0.6891006377965143,0.40000274358109555,-0.3304140359232316,0
1.4053532737529035,-1.4340126344889301,1.0634758838505864,0.37511730211949135,1.7510387511730334,-1.8681791374237897,1.2296827424721775,1
-0.24649156287114007,-0.12462588584382182,0.35443934022626744,-0.14334342224529464,-0.31475445386272566,-0.7192199887216831,1.3813055709309054,0
0.18126303465443952,0.8248344748891239,-0.21504950270313894,-0.7417117750584021,0.4004544222947482,0.14243110748548055,-2.5122837366981354,1
-0.970108370376622,0.3365730051316891,1.2160292377721593,1.0775889021174554,0.23648992627957638,-0.37030914373985196,0.8809575465416484,0
-0.4462167869561557,0.1611761314717998,-1.5530982049162954,0.04773517511748733,-0.6356281860514842,1.00357847065858,-0.7835187522336815,0
1.14183438709468,-0.44692912464819584,-0.4154201642855376,0.5627182694903385,-0.2386147800250823,-0.7662730614612543,1.307527142035153,0
-2.0390614056769696,-0.2749593981161647,0.15412756480199424,-0.6727655581141194,1.987771961733322,0.9690765849644405,1.936120238940551,0
0.6930249020366938,-1.0011745574555722,-0.9166677662701154,0.9347416752039069,0.9558291438786423,-0.8233093484183698,0.8848116185461505,1
0.04467463337052986,-0.6086061852191348,0.7166536121097348,-0.2570583126373158,0.6185169772622869,0.5045755913346734,-1.4676242220550044,1
0.31425632280295146,0.23610154201978173,0.9521954114912369,-1.8037630085857674,-1.017726719464657,0.7539091684390758,-1.3244239274481735,1
-1.1997389816785848,-0.3942090854990764,-1.4631643035641793,0.046711943492910205,-0.22584241364521504,2.216676117642784,-0.79146996054442,0
1.5556732252498602,-0.4091022971641612,-0.7970003853076907,1.5310285823865437,0.686670110105849,-0.8340198337817812,0.21588963679510828,1
-0.6160450651578575,-0.3389984883105879,-0.16676728043529856,-0.8873930031851911,-0.960693884209213,1.3235286474840875,-0.5492750022877454,0
0.12523062799406576,-1.3956509979720908,1.2583308646428906,-0.19707009112758364,-0.05158814518658766,1.2638858047797679,-0.07411668526534232,1
0.2849492431736696,0.40094044294183884,-0.49159678804018153,0.4863347569421468,-1.1427684165165433,0.14291681517111385,-0.20556756240534854,0
0.25659073896073276,-0.0567053328723168,-0.7624583275575072,0.7232863335492686,-1.334476576318398,-0.4900761946620605,-0.7744090508343661,1
0.20540291215290343,0.9284765196105311,0.07316103832462993,-1.59944900738423,-0.08264841121753226,0.2837866212205028,-2.336482489074834,1
-0.4705839110460549,-0.4994503640160931,-0.20496740606073113,0.13114816574521007,-0.3642291399349185,0.9944250369875495,0.16372766061021407,0
-0.6080845423901587,0.8543315375276034,1.3365378861379633,0.44447053837551953,-0.9517716963687981,-0.12109335045315846,-0.7774100409725966,0
-0.15703173610647073,-0.4663003045854629,0.4792193962122276,-2.719884826872772,0.9035178378995243,-0.7238513222402533,0.6322099491643222,1
-0.918260002684926,1.9506877718968312,-0.5600107257262926,-1.891639385459588,-0.24536583936136205,0.7613180000572924,0.33225188605342115,0
-0.15379942434739613,0.3093556819113441,1.376832694559956,-0.8243417312092046,0.3867387955190004,0.07103970103656765,-0.7418343896189167,1
-0.09483951451718917,-1.263657044165005,0.03952410600538657,1.3706665248923782,1.0661792628636002,-2.092578011224504,0.19195954541185256,1
-0.18816938206395417,-0.33393047916563723,-1.3505762109992987,1.092543063721713,-1.107320609803745,-0.8957105376495724,-1.9159233307867563,0
1.9939836008288467,0.6362360868785769,0.09334971749978987,-3.611007840640795,1.4510006861075895,0.5786373215815175,2.1614187688540456,1
0.21466918328723855,0.7099812995388649,0.5778484620724036,-0.9536722221035441,-0.5263836002972329,0.7246279535661659,0.4700272572087051,1
1.3919083257713232,-0.38150439670044833,-1.377248260459521,0.2673231261353842,0.8491138154222666,0.03282600397146455,0.6648921381861871,1
1.1849541145199958,-0.675960665062834,0.20216873845630087,-0.759650101627421,-1.1276187642082898,1.7817748292053008,-0.19037785808225394,1
0.4450593642324099,-0.12740846273167306,-1.3422853050123016,1.8975542187713448,-0.9785068348570968,-0.703301185856534,-1.1650678216758275,1
-0.5609475312367782,0.2181110007277167,-2.5822051257506047,0.6965992002706467,-3.0411265316478957,0.9444560991547907,-0.4642980110122036,0
1.6404456064962394,-2.0685469570081674,-0.822985917058262,-2.0311884205810258,1.0251261211749783,0.6587387955278189,0.326428312801541,1
-0.9350743748312919,-1.1992232485957652,-0.300279191904039,-0.2578485345913794,-1.2582978245952776,1.083577298644524,-1.4540386607821179,0
-0.2697295690361582,0.04684654869429021,-0.45996126239384905,0.38501157388994756,-0.08451038704032902,0.41282295059024043,0.20059987421812533,0
-0.3567451848287027,-0.463755684869585,-1.430046620472744,-0.145509508347802,0.7778398918860893,1.1105134690835774,1.1462626186819398,0
1.560980130251325,-0.24478763571418088,-0.49535157505351285,0.08673767382451508,-0.9952233879212167,0.2338766926526002,0.6763306595854031,1
-0.18800786675795791,-1.9387087933362261,-0.9453468881297218,0.9168951829982767,0.08507825374648065,-0.9778784112735653,-0.6124430233036933,1
1.0654468484434336,0.010949079097060919,-0.46875558612966295,-0.353618786833065,0.7625030496717647,-0.4773635711003279,1.5841963201931588,1
0.33288477180116105,-1.2742685590617393,-1.0243946248271756,0.4561656084909393,-0.10497298666283701,0.8591698285166819,-1.6455407765151728,0
-1.029999950502775,0.21180404449612109,-0.8338562007830976,0.42821117225805555,-0.7235066174997176,-0.4903656025638943,-1.4281218367024762,0
1.5851480506684308,-2.6715214566217202,-0.3065491864692479,-1.6062202351694987,2.412417802058876,-0.04778369400971285,1.6443026513577572,1
1.1585945631220853,-1.4050221908088993,1.0139193660893209,-0.3659320933004923,-0.49023124675501595,-0.3456218460915395,-1.201784627067323,0
1.0283496966550056,-0.25392133282554374,-1.2828285316336048,-0.6563941457491042,-0.3117853282825786,0.11979365911799622,0.6898058043951217,0
1.9853639115178803,-0.40242951186990483,-1.932933929234609,0.8491610512240114,-0.5404125009529676,0.5068790778745691,-1.3571314128363394,1
0.7625250486971898,-1.6490988924222276,-0.13001417383044286,-0.4648542256714105,-0.025403432233929303,-0.576704177264341,-0.4896857236171963,1
-0.2503658989897733,-0.6331615127120588,0.5194599086468923,-0.5418944997341736,0.6024831920699516,-0.16834534748347724,1.0147628054971145,0
-0.22309107643757756,-0.0005844777707593689,-0.8624186557586749,-0.66378089168729,0.6667100823385618,0.5944807509542407,0.6113839166521866,0
0.8746293466353652,-0.23370347156672627,-0.27613851269226153,-0.12281158666429053,-0.41262611112249725,0.23285031786541013,-0.6132868514192074,0
0.2138478278439879,-1.3397319904467524,-1.6971573671619433,-0.4486948121674233,0.7393226155010038,1.8285532574280574,0.3162718065631746,0
-1.9555426000710554,-0.1759661805174658,0.48619536223979065,-0.20135310483746355,1.618564983807528,1.2792102176329458,1.3802683507061522,0
-0.7371170435924382,-0.4846692388990359,-0.40942764608590576,-0.44155563686608845,-0.3791271357445658,1.0657323274553432,-0.9998299504859418,0
0.38671756669740454,0.15808198201689883,-0.9082047621029925,0.6774383761328935,-0.9379574721867875,0.23161784193452972,-0.16603754425902806,0
-0.9083167246878309,0.25270925107848163,-0.5061230977328439,-0.25928920576600756,-1.323582705265051,0.7742399003094351,-0.2628612728617718,0
-0.6641531920621707,-0.5494094805454821,-0.11444104918485509,-0.8735040648915079,1.0056247980280515,-0.22299476646146163,2.3454072418860226,0
1.7708778501010718,-1.1835331475003101,-2.824084606043737,-1.447009885899277,2.7613163475944935,0.8040117294157237,1.2500686804964485,0
-0.054049410850064414,-0.27413237978671695,0.7459517389256084,-0.5463721362138342,0.2892812452217332,0.5525617419069251,-0.8352630667631363,1
1.14182797750849,-1.2391744510102547,0.2040116917739378,-1.3733778742999105,1.2908914979265467,-0.6446737291501505,0.5231266522814252,1
-1.0667590792524335,0.08795583640392579,-0.22981338193700124,-0.022816919497620738,0.4343497886873643,1.2892898398059185,0.16189868535618118,0
0.7809732716193875,-0.024095035999939004,1.1304542658379617,-0.19158630334830534,1.5688404997064194,-1.9010970355559675,1.8444558224172103,1
-0.5251906920633173,-0.6451224877045613,0.14926329523402254,0.8144476597250863,-0.12709686626743547,0.2717761578208835,1.4816749915503,0
0.8583921327919839,0.6412337413507363,-0.1263491153584152,-0.0925309157925718,-0.33760130931299387,-0.5729071515667695,-0.6676944183590855,0
-0.9419628033213161,2.0864266259099655,1.3655325439927666,0.5357791654277279,-0.41468747864151834,-1.6589197959648585,0.4735897853445754,0
-0.24592622431503908,-2.0006979657137007,-0.6205951821427168,0.4040238392537234,-0.9371602958795924,1.1434871902651647,-1.9296987721803889,0
-0.4900199799140139,-0.009590943022140083,0.45181508392869213,0.37249977545954066,0.9750543870399505,-0.11345305012460305,-1.227047373271667,1
0.9430540273930929,-0.180107323420864,0.47354962867867023,0.16911636404159103,-0.04829896519600426,-2.159595394656769,1.9464927985965503,0
-1.7730968642579608,-0.1861503434780591,-0.20935529563939556,1.1060069765945755,-0.7007025772914418,1.1695877091569993,1.6844327592663477,0
1.509973639122005,1.3148482956415475,-0.4131116586511513,2.7818091038785635,-1.0824488834836725,-1.0517450350337727,0.6864460519997783,1
-0.7206470053816803,-0.5508246714824593,-1.0097977544582692,-0.8784586697663702,0.7224594178978498,1.8809175486123093,-1.2366004052697175,0
0.13821932935974687,-1.0925659386721822,0.570035165134025,0.02970486238214206,-0.03044307884503278,0.890546176084,-0.264633844888541,1
-0.7759800502135944,0.3107644962692374,-0.6110877026653306,1.4805175829385653,-0.46383133720212566,-1.7640239932868917,-0.5852757180130609,1
1.4203698209383075,-0.06380799650684396,-2.6130561056473978,0.7478232181192431,-1.5955546143274872,1.197672154195994,-0.13701603371037638,0
1.9055072473928512,0.2439061001663701,-0.29435262875646767,0.6946657282957857,0.9934113665351587,-0.8501216826706426,0.5766436895749067,1
-0.5606238667154061,-0.8183723330935544,1.9032686808242787,0.7325707245435258,0.666826760648928,-0.24919530947388746,-0.22455812089678356,1
-0.8466880114632372,0.6184190507298462,-0.8659125612826959,0.6898047730053612,-0.10328161845969841,1.2275360997621023,0.42298889728819544,0
0.8898550489309237,-1.5684774209012624,-0.5109747588830611,0.6726373416670376,2.0407635431625,-1.3947537847708953,0.8390501150645617,1
0.49523484977083143,-1.0245270405889835,0.40957171477838344,1.1711539971736444,1.0440430880604572,0.3672842108915442,-0.5103273627499554,1
1.641915773933336,-2.055968961819309,-0.5858565547452237,-0.24277337107890787,1.7676081656034581,-0.4220698943446154,0.623636947770333,1
-0.432559409362181,0.7899737545025882,0.16091277732167902,1.6554945410000985,-1.167956474182531,0.669213627905993,0.30358730094781683,0
0.5217968673339597,1.8476503376447218,0.985208958849467,-1.003410983613149,0.22503080429862105,-1.3278662418852092,1.6275720994121083,1
0.15994823070008338,-0.665848682579697,0.5354328716299929,0.206491610796484,-1.210428816522119,-0.17385703878469203,-0.5155628800972891,0
1.6229806229724004,-0.5978572991272084,0.9847102997133567,-0.9194144681925923,0.4158915483706656,-0.6202684603783444,1.792394746339567,1
-0.5841993032609186,-1.7327423441602001,-0.3942804311855934,2.05165370876772,-0.1315669161637996,-1.8352034398604458,-0.3884686528869822,1
0.9012931191859007,-0.14331051389776545,-0.7030633713291744,0.15477134272877782,0.45892696159829943,-0.5408951366810506,0.45278366626699185,0
-0.9392291244713694,1.7955859259685134,0.014969832366864286,-0.46784081164359426,0.3395651930136063,-0.7048396424904391,-1.2977971507944044,1
1.203808438379871,-0.19254340225989353,0.9542319370143847,-0.7428495045836169,1.8811258749268702,-1.6342828403072376,1.395356634925859,1
1.6096380398679764,-0.9562093370131581,-1.6323498459532355,0.6509116978472349,-0.7341999570702928,0.35412927202582123,-1.3911239309746042,0
1.0326773192311585,0.2895269081188026,-2.0211858047114837,0.935495656166378,-0.18193979691120302,0.030045143622368306,-0.4369507586172743,1
-0.22536778442754804,0.06381011919599594,0.17919866354715142,-0.9172491382540164,0.32132358104871356,0.81254507691133,-0.2522903581434322,1
-0.28116865281511016,-0.8103122734406291,1.0833826314489443,1.3271441742350796,1.5796478516199914,-0.046739749962189686,-0.6013979735482038,1
0.37032698333577135,0.20733343751367833,-0.6939265887088244,1.6923956829476094,-0.8063817167631366,-0.8261016648469812,-0.4068345983708116,0
-2.032425003160266,0.664414390913689,-0.6161007945232188,-0.5883455317386745,-0.9291854237884472,0.9796128324055063,-0.4628031804406579,0
-1.8631739871725597,0.9670177980724318,0.7036206275092285,-1.459495577787767,-0.3971390110467168,0.34056953390268196,-1.149702034431213,1
-1.1012382761599717,-1.4737531325510818,-1.459229055513254,-1.3459783326831827,1.525549876377877,2.3876427526418773,0.9455996774444343,0
-0.2326193213274334,0.07438137834684676,-0.46625491351767917,0.9163954626922847,-1.5721873740927883,-1.0727447617267174,-0.9807360653966232,0
-0.1840111876955593,0.4426721608244447,0.3848655920467121,0.5052850197143006,-0.7886226086517218,-0.9642054064719113,1.6600659839441827,0
-0.7853170972779454,0.23969587703180928,-0.1565138011045434,-0.3234717695397881,-0.19402929537532557,-0.44605270818198006,1.1438169792035435,0
1.574030874844827,-1.3215501986136855,-1.1971976514087912,0.8362802291158639,-0.9164086166817725,0.31559584226803505,-0.514535512780191,1
0.6396162003478917,-1.4605368138218986,-0.32141655393943597,0.35869774826775813,-0.40781122960182475,-0.4885478541155053,0.4232655802645008,1
-0.6828236085765724,0.5368465054450098,0.04725393353896251,0.9941496681113643,0.6020639721464781,-0.32072070980496764,-1.1066998513427608,1
-1.5087014495873283,-0.26047349574763656,-0.4311696388528922,0.08808137998152023,-0.31105293758564867,1.3340840655614739,0.40708411816831785,0
1.3447927343845494,-0.2580895437201982,-1.835314537659101,1.4707487681005789,-1.1946391972920796,0.5016801323164429,0.1886336771403388,1
-0.3228685354957835,-0.24961883100054455,1.3674198418321681,0.0700078198006609,0.8140474012969681,-0.10993706111188682,-0.31457561295576136,1
0.5501259709969637,0.9279713174615166,-0.7829694344229713,1.0610042151765797,0.6120781704388285,0.41536974812792304,-0.32754992659120713,0
0.5823114759470843,-1.5383621816402164,0.9337022459067444,-0.4217103660638278,-0.32797994383917023,1.3275775148938995,-0.9992910576801339,0
-0.3350597000148782,0.2800022084444099,0.09159361839363392,0.13426994826936217,-0.31091411893436294,-0.3558112830762667,0.3929025602659241,0
0.5438672124217524,0.6127948917429104,-0.33404168195547257,0.4726109809578901,-0.7549248678731745,-0.6349548438568685,0.6080986265659817,1
-0.5346460953349318,-0.7546819559796856,1.4378910357589383,0.26113051413525873,1.6021076870099953,-0.42535212727183164,-1.161480735217398,1
0.013142591867924151,0.573191693067628,-0.1894016176526585,1.4755527616546946,1.611963989901209,-0.46175168778621745,-0.728517922317642,1
0.20029725405932422,-0.28596628464406915,1.219174482452672,0.11435729976862598,0.2909044217261024,0.17275841188699995,-0.8743820144539091,1
0.11123623775230146,-0.2211248706902736,-0.6503669160953108,-0.9420220151015293,1.1907571693868608,-0.2869630841382559,1.2126622611582079,0
2.49044268900984,-0.6502118389075326,-1.4509629115171006,0.8298528613550908,0.7750950367912839,0.3556743128648603,0.7557736780099112,1
-0.3904459566830672,0.4519344248061778,0.49466335372973497,-0.7955970658953588,-0.1403435645425984,-1.4758193953491736,0.4523938213237596,1
-0.17899795870675161,-0.11543917857956733,0.3849247259741288,-0.282927453289156,0.9382052074078192,-0.5456312141652273,0.9867681683403335,0
0.22637249135665866,0.43615662826455315,-0.8884055623455004,0.5021756344300996,-1.0269207721732219,-0.1834961726732469,-0.3996886128470887,0
1.089345111434079,0.21517432879845266,0.31568245691417934,0.06680168473117191,0.6892468637842862,0.2259328344890196,-1.1410120770419665,1
-0.4505249489320873,-0.48003658863045273,0.6679926546484992,0.059144614107274895,0.7948617096986633,0.6725902886728267,0.09880081736507018,1
-0.02107202776501046,1.1772061233127937,0.21445847133060758,2.423219512007397,-0.015198056058663409,-2.392250879298826,0.7119119014900734,1
-0.32583594310441283,0.4616447895828824,-0.7553519416473604,-0.7127630416961858,-0.6277839693307247,1.1533921189611307,-0.08335077855726848,0
2.088669828192435,0.8719540461781214,0.17670799751780844,-0.4334398918827647,1.0796094917838592,-0.6363126522635515,1.2779839924084788,1
-0.03923243180923845,-0.9840151687791,0.9475662183181673,0.05295329350115872,-0.009521879750408354,0.5811817410598558,-0.40542341228266543,0
0.10264938275410149,0.8882025593899467,1.029778853312631,1.292326777768187,-0.8127614568157725,-1.0832269400571641,0.09827263306675962,0
0.2594760615706943,1.3830208820895977,-0.008490665023581014,0.22312423468209086,-0.4407824348072593,-1.140706245920844,0.6848700707458131,1
1.3195589277199287,0.4923831596163635,0.35395246635754296,-0.06380651438924793,-1.4731513745978135,-0.057194712902396735,1.1859685178187367,0
-1.1043190736561699,-0.7649497612749291,1.8987161565358828,1.5815006981889637,1.7861724229131868,-0.730707494040408,-0.3287433011343991,1
0.0550591457144437,-1.3743619045214466,-0.39910006004189946,1.375569555966202,-1.4393131052329453,-0.3899582991573664,-1.4660188366074633,0
0.39396156978795804,0.11717327743257702,-1.8738465535982862,1.6385071351180356,-0.6352070709074779,1.1542250318460179,0.29671289893053693,0
0.2244831082636151,1.6746132890401575,-1.3869992919989964,0.6508294798080004,-0.25052958897388244,0.7154135625206501,-1.2485375456080468,0
-2.2597035292164986,-0.8516583781309525,2.7953529018414645,-2.0083989047106052,0.2823353579292735,-0.1586149613020248,-1.0592895515055205,1
0.10670675211252338,0.3019386582979939,0.7195424912954811,0.284366129665382,0.9029323163301107,0.1309148078048563,-1.4208149728115467,1
-1.809302749901987,-0.9461106827791932,2.999083520027018,-1.419091458321095,0.683526557370561,-0.09072617915097557,-0.2630587870187822,1
-0.11279354711757467,0.09299947005752322,-0.11888993276351505,-0.1261404419372233,-0.4527992783869568,-0.5574721840255896,0.9509449542680211,0
-2.669133485341116,4.238481441952089,-0.3951912398568442,-1.057886024588785,-0.03422817317362432,-2.0631866220037254,-2.1434066005308416,1
0.0024208867289917265,-0.5627314199515203,1.8557126574710285,1.1288060546247212,1.2322542352215715,-0.7918754484009262,-1.1288620772094036,1
0.07585830302876952,-0.10367805052096266,-0.025226562710812205,1.4189645845816916,0.8935975691460053,-1.9787436257185849,1.360155948188407,1
-1.782381692645543,0.44186154351597406,1.6246302901495682,-1.6231969328865563,0.13321061172174306,-0.07457569526781167,-1.0757253410102785,1
-0.9505983842287067,1.4701719474889412,-1.1499174612110583,-0.2056488970763647,-0.4801924692950006,0.5190654147124488,0.03967743674637664,0
1.523495750688824,-0.8912822669695668,-0.12456392164705402,0.18083554944348557,2.189437224331064,-1.0252750538435182,1.8564802102386064,1
-1.7834650923367081,0.42693764472015294,-1.000672087458572,-1.6387689823374842,-0.6060881824259322,1.7300281991947288,-1.1059637989443092,0
1.4874973909974034,-0.346199787233191,-1.1025489425488062,1.5533740497186512,1.1155466099332885,-0.8919080191576831,0.118385260742358,1
-0.16872655375866488,-0.5490822787408227,0.23222577900523064,1.8149653826868526,1.0852704512015876,0.09822842425854489,0.14740877827701046,1
0.5491453032655689,0.06045404669741968,-0.27999628673709476,1.118705383597393,0.03266139118072149,-1.1010334099427928,0.8770718946076835,1
-0.6416182232512491,0.8423277878781301,1.2088424648926326,1.4252705727086294,-1.303051071226537,-1.1684110624310504,0.017841475037359587,0
1.8555011007718216,-0.2626900625741222,-1.6715967319296292,0.6349075944281795,0.5947951500962976,0.13507953759456703,-0.08546760603917408,1
0.8235756866955118,1.4995472943954866,-1.1503650412397226,-1.3454339110443814,-0.32220438202325113,0.2659361353661128,0.34731079215046123,1
-0.2604990046491013,-1.193925548977871,-0.01400836093522888,0.47801837978822215,0.9914916525865829,-1.6141890480706438,0.6403070711403199,1
-1.7135999966316198,0.9547161194372823,0.04707286466818045,-1.1592214252830928,-0.22920320214206769,0.11906209700995633,-0.8058040209418821,0
0.34396920677969084,0.15205206167108273,-0.33061957440881296,0.13141439602772953,-1.2818532388419424,-0.05535040625737785,-0.6795388870431602,0
0.07073006491599583,1.8446699157141346,0.6441646427683376,-1.4672732633292889,-0.532533665959388,-1.1602641698494793,-0.017475136709390517,1
0.37599618791214784,0.2851132644935386,0.02698456811384435,0.8778380202670186,0.36978338647890424,-1.5636582790482874,0.33982936645706646,1
0.17817207528803017,-0.603390166632042,-0.7272911911551894,0.48665845782152856,-0.0230704188205283,1.079798920282193,0.38234952829530905,0
-0.5934915735566373,1.7104877456309102,-2.2998104727792987,0.44753305646245534,-1.0027465181453785,1.1439372030559964,0.7255763713471781,0
-0.8331112306951693,1.1368084435958528,-0.3473633857750882,0.479350084960833,0.04879322660010841,0.13061035966452691,-0.10493993597410589,1
-0.3146749319772604,0.8848039626269,-0.15892388030071236,-0.34872908092137767,1.8550441802005753,0.9781729201396977,-0.8904708077399367,0
0.4810915404306196,-0.22183774063619296,-0.09096914977100022,-1.379172557347335,-0.4544181851580221,1.566045180879624,-0.8712211508635218,1
-1.3216332664204853,-0.14791277363520747,0.8791109433392353,-1.1516266109684048,-0.7442545419864576,1.0502816635489307,-0.20536918269414883,0
-0.008182705009811816,0.15647482932431134,-0.22719641074669147,0.14807118936423952,-0.22882399929226968,-0.31644425816847416,0.33863904552838014,0
-0.9480383203125521,-0.7327754533189007,0.43430396506512053,-0.8017255258312727,-0.7239538400339248,0.23197758662256932,-1.512951167087818,0
-0.43291086041874755,-1.3925550464404925,-0.3892914260055743,0.32710626615177835,-0.5437550120307949,0.7813106148838598,-1.6796634946706273,0
-0.674463968317689,-1.5436126975701066,2.1435362328319423,-0.8148244766458532,0.41575486484124613,0.5228695329800161,-1.1169398214642277,1
-0.42439115386418785,0.02147468064287695,2.016696883849029,0.8452841545605259,-0.6474688537484498,-1.3252689460599785,0.27352744865129464,0
-0.08980194058850903,-1.1312290652430992,2.2472608189116956,1.1297815032455754,1.2837860900290248,-0.09925621614046007,0.15570702926009952,1
-0.43494788591465955,0.3641115507088567,-0.2900756656439928,0.8657898465397406,-0.08500607372728476,0.8296911370993368,-0.1438111318136495,0
0.01454613616025744,0.2704988339686927,1.8191258282708513,0.07120549081844973,-0.41226653373304634,-0.9084946731578373,0.43110912804419443,0
-1.3879516668214964,0.5456495071206935,0.14074951124003204,0.8745988363437774,-1.0209431766838424,1.572271728662031,-0.024580108426610736,0
-1.076693275740525,0.28614778327527723,1.616017636421257,-0.3882006214870888,-0.23317781954480366,-0.2790129559635641,-0.31599711506571554,1
-0.9172470285504704,0.11661344163815046,2.060035021354805,-1.10195587214159,-0.6099140589603238,-0.07713856524336876,0.1747384005750273,0
-1.8849018775997504,1.147822274300803,0.7834229628392142,-0.6885198060126627,1.367854926076542,-1.0163221901144412,-1.5366295874511497,1
0.3272329882450743,-0.25758121884576274,-0.2511277249074324,1.6117309391268542,0.7677359863183735,0.8992855687124776,1.4748175844477784,1
0.05597764072087884,-0.6565488166379312,0.5218227427207176,0.6204148339347172,0.6841520209806798,0.2815578573806599,-1.0220414418388941,1
-0.7173225015811442,2.6101793305952374,-0.9196274235097376,0.3706416312384387,1.285220586176486,-1.0568343802215658,-1.883309652796458,1
-0.9005634140510431,0.6209224662055566,0.043689179390602254,1.5197410390180428,-0.7818902064931739,-2.390543667401602,-1.4440789453515326,1
0.883818280825389,-1.5557956889112927,0.23225200906775775,0.05500774529084827,0.8480583608292388,-1.01767242052403,0.5345789372246939,1
-1.785595990203887,-0.6511196328584917,0.7456954300932579,-0.23096864864114472,-0.15789910616416142,0.1214413069765375,-1.6082558969120637,0
0.5817316363223006,-1.4411077769821463,1.9348020832833945,0.6571767326772883,-0.26855556639100303,1.0477651918689703,1.4378460169745466,1
-1.231268046835668,0.08665206950514383,1.2462107568918137,-0.9408558741954206,1.1209437493443852,-0.29106251064736266,-1.5098980389230878,1
-0.6607082820311221,-1.0132023485315915,1.641175430723131,-0.3891923194365364,1.2631703083009367,0.4306880723383564,-1.4942030168592355,1
-1.6371771308476906,0.44468651104237295,0.7784918563459461,-0.5567356080601207,0.307304606183036,0.053734210586453106,-0.538715605223125,1
-0.4841632838455564,-0.738423811086273,-0.7385156525823865,-0.3086260472597482,-0.3093428529950877,1.3695642746278918,0.1612941431566166,0
0.1253808237880925,0.23342104721951126,-0.6466571190401719,0.2761819350980475,-1.167562853262603,0.3328321732260157,-0.12728864610705232,0
0.7788013184598106,-1.0976139932207964,1.3461304298096022,0.8241258303917341,0.35565407078148586,0.5338972566876374,-0.28320629330489655,1
1.2672184218183333,0.9604681153473741,-1.636525558479698,0.9186505345368475,-0.37142736718957,0.2184293989971831,-0.42007095877407263,0
-0.3746088096284423,-0.2455282374100291,-0.19197192064704058,0.9744796833778578,0.5188415692541613,-1.8595956965188407,0.16922168951006,1
0.5118757161160744,-0.5221747328794522,1.5666768221749114,1.0529580558048883,-2.4001271791610637,-1.954810123806278,-0.055143096565789286,0
-1.0201635739600108,0.10973871073370359,-0.9966403644330659,0.3179196697461301,-0.03899916704230173,0.7220035501048426,-0.9878631874324149,0
0.719241063028505,0.7308638698379843,0.14702431695946022,-0.599420180395005,1.2079461233957576,-1.2041337972769164,0.9294152081873659,1
-2.4728283720629602,-1.944904188781603,0.9143077043979032,-0.5852632593144598,1.873964481714587,1.370493526121479,2.4045779307767607,0
-1.0241159676118712,0.2776718866191219,-0.17490849462185226,-0.7106124430568217,-0.36075489597241944,0.394730754047178,-0.8544877405981786,0
-0.16877283279853697,0.039007876598907185,1.1349978956724063,0.043550591715563164,0.7477317263599422,0.01578749575812421,-0.0005455784026850798,1
1.0009497897881692,0.5407640940527711,-2.0971560479790683,1.5789384142574023,-0.990673055298886,0.2892908828199347,-0.014211878437623693,1
1.344512475946372,-0.6181502625255986,-1.12423708696155,0.8732560823404131,-0.08412297343979257,-0.1193405110758949,0.4582467565817443,1
-0.875319340560869,0.2846416773815787,0.35182539377873884,1.325401953294316,-0.09065839057187465,0.49350766519491124,0.6750501195640043,0
-0.7304703131567735,1.0198941664384402,-0.775373629986515,1.7321297292786808,0.09848371464057835,-1.7388316146108045,0.67542758651351,1
0.11801783841338409,-0.7054733781692101,0.47237837018269546,-0.41929533668381713,-1.088084029007512,-0.5661242408510093,-1.2759213612682503,0
-0.5091085390334765,0.4186172580415839,-0.5033595614772205,-0.05773722053935089,0.44265131094432586,0.14000998008882376,0.5497254757062258,0
0.07744273393695444,0.20211651788823676,-0.5776242840563838,0.03020958790895496,-0.9918157834448178,1.1768396379346364,0.45603596669856494,0
-0.2903820013930686,-1.473154504651721,-2.242973667002485,-0.6835684495781392,0.6774730826207513,1.575530565603428,1.6719460270950437,0
-0.4937967216629803,-0.5470858225325701,-0.1377001312612089,0.7143889816067953,-1.3263983445243102,0.6356242902123385,0.3418803530425361,0
1.0393787272227262,-1.326768850380762,0.8919267311126076,0.8160978916487633,0.39121849812624454,1.2999808867479512,0.4721670820767265,1
-0.051948096813042806,0.21919829987571332,0.9566268698316814,0.21521553251457415,-1.3667756703755292,-1.0528863632252845,-0.0006808693574394862,0
-2.383311106007043,1.564316607173191,1.989414045482839,-2.2939449251971387,-0.66991874037912,-0.7328399326074599,-1.2848365964368624,1
-1.0323925056929506,0.06823409198021085,1.0947185540294917,-0.6426274016937551,0.7150000121033748,-0.09042374419951243,-1.6049249149501916,1
2.187858520677955,0.25852190816217746,-1.176205440453876,-1.0486459336829506,0.4530205514700714,1.0303115768072064,1.7115441727935556,1
1.4847864519494107,0.2607010909512802,-0.9923456515612668,-1.4378468474566404,-0.05989069544628368,0.5291804245208731,0.17707122554061527,1
-0.519104204889086,0.015619187084610573,-0.2896956318510487,-0.2865002309395946,0.04881465489345359,0.8019736685452702,-0.4688621213878255,0
1.5107528646554746,-0.5957800404473758,-0.27046429458349486,0.008764455250897774,-0.01625797383734702,1.436558745901126,-0.5216029224793021,1
-1.3554456052813277,0.42841511220579204,0.953490969298657,1.5268588664075928,-0.6257821948341742,0.7581714605405232,-0.09041064333522338,0
0.31285856933023914,0.8769657338698591,0.0441584904859746,1.1058354349982962,-1.8557937883236553,-0.4385326172063149,-1.5002842555441163,0
-0.7415002857117433,0.5813137089416525,-1.6946515042726669,-0.5044415933043306,-0.9029006791258102,1.6855866426271806,-0.2508073974198897,0
-0.18695327809144566,0.14862456549233277,-0.1071429908054673,-0.6756599989901397,-1.1113532042127368,0.4069185583685159,-0.2992939977749479,0
-0.3741291830352188,0.13270633185233333,0.8433949294469695,0.5350288206088747,-0.3790383957309588,-0.2518288469662007,0.16259744402988124,0
0.9580063586184449,0.17016533337790707,-0.18164231999659403,-1.0429426459819668,1.2185525671304216,-0.8060522027731716,0.9566462772339865,1
-1.351342654496651,0.20361433522819858,-1.1370861901749958,-0.8350993711438507,-1.0695894426179655,1.1090797270762787,-1.1161260422047747,0
1.2079099479867161,1.6412792610568991,-0.1643449966698663,-0.7420424132607896,-0.4651407590029846,-0.43564107521136053,0.01482757458483575,1
-0.17828712280522158,0.8045258972392086,0.4567919412018638,0.24182324648700504,-0.38232165168989546,-0.9307092585120559,-0.09572788776908073,0
-0.27802324251279026,0.2329880199281712,-0.7162321340163534,-0.24632845834187503,-1.5157855987840971,-0.5693313472668396,-1.1905964702984662,0
0.33469160464573683,-1.6820409712214324,-0.14033067464545557,0.6845543120435801,-0.4981181383499666,0.17709012539783958,1.648404497018249,0
-0.47084301236706394,-0.032325725341176996,0.9882681498039009,-0.5849008080625214,0.4591788901552259,-2.0805547314826227,0.30244013164019723,1
-1.1121861835585773,-1.5291649841165995,0.4224589636452991,-0.4740819364418498,-1.474203241389838,0.14684579489016775,-2.132776205269906,0
-0.9134712407985687,0.5094528128658724,0.051962685895027526,-1.1547479651659567,1.4103498732468647,-0.8733814672481665,1.742670917801765,0
-1.4388032104472723,0.18928677895380575,0.9377803929646771,0.35823117730478665,-0.6580959412480565,0.32776307781632275,0.8429703687833872,0
1.161081256465961,-0.4484550327797017,-1.0923602453581032,1.27407322634018,-0.8882225993370914,0.6176729971527639,-0.2559271580337948,0
0.9282421697552283,-1.1344920217037486,-0.8578958318482214,1.1810291752703133,-2.515311262541685,-0.08653792428384349,-0.7603596714941709,0
0.11337699985513919,0.5756539361486013,0.26408658978100474,-0.45783781476029023,-0.7132119520899199,0.7010867471627267,-0.8284642798632033,1
0.9653884949490069,-0.9474099494815929,-1.537962942695052,2.03970848665281,-0.11498003946845423,-0.2802436438157271,0.3758298887836364,1
1.1124815490249096,-0.33583592113435673,-2.3390780580513186,-0.47694951318664175,0.30890451276850583,1.2875848096634543,-0.3840049581737145,0
-0.4646354004620679,-0.7232722543052599,-1.2682232942863272,0.9466672277916304,-0.7384537175392878,0.4418894125149501,-1.5115378687820007,0
0.25020692009051104,-1.12571436961493,0.473007487834855,1.2747584876091869,-1.3601231533192482,-0.8802518444588954,-1.0900366400818582,0
1.9169033563976263,1.2191720093855984,-0.6653532473378216,-0.6558770465011051,-0.3931127301262174,-1.3660805988111038,-0.7062871147909692,0
-0.7684360523810569,1.5364015318443924,-0.03334034507650965,-0.7052726749298621,0.8761203129442021,-0.5688431889745155,-1.8222189836395626,1
-2.005947059525647,-0.86839916986691,1.1545857471943066,0.2674010715989644,0.3534481433128883,0.5164280882215885,2.178635185375954,0
-0.5056646764671854,0.5489697291578984,-1.8920490698357402,0.849650499531187,-0.7024476568509589,1.5929178302489906,0.23367577615813204,0
-0.0873437883095259,0.04195729481771676,0.9643089216766562,0.49890721668187715,-0.08177339713625659,0.7616513983229416,0.6511085683570463,1
0.7131400293571594,-2.069362507236219,0.4273313982673962,-1.5781508427764035,2.389376589777812,-1.1894284015926742,0.966353485005467,1
0.5025135690599869,-1.7132588535080537,1.9265376005262516,1.7435645400271498,-2.2807383874776765,-1.7888555363975598,-0.5050249427091514,0
-0.06702630813383839,-1.0674951585482377,-0.3361858444340128,0.22848874454990376,-1.3797605469711238,-0.044536667883018334,-1.672221723778335,0
0.30129725278452263,-0.22478628404230205,0.8998282349488675,1.4891944336300926,-0.4033576052903645,0.3232864563151541,0.4331254953061917,1
-1.5067094702976436,0.31094213882081795,0.9357345155673482,0.3470311558133883,0.7479109964594451,-0.07815773437205208,1.0576427553642473,0
0.8835574344260055,-0.7501155797978855,0.06713210576588952,0.918014319870669,1.2659441638939364,-1.5576180984644419,0.9227332459801105,1
0.8526432237711915,-0.8073418909380194,-0.8478961532652456,1.5378351246665996,-0.17203722164665564,-0.732335783493026,0.14280414565003058,1
-0.7275530815119865,-1.6768577852728839,2.574406123573661,0.22081857753731227,1.084473257539828,-0.13758264591426997,-0.17181557115831675,1
0.05998607373726001,1.8116434090596671,-0.33096352402999907,0.4130691427584213,-1.0660632395996774,-0.9571626114237368,0.7166785273711457,1
1.5979023977207039,-0.9955160996914626,-1.10313474693517,-1.3502428699086857,0.8685870522482074,-1.6573210242138599,2.5666376746941264,0
0.6674117935539086,-1.6515619672309072,0.6458960829062244,-1.4028071822679729,2.0033366892866953,-1.1878205864948685,1.4159985129629507,1
-0.028599713135423747,0.4145262660709808,-0.7880967479240876,1.4187222436629638,-1.1338601664331633,-1.0234596141077452,-1.0850666990294446,1
1.0886518333602997,1.5736484259454386,0.17933390282576056,-1.072079275747154,-1.0390528373007213,-0.2522350171550919,0.6352554978046894,1
0.5731742325241239,-0.6163532498757945,1.309591649822961,0.9155989947243703,0.37029521291087725,0.23007118905077592,-0.2695153045928522,1
1.3415330439018334,-1.9884042609245067,-0.6083286736473323,0.26307596642650827,1.8610543466345886,-0.8801489088425883,-0.14237775558954321,1
1.7393136682441557,-0.07628840418472224,-0.6041423683397812,-0.014427669093782632,-0.035266696347235095,0.07702737814554445,0.7288818284667802,1
-2.2347975858091,0.24646899791034665,0.9690981526921921,-0.6604143130278753,0.02895598799161715,0.5975595445852606,-0.48777441263941146,0
2.282733812819424,-0.6477706113128154,-1.6267059381160507,1.2745033275381168,0.7232201945372183,0.37987200767515444,1.3748090146023413,1
-0.8280783369392811,0.8726878204635011,-1.5479999226615009,-1.1226466268689295,0.4502372264099761,2.1593306370953784,-0.24255971404652632,0
-0.37327059559815134,-1.578613486022679,2.213658879755149,0.5782962763157278,0.7222638008194119,-0.14169562544126843,0.14801437705942716,1
1.4991598359314697,0.3675927526446012,-0.7281096107271554,-0.4718948958323552,0.9266306198943015,-0.1591306662485753,1.3762256281797904,1
1.9896126912233203,0.3942125588091214,-2.4079268117842525,-1.3261236144642625,2.061786842222853,-0.4177625716784281,0.6678403882969213,0
-0.2066026282243512,0.5649666722129668,0.199154098583893,0.4539785486388187,-0.529518527813947,-1.4106200457537568,0.49242808830355594,1
0.33258107855824165,0.14279542746187424,-2.194504891972233,-1.9412693135274883,1.7257554118434657,0.8053408352115632,0.04743522403286733,0
1.1335812958281577,-0.22155907251601026,-1.0463650294587334,-1.7133300435976715,0.9758937344285369,-0.8150524457873325,0.9414877162711277,0
-0.6641948133823838,-0.04702150033433662,0.8674691554925398,-0.3015822605060868,1.511275520417787,-1.590087880172089,2.4378781416063395,0
-1.4909718449269522,0.09340974285234975,1.827360712642401,0.6418478551414535,0.021551809015347204,-0.17574040257396237,0.3689761515171134,0
0.819816775344886,0.8351664930600698,-0.35049569906207595,-1.3481016103571242,1.03740395545686,-0.7102750406549234,0.0522780902590934,1
-0.8008627279979971,-0.06250090519491627,0.5197356449611895,1.072050319179014,1.1875233356547206,-0.08867211732312137,-0.23424257634869575,1
-0.43421349354373756,0.02715562252955352,0.07211880221001878,0.23906849353439155,0.19401180538042676,0.4678399365672168,0.2752070783603692,0
1.6785631894700699,-0.13523872326253988,0.03090334955160777,-0.6541187558295906,0.41626467508116294,-0.33923279385321536,0.9456585384474215,1
-0.028794453334265696,0.20868808654130977,-0.607928653474976,-0.4121776276007823,0.2491773022526329,0.30783652054938876,0.3034901171301847,0
0.5032295707485782,-0.7314320163803832,1.1641471033571438,1.1304302961749269,-0.011725281109009373,0.5587109110095858,0.7143650256895261,1
0.8536223944530053,0.6985532902907363,0.42894773540393166,-0.06080928938297456,0.7731143746329188,-1.4308128768539636,0.5695678603941364,1
1.2247330914755519,0.0513060110250007,-0.6049169775620303,-0.3752029852362894,-0.0229418955094387,0.10672663323348504,1.2511106001211103,1
-0.7917594848842155,0.8429167528748936,-0.521222945944175,-1.3022384241840212,0.6006173150431331,1.3972868497683428,-0.25821131382587176,0
0.47980612050389865,-0.13697191080158594,-0.4833841663318231,-0.8287295131778817,-0.4444555049113502,0.4229566413403962,-1.0372248535925128,0
2.4235975830176035,-0.6627096348147248,0.18098067489119282,-2.124401865912652,1.910289895995202,0.1869337430510062,2.0526301054795426,1
-0.36970481252029247,0.46711224470080914,0.24384368467386724,1.090720991584709,0.506728821288274,0.13637587439410273,-0.20192310430387855,1
-0.7137080453328487,0.4769629959978525,0.8199825332964601,-0.915714041375703,-1.363885983783255,0.26666055209395595,0.3544122551973041,0
0.3705263071067173,-0.4097734745733166,-0.7107982505746806,0.3410223515145606,-0.5782823351928077,-0.4178634946393054,0.15693636980773415,1
-0.05571413625011101,0.1337183484033193,0.1152616279741172,0.5507217771802667,-0.1703398753064632,-0.7855193011851804,1.338488610276746,0
0.1703322015579786,-0.09358605260633147,-0.2948825645159068,-0.8022364018714964,0.2417993710343652,1.3017001207006804,-0.3473370717624427,0
0.6701457810038909,1.0910042996284548,-0.839966946658759,-0.5193501591500164,0.35131322817022537,-0.42517287131353915,0.6042012100156839,0
-0.04210886350074328,0.05710665176636487,0.8798550285180611,-0.8399932192089496,1.5183569090875646,-1.8047489850319693,1.6768003896442452,1
1.0057416585615186,-1.2884449887883507,-0.5859976663105675,0.6713021763852022,-0.12882872011749194,-0.48410513142887535,-0.06049599652326016,1
0.22195380879467463,-0.0778348451256696,-0.8430120575179647,1.5263688386835688,-1.7329492873526922,1.4962734915608382,-0.7155483099781706,0
0.41245058222012,0.30268337304970044,0.3623181007990271,-0.3245345875221166,0.187286889674762,0.38213863162803097,-0.6848279843752871,1
2.2810767376717007,-1.6637086460397743,0.15561962374671215,-1.1162809816126675,3.0584504335629124,-0.6950344823990424,1.4533522434674804,1
0.7895089073663146,0.6648733310189151,0.49103563578975873,-0.2886103837172474,-0.11987882622522567,-0.9470882649364786,1.226047317703777,1
-0.40519358530673255,-0.5146772190046219,0.6338451857205557,0.48007814895688705,-1.6288367806619701,-0.1802746143992388,-0.2778413286786273,0
-1.6004215308950562,-0.3499989227045641,0.45007734499061325,-0.4931476670855277,1.9187939210092946,0.29151942528368335,1.967448853369676,0
-0.9301789569085679,1.104609375505628,-0.32824596417371693,0.1248833853454334,-1.703059907248637,-0.49567790228409997,0.050698757234223304,0
0.9804473897873647,0.11299664310942256,-0.3410952528277968,0.6911584447045473,-0.3715963986064257,-0.56642079413304,0.7531135171353165,1
-0.3003625228716299,1.3998328589772124,0.8710171169612907,-1.2767227071417822,-0.2899659794304401,-0.41447819166981653,-0.9671678469666304,1
-0.9431647644309363,-0.702029415405362,1.2117905243659541,0.6582419467228944,-1.4453479575141523,-1.9082365783585395,0.5966870492145354,1
0.9461203165102858,-0.5494758245673276,1.3490010858472954,-0.3742809306263523,0.22496769034126318,-1.536248808653603,1.0921661478446474,1
-0.6734339992503027,-0.18438874606874672,1.8605478494325198,0.46177854636149357,0.6248396167141763,-0.3019658151222493,-0.5193136847559745,1
-0.07429091902305368,0.22008753605832398,-0.11053374909788341,-0.5230800492780191,1.2039793323911985,-0.7282438608333577,1.1429992760352299,0
1.6808520571369125,0.6292259329699623,-0.5108492861444947,0.685264473270587,-0.3574520599812606,-0.4325313054636816,0.5145636313055387,0
1.0412876027681095,0.2700020552481781,-0.67964904041472,0.3457157498576604,-0.8567739131408674,-0.46010791854353367,-0.32578116044318145,0
0.4604121120976586,1.1061784747823782,-1.220276954972106,1.2083745424807377,0.8499440547270424,-0.20020544929243614,0.004423401818216188,0
0.43115092040600383,0.6668878148627662,0.057324491137936945,-0.060257538441749615,-0.5769445958469115,-0.6536286268721122,-0.08422586711510191,0
-0.4519114878481722,-0.19103706408188043,0.08286438792604653,-0.4724478747381927,0.7320471864660192,-0.3427215199998549,1.3824138632985532,0
-1.2456035581263742,1.019806271802227,-1.0717859418700055,-2.2803500078140093,0.576312769580331,1.4465456594999069,-1.2486692804907704,0
-0.5474314271884206,1.0329215936861371,-1.2780387339939099,-0.8119506816821148,0.7071262757787699,1.2187240717700938,-0.38632694949144036,0
0.6051106330190282,-0.6713820795928603,-1.223605001878213,0.9265823848707117,-1.2296251490206258,0.49748997094771896,-0.7089448392205844,0
-0.17099929537660286,0.9120445923312154,-0.18962627125371972,0.36339329465806763,-1.3840639716099623,-0.5072943706465721,0.3140992214645233,0
1.6207173080151134,-0.6765092943879286,-1.0847236053487628,1.812108741455128,-0.6986497701665918,-0.1987793951701238,-0.2217342972818671,1
0.7643733869411531,-0.2831567977432722,0.3459779581495767,0.8320742992275346,0.12112969764192481,0.5300484929963902,0.34722822510664125,1
-0.19111404934846354,0.42736675127705637,-0.2334869037135068,0.2336558215118551,-0.1262469606680431,0.8086737589968579,-0.23112863612892834,1
-0.02908272127489287,0.5245648906797312,-0.6280686240921245,-0.37409797530211575,0.528934734898572,-0.07906479277883784,0.8337072737379214,0
-1.541690955275477,-0.8971386553219802,-0.995127103957672,0.41904429740595306,-1.2487498924091411,0.8970632269131117,-1.7289720961019037,0
-0.5421067993547868,0.9304708315598165,-0.5997195391701593,-0.11854279681844881,-0.8651141238264607,1.1284981248541375,0.8832388862015028,0
0.8154583376714287,0.3766772267115865,-2.579947578687252,0.7339954621111643,-0.02145545868160961,2.5233130748958414,-1.683689848458071,0
-0.08560821753140126,-0.4418991420690141,-0.34056858751997865,0.6437339417935279,-0.7587381526501393,0.042752237582673505,-0.8463817682594929,0
1.5560737035053307,0.9418617658585614,-1.7712816946977674,-0.24893963778601627,-0.01445957748258033,0.42433192405573794,-1.4022980815029433,0
-1.522192526225007,1.33816315808232,0.47449938091322835,-0.7115855048793661,1.191090300461674,-0.5659208511643956,-1.5477680772416935,1
0.040049223247572506,-0.5953064364581694,-1.3071861346626943,1.8682113821755455,-2.4929870260208173,0.07363176811848461,-0.40024132418286706,0
-1.385176875763071,-0.49540931629519885,1.034714664846867,-0.5942470619611903,1.0370598297549851,0.1623898240309455,0.7722151215838752,0
0.03915024053578064,1.3736133711006877,-0.5869457367016002,0.9542980165519068,-3.219549002061933,-0.976316515978931,1.189647527459315,0
0.18159926144257812,1.140726749038004,-1.4404093310332287,0.17655188861122134,-0.9546879890397891,0.5270294815795289,0.4688707948069556,0
-0.8190627994177112,-0.1346752015156719,-0.17646875399563727,2.016674756914735,0.2593416011945016,0.13268819888520614,-0.017648730096078796,1
-1.0455547964062957,-0.9393829628689885,1.754209615670703,-0.5606656820768083,0.8710915057899359,-0.382927657923481,-1.9437119229109823,1
-0.5691610877579483,0.20760174400505974,0.029636569039864134,-0.42923611788123356,-0.2702454681334384,-0.09759582875449367,-0.4150851547583816,0
-2.5967069445911184,0.009541249449823258,2.634144229968003,0.32850034237666426,0.20178977921792862,-1.549039208305179,2.693993627763056,0
-1.1477136566692918,0.8050436046515717,0.5992745670221018,-0.5555201390386928,-0.08498588271230524,-0.6969075316626326,0.5986427537367034,0
-0.6799104550473165,0.6055383559849821,1.0233484572352685,-1.126892643423285,-0.4261036490961067,-1.7116659225041686,0.582485024226279,1
0.24377812132912935,0.5229549449555885,-0.21976416700962959,-0.20225965416701105,0.23182014882512136,-1.4093676875824364,-1.4131670985826656,1
1.5984713460095403,0.47811294509779073,-0.5792240726768111,-1.2371186475998712,0.6962871798145218,-0.10406710114107248,0.18330421350829332,1
-0.4950978405069151,-0.09241704620188483,0.2176743307742158,0.830203497634686,0.326993142715739,0.5108376595781888,0.3293173539811525,1
-1.2514192714834915,0.8021348848925673,0.5135992207088863,0.6384825835552246,0.8413033344436776,0.37673635506129194,0.6805192540635692,0
-2.2401679626842363,-1.907561105870825,0.7445406500580409,1.5298573357703455,-0.38091417404727285,1.5846050816307804,2.8799342440309883,0
0.969714904011652,-0.646397555002104,0.42268532793620645,2.528323532534259,-1.4113424126060166,-1.4920708646052703,-0.019230564506193613,0
-0.9003931086046051,-0.24282259845713905,1.2900805789652274,-0.5628954520062954,0.3969787501536736,0.0584611775108403,-0.4263653280906441,1
-0.17721628799165212,-0.9665218295644453,1.6786127164252012,0.32818535127994675,1.3450368878806838,-0.030963108956928855,-1.0680840029953713,1
-0.16098622468784599,1.696735202308329,0.6047103362919971,-0.24797968375520413,-1.029321000835923,-0.6252397134222057,1.1905606146044847,0
0.07730531815286655,0.15599592962738756,-0.9337076583335457,-0.3505335709997674,0.9166344121602336,0.6005175143446903,-0.6164510250670446,0
-0.15610872018783745,-0.03289453592714027,0.41515158481361536,1.077879502829416,0.5074909965013726,-2.098317024835142,0.7431274753005039,1
0.24694112078915262,0.682820759842681,-0.12114117072441791,-1.242801327873825,0.5230178824267777,-1.4600187609093571,0.7611067726085997,0
0.420215916248485,1.5263905124878376,-1.8843443082096019,0.6469761368313875,-1.2969514552834847,-0.11006040173627805,-1.7164063188296201,1
2.477355822025018,0.8637711112449502,-0.00969635314877064,-1.5949395514408096,1.5779477091531953,-0.19299510187996063,0.9370517908684138,1
-1.110556392100305,0.8035015565067323,1.1006325679972888,0.19756016092079873,1.148029279042784,-0.725827527429372,-0.3079367066182329,1
-2.1772370184023813,0.42462727062257893,1.019012176300082,-0.9989241904942879,0.08171144525744789,-0.012562340276948719,-0.548785030832244,1
0.28430161806287074,-0.08759151752883745,0.49120639313108005,0.4827137700994543,-1.9202361253023978,-0.5353048632676349,0.22057520063485275,0
1.5970680774207926,-0.9873010670623231,-2.1191467315741495,1.142419761363072,0.3050349966503063,0.07536369999060201,-1.2034672610931838,1
2.4360659768906,-1.5811099273491738,-0.9311193341153561,1.5055202972740667,1.337096304836061,-0.2315737174324709,1.3653058273388035,1
0.5741007861166013,-1.4883194115366134,-0.2070583414111515,-0.46107999126821375,-0.6527502009528282,-0.24418251027166502,0.049929397116046166,1
-0.7817118295826586,1.1935123192138684,-0.3792760982935639,-0.42884338657561283,-0.46874133347630154,0.42263995190221265,0.1550499375876847,0
-1.1090024525465787,-0.6581556696088228,-0.39504079753694704,-0.677660562874846,-0.5002663680166264,0.4481612277078462,1.040405356500505,0
0.35532842319847197,0.4802926648882656,0.9859479444108654,-0.38594188142786473,0.3007647570014288,0.07579576264753134,-1.3933969208332293,1
0.06816249799829639,1.3179228920023007,-0.8853257220613886,1.2453252976195082,-0.5347506140868935,-0.09247730086312277,0.9158776595750922,0
1.8179784260857699,0.9062064776359595,0.664796137693214,-3.901639628016915,0.8386674527430136,0.2501264037024162,1.4676358462270525,1
-0.5686767548836389,0.1595301660684115,-0.8172019799078765,-0.03496598373821863,0.1809917265819582,0.952514743223672,0.08034702476725943,0
-1.2082609210144517,1.2786800274919177,-0.3144820684060722,-1.831189020928926,0.47983436177240524,1.7062771805307624,0.18045929900175683,0
-0.29261059388576327,0.7123862214698848,-1.166325555490059,0.5189469434844934,0.5118067903508691,1.8484603106609385,-1.0070102623909196,0
-0.38606309261186006,-1.4260643435541505,-1.2177632268243954,-0.09794368474092796,-0.5871326930010411,1.7534643943809392,0.3023958727165094,1
0.4671894430083318,-2.116638206678801,2.2385794723064127,0.4685465627662954,1.406882481785215,0.31748820139483863,-0.5145181173214624,1
-0.9166690702893561,0.24872905622819283,1.587117388968646,0.3954720064777179,0.43389670796676993,-2.063084167013589,2.94071152805946,0
-0.3683308504916187,0.17685700550995734,0.03779529757916003,0.7516283276721476,0.014152420919745664,0.3072402491073354,0.1263025963056637,0
-1.5310558168849697,-0.2551420855563969,1.5411081419097707,1.4513915964836068,1.4112148247432803,-0.8214906824594217,0.195023904924316,1
0.03354258365180425,0.5940302061506856,-0.5988511706483872,0.0583815100020266,-0.5154292700244736,0.18776780922532854,-0.09135413911500256,0
-0.94142863859048,1.0671190180952836,0.8002088414132493,-0.10159513978742325,0.1387193154613803,0.003595961116240126,-0.6590223257049352,0
0.6944525249643001,0.5112242192921088,0.03594103856422052,-1.9765029999757027,-1.042737623777587,1.6790733317204698,-1.1272664546063764,1
-1.36204944918885,0.9562819885883369,0.06011865909557405,0.34304076899271424,0.802427624028687,-0.3296895174137536,-0.5711909362740808,1
0.033162276142152856,-0.75565325408942,-1.1295277293612682,-0.14292604113581142,-0.1614254944679472,1.522787423640617,0.16409816093873397,0
0.6461853990713715,-0.20871310677383798,-0.5992244523418123,0.40940943048731704,-0.19031896808374862,0.4547023423851144,-0.5220564188366043,0
0.6969662090625675,-0.03954836819506159,-1.859006639068582,-1.5712832229761517,1.651086731312929,1.239677704226174,-0.9459772161058273,0
0.5958031086914262,-0.8899216772081511,1.3826630495614138,1.2405864674365024,0.6338366052798782,0.6360679828490402,0.5696703574630873,1
-0.6573506661255708,1.0959194856759404,-0.04290914719590345,0.42022840023436625,-0.23402905583095315,0.13275403933623628,-0.2267629173149195,0
-0.4607778002820883,-0.5762464650509754,-0.18685006528191012,0.8504616196897395,0.394352067903498,0.77582705701688,1.5901765473769034,0
-0.6962451682261743,-0.11829179355916816,-1.8348254992860906,0.22360572865784392,0.6647839461802513,1.8844173771701498,0.0880021381766326,0
-0.1715674520619639,-0.06628906023706986,0.32282971342488564,-0.4313669571944898,0.2449306122374008,0.4346475827546991,-0.9603720624874172,1
0.27946343108720806,-0.05465369103119521,0.16996581804251745,0.8275495304299847,-0.10892881315560869,-1.2759324199834448,0.9990959945272244,1
-1.1970408294286872,0.7761513085874406,1.9413739056600652,-1.0924053919774035,1.0571246984883407,-1.0759233666372163,-1.834233832826265,1
-1.4518743978350177,-0.47822393862557633,2.0115954166513506,0.06405018734579598,1.1871437219100858,-0.9037896283345749,-0.939891533989966,1
-0.004937040424826909,0.8290098016763793,-0.48583447429791365,0.1336143042524766,-0.13998883367050796,0.8597567936277973,0.462049523880812,1
0.0625354259425306,0.8910503326153156,-1.0007193542156563,1.330810577238501,1.6685726801098506,-0.7093221547294586,-1.3817531469571016,1
0.2650928401704469,-0.03181914447236052,-0.9349788013361976,-0.8635339985554406,0.7775179580783994,1.0145642065225247,-1.200642907053767,0
-0.1736162607531478,0.4156071680340269,-0.35303899211304346,1.3405052652051268,0.29324008171059507,0.05056424307768219,0.023503187759776663,1
0.6940226466810625,-0.7866761880186134,0.3436772286590978,1.4474469757543784,0.836362372522088,0.4936284319888098,-0.45918563415383334,1
1.103656995240833,-0.9833055227146742,-0.6606837805800106,-0.4674956751915761,0.5721485831648974,-0.09397703161676316,1.2108343552854735,1
-1.900886191364126,1.1084330812874568,1.011273761319826,0.7743696785370848,1.4789060678934616,-1.6710131292382333,-0.6287499789069096,1
-0.1814815576956162,-0.8818206218714054,-1.9207695351695222,-0.4948908187992359,-1.5638296802147114,1.9162426167784827,-1.394260558573675,0
1.0315826997617068,-0.9591951483144928,-0.35089286138822146,-0.8948098217843128,0.19499711996960212,0.037182141400011505,1.0807820947372075,1
-0.1023210388572195,0.26912003111887906,-0.08598610805269391,0.17356691545616962,0.311467393514311,-0.47080044417118805,0.4234938121149003,0
-0.6619668892620167,-0.15931112292382907,-0.7747151158730076,-1.1680345693562688,0.5936965974839609,2.3570081152761313,-0.5946534397365406,1
-1.120842725770931,0.3864856610516659,-1.0394448177030375,0.9779107754352385,-0.11542936394668357,0.17465654492908914,-0.847544665435678,0
0.25504062061692373,0.8600462405656615,-0.5331834820299338,0.5536797315503925,0.5822360289490087,0.9361131100286778,0.873789654343852,0
-0.5468393145767686,0.2674549896783762,0.09301144287710851,0.025821228661498875,1.1286273720292235,0.5533987841227644,0.5178619393077899,0
0.28554502452280195,0.6688485292587623,-0.6137541221157351,-2.2956541913592106,-0.3360168860616593,0.023308317541618287,0.12296084231807891,1
1.2825189567506377,-0.4341442009759496,-0.2248791214076212,-0.7800634482446244,0.8567500917924835,-0.5989250470324525,0.30685810034860744,1
-1.040084183002134,0.49563244002578927,0.5441085149055632,1.6646367703244778,-2.392881871524971,1.6271117732611313,-2.376854110303063,0
-1.3432984985084473,-1.2939550849373254,2.8693021265437837,0.8080638045304513,0.8309049974592044,-0.9032659495811427,-0.9574685315704246,1
-0.8789981062369094,-0.2423223823034226,0.4613642896091173,-0.5959718177244748,-0.4422858872751865,-0.23732040399187684,-1.307294410481197,0
0.6727821829610263,0.13422298857415377,0.1536658201995906,0.1699545101119682,-0.9937614445090865,-0.5093206516416329,-1.0485325824538727,0
-2.272558725820541,1.196377125373457,1.1867692787596087,0.053067745076955906,0.33506723085232976,-0.843998048100215,0.31835720295680897,1
-1.6948764257191902,-0.7373226248330249,1.408386738106944,0.8078994746427703,-0.66750206265181,-0.17088377807167218,1.5187117471992013,0
0.8049285483360876,-0.0822910186351859,0.736792009057061,-0.746741451831367,-1.5208579643640607,1.7438679807441992,-0.25109781123310687,1
0.040955134578440085,-0.2745514918738968,-0.09527341953190352,-1.0975326431178136,-1.2136502478657571,0.4103968248947823,-0.8602006352557482,0
2.068747222387983,-1.0634829877639196,-0.8642398161960595,2.0846383719701334,1.201395986019951,-0.8036224507772597,0.32249090632045185,1
1.1531339638151905,-0.8609078308834393,-0.8754032372631028,-0.735394181489937,1.099856043922045,-0.24027191276997437,0.7195073466463034,1
0.33416225793948523,-0.24886727759880584,0.30471983611645914,0.5701431179660069,-0.25522014698808276,1.1494679615068755,1.146927143407609,1
0.8264502302351908,0.2750663415998954,-0.3878756913350192,-0.9998597192185406,0.337533052112547,-0.29762205928532215,0.7433741468680543,1
0.8554976378161557,1.0145731703272987,-0.5131977645377055,0.8137502086088749,-0.9558901223705519,0.45211589185475337,1.633602496505707,0
1.3989660534941324,-2.196837946669847,-0.9176354624615505,-1.3221845755219441,-0.5968591934476736,1.1845750024924002,0.6836504579654691,1
0.7214382258346531,1.3088232932292274,-0.9614757139654657,1.705703041379061,0.4662385672439136,-1.2621471449624182,0.3510519960782869,1
-0.2495265006266687,-1.3147934675165616,-1.6155256749185625,0.029535877917046677,-0.25828820430507404,2.340387452573546,-0.27841029356730634,0
-0.24367528155613755,0.4963593363226644,-1.3362294351410615,-0.6992989777330749,-0.5215758515025842,1.4193308821786708,-0.27884988227952995,0
0.5696835045256762,-0.1724107500060085,-1.006757486175168,0.5884119936511817,-1.5413501749570921,0.033587956483027474,-0.5394515623442535,0
2.4781365216327695,-2.167497137693412,-1.0022071629640719,-1.4550982186928774,1.2124333037786026,0.9100365717689256,0.5339001436533478,1
0.5035745626131961,0.3192905763280383,0.8957026089073475,0.8290599753663658,-0.1371840614312178,-1.9017704173592727,1.6273800961713105,0
0.04677184422805815,0.7230755416212382,0.03078255558325271,-0.18288014898819066,0.6041934614355822,0.0100524114397993,-1.2720888039261486,1
0.2437888001435628,1.1054874339422358,-1.2571005187155186,0.20814760481760347,-2.103701297751753,0.2925447331981304,0.6859362984123044,0
1.5047282374288404,0.8172097116705459,-1.062706769988311,1.2031407762787065,-0.43210985971026245,-0.896958570185356,-0.05774217851403881,0
-0.6086724969949,0.779434849684408,0.6423254930441434,0.3902862648812695,0.5834507734334764,0.10483235000168925,-0.5700426644040053,1
0.8512594037728491,-0.485157571087503,0.22120161355185528,-0.8520692897550494,0.17474075586688562,-0.6053397468915205,0.7980639494139053,1
0.4290286210443885,-0.2636234833545155,-1.1939307803375234,-1.0980293572980162,1.2666996489224067,0.8163091714479408,-0.6254636113811253,0
1.9682699613154795,0.3561872793459162,-0.5812948367222983,0.13054428296679374,1.6488398603431667,-0.6928734495087304,0.7912084478578465,1
-0.912409915670025,-1.2030174542696583,-0.07575277787701845,-0.561121399486045,-1.5929382590640664,0.4130859608597922,-1.914955755915133,0
-0.21451455249133428,-0.6995863813630058,-0.12695833368523776,0.7549775088596193,-1.0496874280973478,1.0430768163988822,-1.005911048861929,0
-1.2734050883584587,-0.3687662077580822,-0.036066860170062005,-0.024572439230996262,0.8714668288737036,1.768821238565198,0.1887097402033093,0
1.6518518637949127,0.4333195969398874,-0.23201622658896992,1.0802974684916111,-0.675692067539641,-0.6326463718206446,0.2332780288852778,1
-0.4671301999090811,0.2721917376629463,1.4701389487064787,0.32825240256647054,1.2251656035732426,-1.0288734257025824,-1.1129928194664607,1
-1.3788746646319014,-0.3138113118903947,0.9388566337403842,-0.44266028617919784,0.985763665246766,0.01609054416141457,-1.5005480410045746,0
0.8543871794890341,-0.14627263282344602,-0.138287087955066,0.40431892706098344,0.4687229589090398,-1.0923686279927298,0.42699379661333825,1
-1.2042613146901242,0.08506290510968216,1.4164946481859069,1.8299895582293428,-1.0787228865516059,0.6067609267179837,0.6519303167824525,0
0.8680253100486331,-0.4184560405784766,-1.7813151348085636,2.19644318300626,-1.8232251538891648,-0.2775978879633237,-0.5522872645391312,0
0.3343380706694707,0.20059906565508132,1.4873321234221792,0.445473327204422,-0.14732712400080794,-1.8438378026014215,2.2186573658821915,1
0.3098193952429175,0.6315262751326007,0.0317080192156962,1.701331726822072,0.14195820549694038,0.07487645280760044,-0.6149371418749708,1
1.1989603422622834,0.7667130286687484,-0.15804939017757613,1.7456953002318325,-0.16726414574066242,-1.1721375171638486,0.7560069230591641,1
0.03761734687788997,-0.2976050263434447,0.7923448331580152,0.006963450938567297,-0.1461011822492168,0.8633465942312437,0.4082921118554046,1
-2.3554139134190515,-0.595139005050122,1.9002992570446138,1.2820781402121475,0.1663299274164866,-0.24545113931919016,1.6750894416628341,0
-0.2569343551933703,-0.8667531226644755,-1.0027863090014593,-1.2371441455046561,2.005025507900132,1.030890357404073,0.7715372291179585,0
-0.3173718503491807,0.5274843548371195,0.24030875659098966,0.26165444309009606,0.6882072166474076,-0.04611100291383691,-1.010555125352654,1
0.8373134736578421,-0.014499344119730913,0.8689895827333142,0.2002727176454279,-0.7838544818591914,1.1323891121679375,1.2320549202903364,1
-1.5606158310562053,1.2845024067981299,0.5388033545646758,-1.0425163191894788,1.4460549174820518,-0.587191997217853,-0.7710366445676737,1
-0.7871106049714025,1.9558089448020426,0.5587272775715064,0.9663207672068339,1.0051670918055802,-1.0140593055505291,-0.8486358443844343,1
-0.5515028125234219,1.079858109949259,1.069877902359861,-1.6588068297769645,-0.02561434378800616,0.1776478651304675,-1.3637562773821104,1
1.3691832906683608,0.006122515135321723,-1.8728573725640958,0.6473860995522158,-0.5091253091883075,0.8469666777643711,-0.8131661475762968,0
-1.1687626411164134,-0.08865966321161482,0.7026567426379292,-0.9785304435606659,-0.6621660164121597,0.02427285958523762,-0.9787990418660215,0
-0.7308476072471253,-1.103097766936234,0.8654124025171558,1.0445416512050525,-0.6466045111930778,-0.5824201826974013,-1.1441006431567216,0
-0.2351573712522086,-0.9141156377451648,-1.8602264289237407,-0.09981963836870657,0.2539070780096833,2.387512608036567,-0.49523075148181295,0
1.4808999754740433,-0.6193167119293257,-1.2809889760004676,1.4361620607860466,-0.1905948255225985,-0.006002699354496879,1.1021925365447007,1
-1.4212811646359522,-1.4109867624586687,1.1475424239774472,0.1405437342180909,1.2639544988000044,0.05630468896497749,1.5396151174047648,0
-0.061658033498538885,0.5622525286569509,-2.4469989807466823,-1.1280599944767602,-0.3085483717496791,2.5578548125544263,-0.3633717043934245,0
0.8598782816380366,-0.3356595474046229,0.5847339366765003,-0.016778556387239612,0.3003158189174746,0.5594109118212671,-0.8676973432421674,1
0.6402039382537922,-1.9853703992399303,-0.5449173164258546,1.1014519191910646,-0.05030971149199073,-0.7774133381095251,-0.0013048372285436424,1
-0.864006478373847,-1.2653146799819341,-0.4714207842474493,-1.3551020000004028,0.17069942955979123,0.29931834878511654,2.3643489496556147,0
-0.004586442065144049,1.546722083162783,-0.2826193970426064,-0.8369913182445664,-0.3566575567874322,0.21116058909213226,-1.3229958938644109,1
0.05234919303780046,0.22543412715346967,0.28018477052180035,-0.7087544028884378,0.6295564403513718,0.3152216894636002,-0.6855301147285864,1
-0.11738361914236574,0.3024848299051806,-1.000858866870647,1.5027240607833194,-0.4092796580063788,-1.2056620135327971,0.00754141336598566,1
0.4061618789981277,-0.33825842736263295,-1.1257808395433693,2.734988618444342,-0.5091064651937929,-1.1694790324527473,-0.2857412209075345,1
-0.8510984317944854,-0.3187864628829611,0.0709850145696519,0.10388087370791838,0.3508670249614705,0.4634138000176871,1.3830616267996148,0
-0.4877373234103265,2.5468173335669464,-1.0504388176315478,-0.44655796487872657,0.01990907800017425,0.3707245388896303,1.13552137986894,0
0.5477407266512888,0.8418422874352707,0.3760975030094411,-0.8611237498989477,0.7303213898694138,-1.278615254464598,0.6092750346354073,1
-0.5801374302217726,0.5001303984862591,-0.8600735523849979,-0.6805700236894676,0.6442029884276159,-1.1942028758268743,-0.49698874465609266,1
1.203838877517741,-0.9054104546159353,-0.2696292296542008,-0.03505668563743453,-0.07678960670153682,-0.2933573197778022,0.35533669314237337,1
0.08244260853335417,0.17916577609645742,-0.12875386004568745,-2.255530741984121,0.6007695380538085,-0.39621504210558456,0.8869957985632161,1
-0.8426056658663927,-0.3984087203403034,0.5865774756774722,-1.1058184016903772,2.0634700568432303,-0.39764492896822645,1.3792191956931303,0
1.5743123373975267,1.0702552515984138,0.6278569630471589,0.0038553477834076784,1.7973689693118733,-1.482699261859516,2.008605345959092,1
-0.8782419087409604,1.0469227411695248,-0.18364028520041076,-0.9114466961521884,-0.4864236634629291,0.8561762774843978,0.38304473137099493,0
1.4974602549145308,-1.753754393607602,1.294718130359749,0.4716505529883274,-1.074468371669482,-1.2356170092194179,-1.2332444222538446,0
1.199782475732697,0.3981048583987768,-1.4792167922479387,-1.2042889331486357,1.307660893087533,-0.2580307595900974,0.29323387970933773,0
-0.10371186371085615,0.07895742991964814,0.27631783004341964,0.06512717716580353,-1.20057323180362,-0.9565402832152426,0.546259297592906,0
1.6822985104105213,-0.6915340738868653,-0.06861233218869843,1.45998284243373,-0.37128898699625296,1.8512674054107872,1.5436199617439896,1
0.5482643572076406,-1.2194205489462324,-0.5587855766368195,-0.4188879660159754,0.7108752220807204,1.3434170640504566,-1.4695015237685949,0
-0.2727246007863929,-0.84090385664672,-0.05009199749091414,0.4873084801408726,0.47227291726360576,1.0304610894202944,-0.7080094007738333,0
0.33012656212028835,-0.14051287287258554,-1.1436533059653602,0.08631066997666913,0.12454287242311093,0.6018682317816864,0.290788018391204,0
-2.4378787282383874,0.10277098492884865,2.2098013066043354,-1.508635781737519,0.4039745869454348,-0.6052431063578338,-0.6912169617036502,1
-2.306032413999225,0.4780416163294874,1.831614413257601,-2.1316012414129766,0.011442796611802796,0.42878618603795704,-0.4286784064754997,1
1.458184544045965,-0.7329562529390131,-0.23482738090865593,1.5375523949013488,1.526994642344116,-1.545155863534274,0.24575011394571136,1
-1.034502908027132,-1.7951306734040982,2.6390848202043475,0.35735107090676577,0.8664769913941003,-0.09124698748329263,-0.4571080462345473,1
0.8680208403086913,-0.5661093046965281,-1.4651335914042165,0.2779856989454795,4.140256289357896e-06,-0.1183398431208857,-0.9937930356650138,1
1.118665435800934,-0.16623695200651456,-1.0448429888844455,0.8522918257560084,-1.084144953242515,0.13018607450989464,-0.5108137549066158,0
-0.8064728432389415,-0.16958556081043852,1.5322290002036567,-0.7535428492033912,-0.28893142432696733,0.7072617857956615,0.8642338038434961,1
-0.5591755560977582,-0.11672919636996225,1.6110680960987713,-1.2273247375268659,-1.2030377264605068,0.7965948253048968,0.7294697563868625,1
-0.2264704609165443,-0.12596813263743784,0.9909100055819176,0.4393090396370287,-0.08583088054293285,0.5331450777972738,-0.08000993136331136,1
-0.8486295098442056,0.7317663537195613,-2.1480458256890413,-0.2111281991857233,0.3069612006955897,1.8186341526605176,-0.5399744551960061,0
0.0018032814568606607,-0.34899559308740263,-0.5237668921582634,0.8484557505417856,-0.9013679510387979,-0.906653948004617,-0.4855271016784293,1
0.5117173494703409,-0.5286419197053471,0.18911588801279414,1.9117668714855172,-0.775601312481594,-1.4125117855609333,0.5074746505360598,1
0.16111588394482051,-0.3357505173103219,0.67177869510508,0.5263919874524582,0.1696883659011299,0.47809016502771734,0.27519589536232225,1
0.856928224557303,0.4382702806513312,-0.5889439254644032,0.7185708867202607,-0.24808894561380668,-0.7148818787753124,1.1876386003608197,0
1.758272153231818,-2.116953220425574,-1.0575497494127855,0.29813699948227623,0.4246083367729569,0.36623493621436026,0.715718902704814,1
-2.27020573043968,-0.7284131451515515,0.27541169499125157,-0.5057469375047475,0.8681671789764219,1.5142062039647195,1.5648451005343798,0
0.3945091635809231,-0.6652920032293821,-0.4980327694864093,1.3916680793874237,-0.06897326447399033,-1.291048891337451,-0.7447324205220769,1
0.862879518285436,1.8474802106146704,-0.5721294225832143,1.0918739185082977,-0.9087783291676053,-0.6853103854324103,0.6004397001676169,1
0.4518655260100397,-0.397669843293048,0.5436933725646398,0.5299266839461099,0.33812948766133943,-1.4070942905879504,1.5921761614725742,1
0.2727247900574916,-1.4457710925267588,-1.3516946189146626,0.26453295962409473,-1.8023928208839544,1.1796261196362159,-1.4197566209297514,0
-1.205972202164885,0.0329052980941816,0.4094980134589621,-0.21092192037343613,0.8747342186772284,0.28966905346712013,-0.5778269852399481,1
1.7645640902271114,-1.6895104211547871,-0.6327955171781834,2.127124592029249,-0.21189579710508036,-0.8310727546593129,-1.068646615114475,1
0.7764650292541483,0.9564015900334734,-0.562656669440057,-0.45447974633038146,-0.46446824869969705,-0.4611586879094307,-0.1573195634863661,1
-1.6426737773540183,-0.25461970810535695,-0.15310093210723325,0.800799827971309,-0.3745315123026547,1.434573846766024,0.9746593325775142,0
0.8298435325235513,2.151749900561274,-0.18365852998320462,-0.8838697268337053,-0.625047181556286,-0.5733721373831139,-0.4719283869207682,1
0.8898232218761417,0.9319089836763935,0.5138942392433006,0.9695451243304232,-0.10215520411485778,-1.771019467194547,-0.05172391197753624,1
-0.22174587791646166,-0.8946921351416465,0.8156425739402584,0.08797473663572611,-0.48621848912371607,0.05517185841486453,-0.8291167887437769,0
-0.21075963205453724,-1.4679163628569372,2.3737984925565567,-1.5473260153865078,0.9317384490164639,0.2637667723334229,-1.1865406108779084,1
-1.242224372592608,-0.17483426592174833,-1.2962200543669296,-0.3060799378243462,-0.8067104882692532,1.2022974326783111,-1.2920437779690144,0
-0.27180853332913885,1.4153780184069686,-1.0931490660293628,0.06547223949807726,-1.6037828446854194,0.08794923713774241,0.6888237814995719,0
0.6022948190424893,0.24926598204547593,0.06557689295290606,0.16141388295848355,0.09192279752805421,0.8174020566822437,-1.0790107059910956,1
-0.2358766082805989,1.3895622987400458,-0.41579096725582537,0.6621471286211703,0.44474315512038354,-0.3831130788059194,-0.12559054918786802,1
-0.5197180975618029,-0.9682318742176131,-0.17796840673430614,-0.14786639150097203,-0.8722988660740402,0.30321272021925755,-1.5740004631336788,0
-0.4843694751421699,-0.4381738111920378,1.4920540302156426,-0.06779554781189576,0.5530019929317744,-0.15040411183325167,-0.3148938226244581,1
0.29162287089603345,0.2317768251973218,-0.9726500930286232,-0.05632531637785232,0.562713599078609,0.8292263939965414,-0.6912250939312906,0
-0.6753573032833113,0.9578617336050793,-0.20368358303963555,-0.4647861801825451,-0.15842985825918812,0.25090181748081497,-1.6202895820937384,1
1.4125215377267415,0.3667892387403275,1.4916629091332534,-0.8329038951372844,1.225956775711537,-1.2654485117188452,3.379741611324902,1
0.3886793125825765,-1.7430853015486325,0.3955255618826019,-1.3487063597663989,1.6592413752546633,-1.2803608609780996,0.6342783269423716,1
0.5991912895768253,-0.9081661758153985,-1.121882252590618,-0.9579247897030064,1.58725194343985,0.7459482040379327,0.5990403256234406,0
0.2654006151840585,2.0364285755322573,-0.3393554663160539,0.9071596272575483,-0.9081792225471595,-1.1395637980463884,0.3843636202779478,1
0.4097638580926955,1.8751630191127795,-0.05865601014099977,-0.24587410502101242,-0.2896149282364594,-0.9524905297676175,0.5777772787828721,1
1.7593781893360925,1.0364118141228322,-2.229768686214201,1.0718973053807805,-2.268891344530386,1.0629661526095553,-1.3105483055043872,1
-0.6955603429736774,0.6042250385792387,0.9678628548489259,0.4298097569736398,-0.8738077377599575,-1.2239222969434047,1.4874887844190543,0
1.228620159042697,0.915919459357723,-0.266967799587069,-1.4315313292410201,1.940931985418259,-1.790965125751073,0.8422889098170762,0
-0.2625788738555539,2.1548929670946544,-1.2850983394135231,-0.3118685722730087,-0.5263518955495412,-0.35666075809361736,0.8265315550531486,1
1.5488945252202468,-0.23409502174627164,-2.038176598791572,1.4879949609323615,-0.5744444406224756,0.5016374830116654,0.3251833851682512,1
-0.04596695817181216,0.23889706001628108,-0.2522376437626749,0.2827024214893198,-0.4645754213025535,0.07082770862159012,-0.18744370190509602,0
0.15227041323988086,1.4689269997241727,-0.7489453334824014,-0.2789769093945794,0.4618171540250867,0.6895160748461876,0.6726587691991344,0
-0.684467797714683,0.5976376414985122,0.36577407753209756,0.07866850098485813,0.9504515651034898,0.2560919282657556,0.1518715695147662,0
-0.03606944331469868,-1.45897021534805,0.7499296944695926,0.9795057282833441,-0.8555607918186121,0.28128006025488916,-0.6543714759919697,0
0.2746684851903214,-0.4521424220120564,0.4141366620439,0.35554941875936114,0.28092622598830796,-0.373365745350943,0.5225607798766075,0
0.02032221242750943,-0.37505047630612554,1.6173068732786315,-0.24643040007272474,-0.3253733040693188,0.2961574272903342,-0.4054061391202023,1
-0.18424600830309926,0.8532810554434478,-0.6633154577276874,1.5455165129808885,1.0381259027893666,-0.344260153201199,-1.2917168335976639,1
0.5400065314630746,0.5190036070604293,-0.0002726439021039773,0.30576310444485477,-0.8529127813190516,-0.6993797638639921,-0.020426566049011562,0
0.9040026744943084,-0.014469509322567804,-0.44172079006446224,1.4584435798832398,-1.5366230090202906,-1.248723862530301,-0.4099298083012934,0
-0.20682078651862668,0.8586492408623753,-0.4682630934097367,0.6410444234810091,-0.6206421643175177,0.47029055872772874,-0.2396573008605184,0
1.2328965017963347,-0.39286592330544695,0.036583762407766576,0.9656122266365473,2.3452602087055707,-1.666422038159532,1.7841384353912864,1
-0.12242562782587371,0.1516239735435258,-1.1529111457767427,-1.2124920553330225,-0.5287647588456521,1.2600907986722991,-0.9041700917413088,0
-0.9600736397249532,-0.4398146151380518,1.3307244531094455,-0.8037291485808177,-0.3371143238984389,0.7494950912855977,-0.15786969238007267,1
-0.3550381034210484,-0.025274420892532238,0.1484403524559323,-0.021725885411417237,1.5741593302180512,-0.6495713172982841,2.398708859047959,0
-0.8437464787405119,1.0259258901097943,-0.9970104323372861,0.4464942981767931,-0.14012155933835685,0.6857248006595741,0.13869423886437826,0
0.23116143547890844,-0.204486008058948,-0.6730254260143893,-0.9446351708346262,-0.7368179273290719,0.19413504658323855,-1.3739851659450684,0
-0.05903580416774707,-0.7084358492678834,-0.5687709891688205,-0.8370430716434473,1.5924853476388443,1.4719594569450931,-0.8044100843153723,0
-0.6533571780188713,0.3970547178724708,-0.928413871169747,0.4032295228964682,-0.2972177327559723,1.1254813624050184,-0.018237276607736753,0
-0.47993795669849776,-0.7416887994102538,0.643288751538191,-1.5555859410900565,0.1177268273886454,0.7043250708084559,-1.4598918937224856,0
-1.6450846480346377,-0.6895941508102734,0.3259714156741813,-0.6897148008800625,2.056721459813401,0.7429100731946425,1.6137625539509746,0
0.012659560230990378,0.45095646225964725,1.1263394205937285,-0.05489382464849988,-0.8872200970934577,-0.6635515361078538,0.44526800899564867,0
1.399114854583091,-1.0326827052187535,-0.48142635211588436,0.8661266409570576,1.2039175521831678,-0.9456296301209016,0.7878791605050801,1
-0.19273158452917563,-1.022710528545169,-0.1876087322759008,1.265059802877879,-2.759807588880092,-0.34974001168694213,-0.6417850804225494,0
0.4363158312729358,-0.06211040466572755,0.5118604675135636,0.18725632054700156,0.13543728963481225,-0.26730177704019775,-0.38114362563054044,0
1.6184912219186476,-2.209181853594292,0.7132221398110721,3.264540673396792,0.9538644254608006,1.009859843430945,0.9325467026614005,1
1.2924020060463481,-1.010554396014472,0.48481548766689436,-0.6607383695394925,0.9277169707164853,-0.7755442133373203,1.3135649589095435,1
0.5692966929178104,-0.3017483203744324,-0.5432247580377306,0.43713803027303344,-0.14520997533837338,-0.29154686553835774,0.6852006906413607,0
-0.4589185472047134,0.04171197885368459,0.8693452042970545,-0.5795305453622346,0.35611653776935176,0.13145930604643344,-0.39116650708226597,1
-0.518683547533142,0.07474089639454465,0.46585336435445934,-1.8163419010640893,-0.24099703037978207,1.0249098950220217,-1.7052191100938294,1
-0.21508017092834747,0.029061659570723743,0.11319578840768096,-0.3523886029042919,1.7339292453397204,-0.42751461857718337,0.866877174578475,0
-0.2495895385804932,0.9431360507575934,0.168317423886653,0.5710778484776269,0.7680638191467198,-0.5129376110910635,-0.5058859885271944,1
1.837731838657111,-2.365168434884417,1.1044096357027617,1.0913824547142243,-0.8527170917597852,1.956540599109379,0.9206055938566569,0
0.3149161164674425,-1.6567096773702048,0.12319623038793222,-0.2822023141722489,-0.16516481613257816,-0.7611254826250894,0.06526521703544312,1
-0.28572872902086394,-1.4227900257679593,-0.5269009887660121,-0.48152187826317405,-0.21645908031598085,1.0434270109755621,-2.121815401998813,0
-0.30170333937667193,-0.9266904496398429,-0.8351433993388397,-0.1895941998048155,-0.30325111143047884,0.7531924774702018,0.924010155508883,0
1.7701225053020067,0.6442396477429524,0.08771596871865577,0.3441788006984253,-1.431576682816795,-0.7644489011076796,0.859012395124251,0
0.9465990956282844,-2.2902096909128904,2.006243622627098,-0.25957251637348633,-0.5036723794460866,1.741656067625897,0.25206255514260406,1
-0.13181110943085372,0.30550912172576977,0.6489150492116396,0.9106628492293284,1.2064920579350693,-0.38589761293130637,-0.22813486336642946,1
0.36020798346555416,-1.8567151883976054,1.8011716592812068,-0.5925782053136474,-0.22182139779333848,1.3293523131793976,0.2892156079037821,1
0.5830892409825845,-0.41071143863508625,0.9999636464092513,-1.0473044140584071,-0.8601073018428896,1.4372845799694083,-0.000592727405174643,1
0.8683960833314623,-0.1206413693813277,-0.21728531766955766,-0.16367552008146047,-1.21387420188551,-0.7090804984512961,-0.8608972698613637,0
1.0134415307420392,-0.788475002120695,-0.5710262578879424,0.17837877853161538,-1.3629786897015161,0.15534970790022878,-0.8827169694851826,0
-0.5481459589800568,-1.0460814158395593,1.2028680786660757,0.9578612092365447,1.5768647817740804,-0.2975003445749914,-0.2833032235236835,1
0.2598360724925491,-0.6537067818342018,-1.686249163918189,0.016725614954867726,-1.547770159734456,1.0486063868869617,-1.156487142636053,0
1.4021402340921667,-0.3211020977207214,-1.1385798598776629,-2.4059186772242795,0.31977574121941843,0.8272061915089343,-0.13822462939846003,1
1.633142644611724,0.16834469828751117,-2.371602730842432,0.18221999366504066,-0.02828085731593104,0.6901747572768385,-0.8481348899658628,1
0.3640380414839715,1.4737861852704282,0.19112271315799978,-1.7753876798205066,-0.5948537989931326,1.1934243603616888,-0.11901949168080944,1
0.6658397807947068,-0.8652385040501884,-1.4583052222130488,-0.43100910350477767,0.753863718263991,0.7647793113084894,1.2150858356410088,0
-0.29596388260265843,-0.31198874234621865,0.0890293138886399,0.31779535739356013,0.8561408848154785,0.5509786835911229,0.6496163951221846,1
-0.16202519067336288,-0.6138877454481158,0.729746150969761,0.6541528730259183,-2.2037445311613397,-2.1273938839681694,-1.583690866545047,0
0.11922146993165769,-0.7999959313388078,0.7980169006705435,0.14690896468885997,-1.7494163711037656,-0.9438959837842862,-0.04535016432636238,1
-0.9678528544889342,1.6487931172572075,-0.8686730532212492,-0.9035004758528667,0.07971516960571327,1.07411270620361,0.29245747238736425,0
0.5361287944780582,-0.36060499453041367,-0.34803985775352014,-1.5095979130358248,1.149960200977479,-1.1060426441897442,1.3931831207548029,0
-1.939994123546952,-0.4611630091506837,-0.8430340281121578,-0.9770220996339642,1.3789352458939688,1.8732112221968666,0.7871377668883344,0
2.0261233776240997,1.163559627770484,-1.1070332190177505,-0.046756314117138854,-1.4472930678262113,0.798259274275396,0.242757554665537,1
-0.12143617726435961,-0.08704303744017086,0.689450618299071,-0.20396655918760778,-0.4274488156851954,0.44351839810203303,-1.0665425405733735,1
-0.1303798877359951,0.8114252527786686,1.615519994633068,-1.9992494722299061,-0.9751614995791057,0.47591017860968826,-0.9997100574842459,1
0.06735487551771749,0.03294197840999888,-0.01511994669572336,-0.3380450753894055,0.6602736250168841,-0.38014009814699457,0.26581545136189333,0
0.4590987933700788,-0.26621975573376977,-0.10737189460283086,-1.6640042502219947,0.7590636286638616,-0.5884774769869188,0.13212008223722682,1
0.4263078903417943,-1.1369577103353863,-1.4125938942891667,-1.2616647743318286,0.9019669069160284,1.4153310711778944,-0.13556009382528197,0
-1.3419800599444036,-0.3242887768829812,-0.6144008046016983,-0.5753266466399796,0.3051336726625378,1.5353950423863574,-0.030792333048093055,0
0.3391080794903758,-0.08444024548960681,-0.5588091615947518,-0.34049966190688363,0.8937726782334469,0.21362445060994956,0.5490608367425722,0
-0.2175470694858383,-0.6968042484379168,-2.1683467113858765,0.21257124007459455,-0.02957040609868417,3.594250614863665,-1.0227043098767803,0
-0.22678801244194693,0.8479667375063468,-0.2145691965235255,-0.8994152093450726,0.09940765123927774,0.15350697915999692,-1.687212180465958,1
1.1199762763292422,-1.684925394790449,0.2589984604009068,0.4093689390134554,0.5897381213575275,1.6166965641330768,0.22538160503534269,1
-1.0163025953667808,-0.9137088841825863,1.9504321758067749,0.0861672190508511,0.5928519462341956,-0.27231840044776773,-0.46061454609023167,1
-1.9407216708453396,-1.3922841560983228,0.3125420290541277,0.23299446386043726,0.31679290451243214,1.8082743665045935,1.1406188645498925,0
-1.445400210326591,-1.2881110869549437,0.5885893988947666,-0.14039454825655537,-0.443877990431756,0.0933428352281528,-2.148506785683983,0
0.3792850491918089,-1.2922799778431964,1.0294262018897076,1.410779735765074,-2.198746367063758,-0.9652996103609247,-0.3667370165286837,0
-1.0756005407677385,-0.3400139991170139,1.083764583007109,-0.10589402795103543,0.5729124968970197,-0.572571082385208,1.9001680245868935,0
0.44334777601103625,-1.5528250772464702,0.8503031735853228,1.266876502758789,0.504024736148988,1.0662048571288538,0.729702883880015,1
0.1612310272654179,-1.7929863644831736,-0.19217850408857134,-1.6882821639682681,0.6440822991711286,-0.4277914533837399,0.30505387871194517,1
1.2662984965995498,-0.41325544454590735,0.12575955463313188,-0.018148762490959498,2.420038265358231,-1.5208652057006389,1.3021289872452586,1
-0.1860942922418109,1.265463906079518,-0.7356193907989665,-0.15897928166930597,-1.554820114183577,-0.3851979556526483,-0.071339753261938,1
0.9323415160288282,-1.0468691225464664,-2.3206137877233504,-0.8372195835387446,-0.008886820086958507,2.1467060545395866,-1.8133875294711115,0
-0.41892749623172776,-0.3113915743412858,0.4306352781380263,0.22004708364714265,1.243756981983912,0.027741471446615523,1.5516204052039797,0
-0.5533465833824236,0.8571981957175056,-0.767766227783758,-0.9129789714913834,-0.16953205044264077,0.8945708398853263,-0.29670824754168945,0
-0.03486735636310121,-1.6173242471129843,0.6789459910518245,-0.07096437356770606,-0.4781849402290219,0.17917064086879483,-1.6703058475473207,0
0.08880284064856273,-0.4184327415875485,0.19114312192996663,0.8044575361585535,-2.1185635048763314,-0.24262639796073462,0.0641449657046839,0
-0.32474785645229903,1.2793662303243492,0.3233395587521125,-0.7767737994657525,0.7946627610542628,-0.9097959591800282,-2.423738234250043,1
0.6846491900341573,0.7570253884163877,-0.23738660949141466,-1.1312646328975628,1.121338117531445,-0.9635996953398271,0.36767309049621444,1
0.37717218536766417,0.18754272150791554,-0.9291788292372368,0.07477679320089776,-0.7819692386696371,0.7873941979846394,-0.002973192928396915,0
0.1388252918992281,0.34848390474624064,0.941861103739371,-0.13246913707549135,0.23088011586781595,-1.8009213987646726,0.7709812475421187,1
0.34383735989472436,-1.195198913481528,-0.17609455746175248,0.8234060043776635,-0.6803268678901327,0.08015918521660442,0.8304775767847253,0
0.121022817423653,-1.2946490324534996,0.6304735216320585,0.0015862138554024652,1.4030481484736115,-1.96341055465966,0.8138627848906208,1
0.5438354516820372,-2.464870662263358,2.5079980446810084,-0.7536190913382284,-0.21235431592951454,1.1708472436478257,0.24136809228108247,1
-1.0697164946947628,1.3651126350089708,0.00833543871458567,-0.4599639068464516,0.46098527777653253,0.8483465037572895,0.6860381797337788,0
0.6674329188189584,-0.003047508870025171,-0.049854636570427116,-0.23055475757385982,-0.5528109418019406,-0.621544136653774,0.08748287960963876,1
0.574772350966549,-0.8544747386493126,0.05737344695012669,2.313066414577147,0.43009232557098315,-1.9620465930644317,0.6649776867939998,1
0.5576228417922383,-0.518790445329712,-2.1358568926769843,-0.929991484011503,1.05813226162925,1.0570697037888395,0.516394580364415,0
-0.2015794942709457,-0.25493354606889285,0.0655631018359987,0.41667374343606894,-0.5072401231667305,0.3330183281169013,-0.2013211715653282,0
0.8947221033251548,-2.203360887975413,2.0080802055438536,-0.15888818565260268,0.0019730247904759606,1.2492988346371894,-0.30304376101931024,1
0.9050107731659327,0.44882047935767144,0.2353697379640161,-0.09261047336059387,1.9494528040361092,-1.9300159489803093,0.2987053207733524,1
-1.1178909340551408,-0.09597337462959003,0.7466414663035615,0.35591148302071063,-0.3711910960228524,-0.17104650176993788,1.6473808706396296,0
0.17350628659965667,-1.343341593157094,-0.010207155555712565,-0.28342561993127385,-0.17427408464739325,-0.8984368701327697,-0.2733289842265265,1
1.2578305956885472,0.33634282511330843,0.06378153657970399,-2.1862488830420097,2.1654148513268887,-0.6929393833111256,1.0971505279146734,1
-2.225606135301695,0.46921179767946786,-0.7284272071738381,-0.7809599123000961,0.7843446455443518,0.7872843869069396,-1.7958547254000592,0
-2.2455265683739163,2.067323296637334,0.6342826293581357,-1.245553411802948,0.5104197813962585,-0.8663881046816698,-1.181079732324299,1
-0.34588224269576484,-0.8007942962741109,0.8851482655413131,1.2199451855005217,-0.24810151899581215,0.5532117848021026,0.6599237784529276,1
-1.37974549685888,-0.11664859683494724,0.41857618087055704,0.14807375932384087,-0.2043355995727856,-0.049064586759419736,1.5739582342874108,0
1.1258663414083288,0.7883686842513682,-1.026396437924142,-0.5765865483101429,1.8237253913886093,-0.04610368576712847,-0.5661774648613905,0
-0.2220067713107745,-1.8054782271496235,2.237251423239513,0.45564548387452447,0.9915746553853261,-0.3779419700914057,-0.7599218072540943,1
0.5930717879425985,-0.28864216060811904,-0.4448311734511738,0.423501215278967,-0.10163918094083742,-0.7586974397593119,0.5865135831386343,1
0.8480837391793808,0.20532858535141446,-1.8173884433511762,-0.4250178883914627,0.06661653486044947,0.48529719339908917,-0.7147440830998909,0
-1.2300382647279053,-1.4723178334103995,-0.4303483815241173,0.22623230220275808,-1.1884646907883472,0.9986621354226053,-1.8256905261979868,0
-1.3654479224859304,-0.8390723404099161,0.6142572445690156,0.372583596338249,-0.0923423233649668,0.948412176374646,0.7868394981471486,0
2.08858721423973,-1.0281627053496387,0.46109684043069604,1.9004233805383646,-1.9350813668088578,-1.4921317798382818,-0.15542647797025927,0
0.3689299118116997,0.020696628096684405,-0.1810685604945035,0.0325118761688099,-1.5839556467133684,0.5471007574668799,0.37988638954856335,0
-0.4369569295853376,0.09059060865946064,-0.7489734720381173,-0.2515733574720623,1.598496616087705,0.5208772734898596,1.6101656311754686,0
0.8912555187105494,0.39616428842285767,-1.3369099543613245,-0.4774101282005318,0.5977885894213579,-0.0654391635282132,0.09082776826855637,0
1.1291774777623096,1.8239034807036203,0.9907801255376228,0.7772455395887001,0.6170089360433255,-1.8115278080248143,2.1099127196829444,1
1.6234181426311414,2.212215666234564,-1.9110485269837592,1.0868718613178028,-0.7878628115243929,0.13353353336944096,-0.5538035827541351,1
-1.5481771854956186,0.7232915816441865,1.1814674326549361,-1.4525857218488991,0.37821764971656563,0.29136825635066166,-0.41836646879390754,0
-0.14847406965885587,0.30767489196897335,0.48059349585472205,0.6440513567484272,0.33641790751565825,-0.2891392810243016,0.39801606243954374,0
-0.37087257698636233,0.0053128157245453285,1.0096660822004337,0.09853911432551625,-0.16817323499897385,0.2527061692081691,-0.15106295622288093,1
0.06736336489061172,-0.2782900254915849,-0.20342660971168094,0.22622976645226955,-0.3671769423699643,0.261339318914836,-0.7073151343548167,0
0.0009061727984158841,0.1829156541803419,-1.7554305682714737,-0.24998675663631584,0.9968023126713176,1.7060442326013652,-0.22424068482306872,0
1.0119564836659956,0.3722061813861633,-0.14147550012443186,0.4577915084704273,0.5800823045209603,-1.2694701616046722,1.191305306428267,0
1.1388975872835003,0.6756639265069507,-0.47162420695640084,1.224787684974575,0.13332421929504337,-1.1061760134179206,0.20491280086281907,1
-0.07527573484020754,0.696173687349992,-0.8288296273911379,-0.29780694138893743,1.048510145825724,-0.7930508290366514,1.7222670377777025,0
-0.9039400054647121,-0.11077675096047947,1.0088799674170879,-0.8953729921550139,0.5062537982729672,0.30715952311435746,-0.4741763193174252,1
2.401015125830629,1.291314620752138,-1.1624091095740547,-1.0821791015243194,0.6255983005972333,0.5719888352310766,0.21724132385401365,1
-0.022222112216513615,-0.9683419651186811,-0.20253936796941194,-0.37052478642963327,-0.917198908331131,0.34083238627506773,-1.499041149556363,0
0.45280438653016775,-1.2800615849987624,2.242828861941992,0.6554913138303072,0.09492436440402889,0.680009367070304,1.4378421352531578,1
0.18479969706327778,0.7167647233507046,-0.00039489357943376085,2.3855647739499344,-1.8229483705332543,0.01541799931977648,-1.0399103781437564,0
-0.1898783949632025,-0.6649821734191113,1.4435543381108462,0.24661136059855934,-0.04265466309765925,0.6330670794632471,0.5227428425166912,1
-0.27913132446298716,0.6124260991819798,-1.8675151936367016,-0.2187804669927171,-1.350767044707914,0.9692664024294528,-0.5102677973583999,0
0.5983097200528349,0.11589758633925432,-1.0632670618643776,0.46012181328099916,-1.097929495504459,-0.04979115216896741,-0.4720844023523626,0
1.3368206644405571,-1.3860746862216347,-0.33793890179866287,-0.703062835372047,0.7806708256209874,-0.3181001881601199,0.6198405773243784,1
-1.422330779672447,1.130500556978159,0.5602307771730992,-0.6573171339827456,0.7751509154265159,-0.7718666117743003,-1.715734225955985,1
-0.7267241034912042,0.7165292932072813,1.4937845838442776,1.461471077103607,-2.1443878426399987,-0.6298500338152282,-0.26035529107872246,0
-0.42623687083542816,0.21737952992845522,-0.6308264838039045,0.226837355930599,-0.9183488340274893,0.5258631773636654,-0.25582934472220675,0
-0.044493065081153714,0.15801567046490375,-0.7633134468611126,0.0834639059135842,0.832653409095112,0.9013372380782054,-0.6302654756512619,0
-0.6710280807908992,-1.1778649868707103,-0.9327998579214644,0.8880370767028419,-0.6171211554183093,1.7275740440851277,-0.795505100228303,0
-0.19038688949716,1.4307221775987178,0.16131116355600714,-1.93697985282522,-0.36234150794059883,0.4011330040347704,-1.5849389696150917,1
0.2366780235002335,-1.9608847301912742,1.9341420166196928,-0.26780594854452905,-0.6265430179225242,1.2854142362636374,0.07591223368610896,1
0.8596970550921964,0.30119452238381283,0.5688297731987364,-2.1731448336442383,1.0197295968300657,-0.5239457886231587,1.786367556915847,1
2.1621042049646193,-1.1512220940181301,-0.589592532412054,-0.8867875339591673,1.549540656418173,-0.08027487665115003,0.26242261356057844,1
0.8419155732515373,0.042643507016451296,-1.073759494844618,1.3353714801241663,-0.7527383218801637,-0.5915014674988721,-0.6006336266288798,0
-1.3635385232081685,-0.20450560798461037,0.9412161046422718,0.50748978206962,1.10737371001052,-0.5180202963257577,-0.9737238226896578,1
-1.260190572702354,-0.014675189589975369,-0.6417116934393032,0.2357345325513691,-0.4840743668741391,2.4361429006308546,-0.51707115804386,0
-0.42490302942222524,0.025864219150734488,-0.534940241510791,-1.5918072674317092,2.919992519359915,0.35456862462420413,1.4299851775457453,0
0.03235641022759785,-0.8460260841976492,-0.5169768756959395,0.06190746464197084,-0.7376354222583389,0.5974729070504132,-1.177195081513252,0
0.515108536986883,-1.268190071937176,-0.386749582482227,1.2309749646292383,-0.2602109486668746,-1.0428670257635322,0.32295956551861227,1
0.5114842206802556,1.5037567238919727,-0.6574390279403299,0.2280057097386936,-1.0258980972900302,-0.0023151961455483102,1.1042206357158901,0
-1.1759715604035843,1.1106253400599708,1.9605818001408397,-0.5326373776789798,1.4227989603298623,-2.753152068060651,3.4799306288360943,0
0.9339279008817402,-0.09999702225718689,-2.458239688318732,-0.5110165391778463,1.8586763910241826,1.7643712675451517,-0.6511664757741601,0
-0.460785273520178,1.334568975428821,-0.8797049685477756,-1.0075860447659795,0.821824125095395,0.9322359504525009,-0.17859016946858652,0
0.40225226483040455,0.8849884001190985,-0.4803655580298535,1.0637176734538696,-0.5731670446287523,-0.04000102324764791,0.5559764454910838,0
-1.5163623211981931,0.9848640246166792,1.5704024378312196,-1.7185680524423832,-0.48854273797159864,0.18894478696955025,-1.5131775578580033,1
-0.052395230589985756,0.9479374137444748,-0.19885701097693523,-1.207914265261347,-2.0254708210119245,-0.02943987713050386,0.21691668509907963,0
-0.1622828539495355,0.4343133660593645,0.24434868175874788,-0.9717324678126145,-0.8104457331425035,0.9839628363826535,-0.2641908001217752,1
0.6612901714040387,0.5282868553074085,-0.5775832280151906,1.3820647518454359,-0.6194524900328058,-1.0129081199883079,-0.04383626786182563,1
0.20780553992292453,1.3215828073702691,0.37445988656018603,-0.7626808223439825,-0.263807226354184,-1.3577589364711253,-0.585493486896527,1
-0.23180139129236252,-0.8655931210237352,-1.1743089792716042,-0.5832196874480294,0.8599974947523762,1.1900124042438962,0.3118891013667051,0
-1.0645125754256868,1.8587659282364297,-0.2999794415427877,0.3371402678943427,0.11334064904010789,-0.20152498203915192,-0.42169207114214635,1
1.0842621127289083,1.3881462148821824,1.008494635173148,-2.0051391660993834,-0.036653658342435655,-0.8386073001603377,1.0293321895063265,1
-1.4322775895995619,0.8310713268404286,0.880560456021223,-0.08094731464592432,1.311423405044238,-0.9303397017953982,-1.4271032666582144,1
0.8470867036362787,0.4064319113874027,-0.27031172072653564,1.0495553252401122,-0.9704553357279617,-0.610018064418823,0.8283838339079777,1
1.006208014308875,-0.9639310914214249,0.5273089719323872,-1.3115337392883084,1.2679289150939632,-0.8654231540257898,1.1799318817195303,1
0.08168118624559931,1.7691748453687173,0.1466189251900804,1.8317652606265973,-0.6921039535669263,-2.2147232345795516,0.7552288476730108,0
-0.601682268089037,-0.19616624704941943,0.06210788231884936,1.2057179547154555,-0.9732832671231952,0.06335349530762298,-0.009089092650204925,0
-0.2043539657638522,0.6657319543767932,0.014973529331942697,-0.6629975108431024,0.22630446957139788,0.5121967951745642,-1.1439624052411812,1
-0.4122961127734729,2.390528313728459,-1.1672455774701285,-0.0452626387729422,0.1518885368353194,-0.24192074965818777,-2.1575715834971256,1
1.066462074679334,-0.9830300759783042,-0.7721517282689248,0.12560486337457802,1.2871273546407755,-0.6779383443873027,0.6568582045101066,1
-0.25539005064448095,-0.418682376666105,0.06472257104402568,-0.7589793963359228,-0.4182113377727374,1.1765280614840739,-0.9578715854583658,1
-0.11640659769531836,0.3461369296342146,-1.8628363296747765,-0.27200172901669595,-0.05719999629096601,0.5979492315902712,1.0059774247876394,0
0.0754945037934477,0.19011126213724083,-1.5104710122876475,-0.8944937894477234,-0.08385150211191471,0.6263157359116457,-0.03776445357365431,0
-0.5087187281047899,1.839063208647373,-1.0846085337692966,-1.423056629462165,-0.3175589576166939,-0.568067089196943,-0.49023297475653094,1
-1.2702032543775297,0.18068588149104334,0.8178063034963334,-0.20088396391489086,0.24794364486582093,-0.05943243847328145,0.3723668325432031,0
0.7809681914675305,-1.8874066126471791,0.9857037149753505,2.201949632184718,1.4334955661315687,0.33639909100943205,0.327040835069439,1
0.3883520858455638,-0.9696996463308046,-0.7093924642790118,0.39036913645709675,-1.6535173929026732,-0.097796504316849,-1.4625629816261994,0
0.38083606827176275,0.8158361714341792,0.10490818996043141,0.253741335073923,-1.3234224501535663,-0.630645693104236,0.558682374083991,0
0.5436225129579088,-1.1890671970325826,-0.08923707346871722,-0.21558078746789489,-0.3088716122539927,-0.7686939920198901,-0.24115678769646795,1
0.12422925377465775,-1.4903993327441796,2.3463290303423787,0.953841459594026,-1.2471327823459337,-1.728632441345424,-0.9618001387326679,0
0.7216054421477388,0.06010043941133643,0.4373753961316057,0.059632021983408216,-1.9069839358388447,-1.211711824243458,-0.29098983959782443,0
1.372159966199213,-2.018559381903737,0.12224715346634857,0.8077011594268739,1.2045804705165513,-0.9855388861656923,1.2277511355284982,1
0.22207682585459246,2.297475219231013,-0.5177026475819594,-1.83271963213732,-0.16965350381039593,-0.2753791964690483,0.8862659230742062,1
-0.4644915280968607,1.9888707493060036,-0.03707515343712179,-1.4479621022563813,-1.1459673073434207,0.32864275280041183,-1.4161887852307609,1
1.4246570247422712,0.4781215140161973,-2.770126888187209,0.7390205035493409,-0.009701541348470016,2.412587533625496,-2.3377470964525253,0
1.0518478536944538,1.1661129556504732,-0.5853004533123665,1.0516218735146359,-0.47433372705126614,-0.6530637833673245,0.8891086708511702,0
0.6355712956112164,-1.1073209836307396,-0.6330528917790649,-0.08395337415558572,-0.9440885938104677,0.15057675716030572,-1.5375693460845827,0
2.0323770706680993,0.791464293600697,-1.8263428193526172,-0.21700741152556766,0.5072235218276214,0.7901590552425894,1.1475980280131013,1
0.559575984472354,-1.0686904967525248,-1.461541608904584,-0.2250771787485599,0.29660938823606403,-0.0878236862407498,-0.5019610117076339,1
-2.028081844060489,-0.6336992971071171,0.459434207524839,0.1255290217714368,0.17339579906385647,0.6815008583657497,2.631554360238985,0
-2.0437018113596994,-1.411131345707173,-0.20853638207418582,-2.175442712491987,-0.9384304330714849,2.8901409076441933,-1.6929113376503842,0
0.33329619413133277,-0.2978450990510562,0.2697255607764296,1.3157763043062076,0.7551594529281441,0.26497181896607863,0.07257041001809385,1
0.902819965118557,-0.8976562228642183,-1.122564478379824,3.244626881741535,-1.127461675283976,-0.6764369541131103,0.22677611711792345,1
1.4764223022659786,-2.0495629856567943,0.19487331436413768,-1.790943618917362,-2.3400319645938015,0.2725778278709259,-2.1025412038644347,0
-1.8719543098513494,1.7328435735746794,-0.041427722756416624,-0.6064808956706876,-0.2929843041801866,-1.9278746260304893,0.1946137734955202,1
0.875610646187476,-1.3353778821654718,-0.43526942734789315,0.9997082206194192,-0.8091686117592424,-0.474560167196734,-0.24121238509562548,1
0.8467280299812452,-0.6270001206931015,-0.43392311752970053,-1.2645033296332142,0.46115253800694905,-0.28243975654870435,0.24810906622858267,1
1.5250752204989735,0.00016900571381796878,-1.5967357466274732,-0.9311735977225432,1.8259338383316346,0.2480192708233938,-0.18127208817606336,0
0.10414959248299925,-0.3352697936819935,-1.0071709049484237,0.22671951195111287,-0.18898949410442642,1.020474655914248,-0.7115521368233841,0
-2.028516303827167,0.7385205178252425,1.4440476560415925,-0.021229212567226204,0.868786887506684,-0.11304259217415746,1.753040283534365,0
0.5827887945671134,0.012867638885345055,-0.9650266661795482,0.13816976147499352,-0.8196620389966573,-0.20313606496816955,-0.408943146205935,1
-1.0926727704359844,1.5393840924141655,-0.4570615416274973,-1.4788941103602182,0.5840390666289318,-0.249167123762888,-1.7489416603736558,1
1.1610251721951748,-0.5763741390004594,0.18907526106062286,0.22521064491006096,1.0044364748472312,-0.9643314180122149,1.6943804451053581,1
1.2396317430039996,-0.9844525214291666,0.6008115731706438,2.0582153665389713,0.41951237408950953,0.7571885362795406,0.11139614956818729,1
0.07786368109496249,-1.889954046000479,1.3843082556837167,0.0998190596850377,0.510716153972102,1.0679372530906148,0.31848548320704007,1
-0.12819914704680613,1.4792631396928597,-0.5540710884989309,0.24288132294375747,0.362455021428233,0.3090829655785307,-0.5944034017035728,1
-0.22388797206446193,0.7132730605033472,-1.5163278925113075,-1.7837820537516806,-0.11659664829100373,2.2837602510350923,-0.1636989770571591,0
0.0006171842688728824,0.3582526553093399,1.0974686412031545,-1.4713001227657574,-0.21744375533841026,-1.2026071471902224,0.939836933786203,1
-0.18500255303935922,-0.031806297026742494,0.5634753381907918,-0.5561970119481581,0.5042041976591292,0.046972051612418665,-1.1275905695730413,1
2.1446826656420845,-0.4123700766464366,-0.06787441445628262,0.7522168947456747,1.8122419658713083,-0.8691611608566505,1.9254072581491504,1
-0.19898942409243633,-0.080374119180214,0.0951143700551763,1.1523112757364964,0.394967260163554,0.40639573257984174,0.1256330133495708,1
-0.5139504098894301,0.7231376039937714,0.1647683744995175,-1.4208580062172183,-0.02753411541498757,1.7211540637394183,0.6781223790360069,0
1.2702372063723315,0.5783123445819722,-0.7015457808149831,0.5181212138966935,-1.3805483860121708,-0.03024528870325621,-0.10883643198429656,1
-1.3027877676861654,0.32653824844122553,1.115791852507292,0.3959849229489838,0.5664479307955078,-0.562074406854492,-0.005496179106535162,1
-0.44071716044914494,-0.39367459054963255,0.6760591949825303,0.3789932003044959,-1.4999956707448945,0.49575292448767116,0.3506068642167262,0
0.5633597389091028,-2.2523808783970396,2.047374088358187,1.1191581953701089,-0.19815903246972913,1.1361604881110199,1.7450183244639415,1
0.030257099218895935,-0.9364051029344822,-1.112747509817239,-1.4111452102268687,1.5663853780456662,0.9028886668177936,1.138604411840672,0
1.3661747718955843,0.39554110894564726,-1.5387089435786467,-1.2716953373458637,0.5324729830055038,-0.39406853308736056,-0.36732706756881744,0
2.3268528132686424,0.5964440160788343,-2.4421612832761843,-1.2846471569042377,0.5494111390563107,-0.7064417018097958,0.6042145256141128,0
-1.2478424085678022,-0.4074647164752205,1.1831338073406914,1.2312039447513365,-0.5056821513343173,-0.5767139775573589,-0.3957913915916025,0
-1.1382566242401282,-0.2356564749976708,0.767574756072676,-0.7575804118160357,0.5899836955916924,1.2344786749185375,-0.3926595662540278,0
0.49236585581013637,-0.6901490505630179,-0.32202468331764833,1.7017716303562136,2.002153552058101,-1.8355845273377107,1.5228522564922253,1
1.9098829170625489,1.04295244899919,-0.6330719607424531,2.5180780735749533,0.4314020332117285,-0.8123730669069945,2.2550076398855983,1
0.33143377359572335,0.6734016227740648,-0.6192251544674713,-0.5145799043334282,-0.6578818303289649,0.9261893606306509,-0.8412662363470788,1
0.7628223093786206,-0.1065185442556383,0.21351307746605483,-0.008226491987032703,0.8519884688782267,-1.2327640389416166,0.7104090913242109,1
-0.0031911631365419972,-0.4061260944408662,1.3114985343141865,-2.9266667240747477,1.501355776384631,-1.565978105811116,0.5304625980346884,1
-0.8384525041327594,0.9098424290054866,1.1740840447981669,-2.3381786664714364,-0.37420823453707014,0.571646557917023,-1.2813679809305298,1
-1.0998732807638074,0.3146837957883472,-0.9365481050617797,-0.8315184096758576,0.49237621002369825,1.7906500576717368,-0.5436493209840525,0
0.4007466705269414,-0.5806342801590805,2.147519155609346,-2.7654116676231637,0.8660101306388367,-1.503822049656193,1.209370719267949,1
0.8250218778418485,1.03788188410236,0.025506236927150577,0.24131789379312346,1.5062524351655335,-1.6478204744274492,0.8775239968823623,1
0.6568612042628614,-3.178136510570947,2.6590485830708817,0.0644092034326545,-0.47429528822210665,1.2527635577474185,-0.6612511196840716,1
-0.10376478940022815,-2.2842223491561024,0.09122009202159484,-0.4362111863668105,-1.3852594224125223,0.983780347266513,-2.03652243983466,0
-0.9264576691761696,-0.7056773188019401,-0.29921566978024094,0.36260451590095144,0.4975182669409784,1.1488927517330798,1.2318549900710571,0
-1.2039069588247613,-0.34583028033555135,1.6355825772679742,0.038185903675287756,0.6545222529117848,-0.35051775764915727,-1.5313914004427018,1
0.9849771584410502,3.347029399358598,-1.0786915754163262,0.8266252201566702,-1.6058158257515738,-0.284993122821866,0.08509171363720015,1
-0.1747432153447837,0.18211149150348016,-0.40370388081537284,0.8929390729510028,-0.8733497222178948,-1.0160844887335372,0.19972137985150215,1
0.43309342447845894,-0.01575497758738445,0.3484531455522455,0.10970649034561807,-0.8090202710667392,1.1094284701725912,0.7406391359387969,1
-1.4666770580430535,1.4096887067919293,-0.07482782008541473,0.7474819252035895,-0.15730129705262885,1.1432272968643318,-1.2637692056084953,0
1.0893800876712898,-0.5876711417684959,0.6104213983640072,-0.01233769185311038,-0.7243925103408149,1.5026971371478568,0.3753181111455666,1
-1.8891665697882498,-1.9363108049671092,3.528921356509218,-0.3646282029873705,1.1889336135073736,-0.4461458008303595,-0.619911531572547,1
-0.5746715445074979,0.8351077713356074,0.9793271528290702,-0.03255448929986691,0.6168501111521297,-0.6965128426247661,-1.1573525257053727,1
1.3949322578365766,0.38356916226580806,-0.3248351602639084,-1.6228440095852306,0.2500185132151933,0.16310727034572176,0.9549663285117853,1
0.00045483349746689653,-0.3116519706775718,-1.4661766532447607,-0.1283231037802758,-0.062199350707503286,0.9486225044681443,0.4399740359294632,0
-0.8939093978348399,1.0585113269407436,-0.1795975542128417,-0.46637517209274026,0.8776519711733537,-0.5863480678050207,-2.400447982233467,1
1.6557833755110238,-0.43171884426945967,-2.1424527677340746,0.2266296032757007,-0.02321949401945409,0.7410791211291852,-0.2057629548643572,0
-0.4754807048758755,0.030381650155145917,-0.08369807557938337,0.3976574399715995,0.5747971428853828,-0.19010349747295074,1.5135191046472791,0
1.4467442467535057,-0.5155188899784863,-1.134276128924823,1.0025066137096543,-2.343878806973436,-0.5484593391105874,-0.5681662306146867,0
-0.18242762723789807,0.7579374427863723,0.6487772900008633,-0.7647900785578033,0.6498133266223094,-1.5839907157812902,1.1760734838401479,0
-0.7072163574349185,-0.5072364087281672,-0.5454475190137611,-0.024598532231806344,0.015059725210051876,0.8409829528854711,0.9430666809851518,0
-0.19449337534485162,0.3705490769508245,0.6485217589889487,-0.054191609200637265,-0.32474705899336764,-0.0748030618524534,0.1991347815477949,0
1.714462930824531,0.3719478487586388,-0.9224706255767208,0.7931719412841043,1.0502017421903436,-0.6702960986163002,0.016722876602250983,1
-0.3123413695218288,-0.5917725116028254,1.3647171867668213,-0.5604558241360915,-0.127385440008234,0.5635880290703978,-0.35447150455522297,1
-0.22652871844172776,0.5167152056852782,0.13167573928656925,0.20276687769224022,0.43257696020001285,-0.34362037842273735,0.5525236848897477,0
-1.5231547453136582,1.175846016852613,0.793989566921815,-0.024166089847710404,0.9849206090856526,-0.8231355383119944,-0.3099983836985717,1
-0.46103998081529796,2.332624340575391,-0.9649915169376521,-0.01833718628441974,0.6915991642440259,0.9694626643392703,1.4383803554295054,0
-0.7105159753317294,1.283209853237302,-0.004723716710467607,-0.7430119458431939,-1.1687085163716548,0.9366004804354812,-0.10155003138709728,1
-0.6322451242879724,-0.225388496738032,-0.11164184033265798,-0.012482830428494596,1.2522438147496913,1.2928896007332944,-0.2377835651733058,0
-0.479566794924253,0.49463445544554097,0.23305257946361516,0.170222455838958,-1.857567519758791,0.0700837691894213,0.6179745534121414,0
-0.8652948375723123,-0.21249209907397446,1.1771449031729655,-0.03750614506412754,1.5047649351154124,-1.0195059645568167,-1.9260626420753877,1
-1.4211331932685787,1.6720358360613155,0.23424865043149481,-1.5451994265555204,0.034082956646319405,-0.2894819296100697,-1.4622768543444904,1
0.27734787810877587,2.5023390041511773,1.1272663528129685,0.5523751727341908,-0.01918861618106644,-1.4193317450330059,2.2936949585497697,0
-0.21801397246303802,-0.6119868530049747,2.0228341405237322,2.017266968684158,-2.774411016988607,-3.259999538373758,-0.548728106186794,0
0.22488756594526527,-2.321342206216269,0.37377884810614864,1.394128985325807,0.4614160716632656,-1.6769792469828178,0.5629438561883731,1
2.0120097356605857,0.20036182281981682,0.1606946368077644,1.4347139149202655,0.42538633577591267,-1.100399991058698,0.5787101414237826,1
-0.67465485858749,0.24246984503836114,0.43103469511321024,1.3203344398171832,-1.1829129165925332,0.2937708089594251,0.5465710971360267,0
-0.5386241377748696,-1.1156671332623467,-0.18032733779790444,-0.9450383979236766,-2.153824204372454,0.6001362945752052,-1.5933914750583549,0
0.5573189224514923,1.2137028121353133,-0.6777439804532852,0.3910667051671336,0.7086790545129602,0.2974856833220338,-0.6829178252576774,1
0.19592080322946823,0.8754049287666275,-0.013255973167141149,-1.0255436987710564,1.1490338051348994,-1.3776539196392277,0.08560823570674891,0
0.5724753845068912,1.0076543191403495,-0.025802026721394356,3.6571345211005712,-0.7873744035459744,-2.101727655896988,0.8704914245543289,1
0.4109394493031564,-1.1501794159376362,0.5715420680863595,-0.45407542027358144,-0.20969852599118707,1.6445458032065137,-0.1158701338937281,1
0.00691528073289939,0.6008527498880647,-2.025958353796678,1.437658732991065,-0.17134170939936222,0.7059752535566346,-0.15584647510515678,0
0.9213828285156083,0.2742801896992868,-1.0832389320923956,-1.0463272813514362,1.0593644357112224,-0.3907547527331314,0.20197852286341217,0
-1.1526697549668876,-1.1192087010209406,-0.10020997025310999,1.1620302414828825,-0.46094529455797567,2.224260812030534,-0.20174925589629553,0
0.1433357049080347,0.2043088647039991,-0.7315590321338237,-0.22921717983688,0.682879945181843,-0.014255567606256233,0.6625418784184983,0
0.7883422760002067,-2.2005856979785294,-0.015605594595813772,0.3555039968971131,0.8885574452843773,-1.079324307293937,-0.35877209349759537,1
-1.5147082735682484,-0.5573662542286808,1.7385929773804125,-1.4353015561891869,0.47428531071193786,0.01306474209954347,-1.5397628163516786,1
0.2770129807549705,-0.3390830572848152,-0.12090631067692173,-0.2626040559706862,0.9210568620590772,-0.07931627602183694,0.28829969704212527,1
-0.0990127013123609,-0.3598031340908299,-1.043675713241193,1.3099558767633102,-1.8301125675285663,1.090787142493065,0.2155949013731596,0
-0.4812406869463416,0.22860798134923874,-0.7688753358513408,-0.030777499784742163,-0.1603008650911118,1.5196196800280788,0.09147694765700208,0
0.06348803091297979,0.4882923980568142,0.5301137285502098,-0.2986509030084954,-0.7022398834104927,0.6017616880017621,-0.37176377794291005,1
0.5552309727280305,-2.0546086755261106,1.9110357870763615,0.5232731796957425,0.6870175520608348,0.21358928808464672,-0.7056199820263355,1
-0.46349199712301276,1.4462989214510378,0.5663568177801397,1.8471296315423715,-1.0694691943715886,-0.15852113997956188,-0.2630882082769535,0
0.03940274690171197,0.3264886338853824,0.28873298878102155,0.898313970986078,0.3700828532715186,-0.016684229258224686,-0.7016797826398338,1
-0.273172915180393,-0.6739232144196011,-0.1807123650950244,-1.8079963307085043,-0.3790006281151041,1.4258441968194364,-1.355558767236717,0
-1.572539597560607,-0.5817638450615847,1.974328104803924,-0.5240246234618554,0.9399740872213106,-0.0012420400554468546,0.5240118539819906,1
-0.1445834179451032,-0.7169083796747397,0.320728444910264,1.0187423947818925,-0.7370133688201512,-0.8628852312690206,-1.2117798581866446,0
-0.005171909593793833,0.6444838253889598,0.008211691604138554,0.2226137962334354,-0.02642665378590403,0.5527020890162775,-0.35873825061320413,1
-0.6195607928921926,-0.010903190796080474,0.04995821069474145,0.0055363907147059545,0.44108253436420464,0.1314375135703469,0.8561987320537197,0
-0.5872085509772651,0.4386770835431054,-1.3330883268169067,-0.3342308719140075,-0.2464593315868518,1.8526552937610248,0.1155579289310807,0
-2.1536885485916297,1.7731039401675064,1.2825477352297099,0.6563960229946605,0.8069320854743819,-0.20485326599488682,0.7083824483318109,0
0.23109681640679608,-0.17138265276160808,-0.5863708959775925,2.545304581935544,-1.7535767293064342,-0.9664365265002073,0.028544309030854264,0
0.42171606853913585,-0.6335448030611965,1.2239084856416955,-0.31791547340779996,0.6112422112737533,0.4061806040924359,-0.24315712371931864,0
1.0908178150308603,-0.13924775258883124,-1.1220716827735295,-0.510324754658637,-0.6214517583260659,-0.00832507380943586,-0.7054197645530372,0
0.5380313539049443,-2.1797126444676804,0.6918266500797757,0.1768073152282955,-1.3343470423591384,0.5179877169450801,-1.2830871919681444,0
0.7833960925883606,-0.10888003089311565,-0.17919377526186242,-0.8866003160369343,-0.5876005041739271,0.7256075422495174,-0.34596250297745557,0
1.131622283481373,-1.137206038502464,0.8974353378576387,1.0612847690997163,-1.7531863240852288,-0.9675101018712967,-0.28683544446448234,0
-0.4990924429156048,1.0767714148227074,0.7312590215047112,-0.14153321496892346,0.6732532921805483,-1.313797787365423,1.0401191505320513,0
0.31540249309901025,-0.3352574339085518,0.03707714781829902,1.5712162971435315,-0.187718853119734,-1.62383672921018,0.10278577149655319,1
2.1657660033825206,-1.1261450178653076,-0.3566773332257677,-0.39205122702198564,1.0480015126336255,-0.08450081399700413,0.968154917528849,1
-0.3900718895778603,0.8596469931583091,0.5698361729108808,-0.059284632698282595,0.6683543936399641,0.044924532381661414,-0.3966519686072941,1
-1.2010296478059124,-0.16180918961610496,-0.3765216084501889,0.2089308573776181,-1.6097855430419705,0.41150705374583313,-0.7053549062928742,0
-1.4998998011317908,0.7762640208045086,-0.027043329235403205,0.313994000865409,-0.026590954042210554,1.2631207540697587,-0.7732981959333408,0
-0.15361250619345246,-0.03842314488620894,-1.015907160010239,-1.760506761352195,2.6993261355515514,-0.44008418730654164,1.0646568931893117,0
0.17021349602174063,-0.7094544472077792,1.191349646444045,1.8549303704624909,1.093607210370552,0.09384452573435023,0.04116519499124977,1
-1.4334321777317887,0.8880644395149345,0.7832556052428445,-1.1146893819703088,-0.3908844867293415,0.33313643946454236,-0.863477208177911,1
-0.30118656381400677,0.031199460159902045,-0.9387605024819495,0.04260244553019573,0.15489580162317348,0.8412769190010998,-0.7044559002828343,0
0.9009039395557642,-0.5095026075942617,-1.2102058467174721,-0.2748746359688804,0.9485083459285367,0.9371016241693978,-0.29096785281495696,0
0.8427879296807225,0.6442832129158965,0.7671921554722935,-0.7938094515999413,1.2857054471881708,-1.3848541066891342,1.5870941795023341,1
-0.9670752309603878,0.5984393214806581,1.0929690947282487,-1.6025957169485965,-0.031029999498604827,0.12245293598210907,-1.357817880735355,1
-0.47383435501534915,0.2867965464969281,-0.3988449509074267,0.2244078575212415,-1.6603080482092243,-0.8686065609305054,-0.7534428141861114,1
-0.4967128844342087,0.2408076172352801,-0.3005808682723168,-0.46302595384539624,-0.12898570491441866,1.3621452165009968,0.10072803538966994,0
-0.37946092172382095,1.4738155167849099,-2.715065670812042,1.288734826622698,-0.6172901398757551,0.601302579053923,0.019736785113055884,0
-0.25415632461781856,0.16854744752649922,1.1442913045426752,-0.7142646514164891,-0.25237594517816947,0.2794934927627259,-0.47125488052983155,1
0.1451854065271134,-0.2662471253199827,1.5688113994331396,0.042195662118790944,-0.7666831064928833,-1.7961454303751958,-0.9459088875706261,0
-0.17531251035176545,-1.7004476429942217,1.7457212983419643,0.391330592838114,-0.21751494018913353,0.776560185827543,-0.28557967465103284,1
-1.0856045659769376,1.9842740974863795,0.6217356604483099,-1.79265671792545,-1.005417253936769,-0.11562637552266081,-0.07820593583253538,1
0.14947572400622583,0.6287519905450074,-0.00025832067360042287,0.5738431620684464,-2.3342226108885913,-0.5506801488806943,0.7996943259611003,0
-2.3327568021760627,0.4585032928418851,2.3557400199069107,0.08349898807147978,0.4151428836860574,-1.3455207890922232,1.5541239514900824,0
0.7359205905355812,0.8361189649007698,-1.710862564272548,0.449021021735569,-1.0061243564810298,0.24822091617307257,0.08905741511317819,0
-0.6228347875870541,-0.4962204731027223,-0.44144258841996237,-0.6220083278862089,0.040899055786192025,0.9612077802314627,-1.3842610508771922,0
0.990956602131831,-0.3533979796652984,-2.345750978025479,-0.8046205161911678,-0.3456511469977891,1.19804464854675,-0.2915440767928226,0
-0.1512826751354069,0.09358736167596265,0.18091171621597893,0.4603412226910938,0.5619235590704362,-1.9742372502034844,0.0903473534603771,1
-0.1348089217144052,1.5992543048331602,-0.1474964427674232,-0.5641023252754352,0.0020911154561382393,-0.06936850811774524,0.27531551864861087,1
-0.27777242169832295,2.253182943306921,-1.2876866656921644,-0.4057404389738681,-0.5562363525719806,1.6471598921421569,2.058456061138518,0
-0.3416384507188202,1.0742061542726937,0.2243851769637622,-1.2311464071411387,0.08788580577866663,0.40110698460887584,-1.0472873362814727,1
-0.28426808118994434,-0.7169620517130434,-0.7894160004084816,-0.20010527470798967,0.8687463885886285,1.1057199490371679,0.7283337605969591,0
0.3986320913878774,-1.9639219649937718,2.085434896556407,-1.2309882320430074,-0.7979210500868206,1.6921532491617721,0.5215760356521418,1
0.5191483244979238,0.5928555481190074,0.9171305775354147,-0.24815356012343387,-0.4367368009951617,0.427570607771018,-1.0555165652431726,1
0.7647263533231067,1.3564670047074898,-0.5577766621436367,1.5476140326182497,-0.9380822657977872,-0.8865735460878216,0.4137679702794904,1
-2.915075978640953,-0.9238826867632188,0.40243730003156236,0.5291251010031379,0.6943335872038322,2.6054231224168505,0.9202750047721839,0
1.1373376318566581,-0.23392591751650785,-0.7684426178592434,-0.6182102646978573,0.5651077357787301,-0.32962110526597627,-0.1990540201683401,1
-0.38424202395886903,-0.1628885330263315,-0.5984067307477872,-0.35110363521939325,1.53609132675793,0.6241287465409309,0.9005974948848698,0
0.4719766618945106,-0.763921552259313,1.4843115540855083,0.3688342462138758,-0.7271079443444499,0.7423621289541052,0.772449977341307,1
-0.5864160154354875,1.4324782663730242,0.18960513861230743,-0.07784606756712739,1.2828695760796627,-0.023267959633778937,0.2519561853585786,0
0.47201957296444985,1.3863469874139285,-0.38692759106743985,1.8627565923209084,-1.637073651040899,-1.7994497827749945,0.8975395744129908,0
-1.0985625446686753,-0.5459261193646855,2.0318229332765663,-0.13909720970123002,0.4670070018400972,0.01369398150966724,-0.450736696633014,1
-0.8671905785571237,-0.7363760325329298,1.4299695857220702,-1.0908825383980336,-0.7189399445340208,1.2070154853474933,-0.9928488980668488,1
-0.34914723107350987,1.173818033668455,-2.404712881438348,0.32356861912214513,-1.4873564935018349,0.8583411121757296,-0.03575424805256971,0
0.11444679346994188,-0.528403036518217,0.13969621256139367,0.1543302739467302,-0.028415501173589375,-0.1336013323531133,0.17695974301426468,0
-0.7514614280479611,-0.7772837324251496,2.280183476149097,-1.0856540553658651,0.8167842590000931,-0.1138878663800823,-0.4856445667674431,1
-0.3132376782221438,0.5955771366370698,0.6864897191223157,-0.7547905040111619,1.0656537120336504,-0.5793563972986947,-1.8250502891314362,1
-0.3033012066573083,0.07819293291158068,1.4312714680853258,-3.1952554426985076,2.9333375072530345,-2.1136335364287846,1.3320551313282303,1
0.1701351774055729,0.3020497158015316,-0.31288661703602255,-0.09488634719651617,0.7523142057609318,-0.4932469399210611,0.2395719872295151,0
-0.7281736051692268,-0.059945131461003255,-1.3933628599079815,-0.1481665051970584,-1.2362877914444559,0.7868945121323262,-1.0949827485310248,0
-0.5138988919592734,-1.0313199274889564,-2.3290388759773446,-0.7580658013545122,1.427191382748634,2.598773166449206,1.4298905856505155,0
-0.10812372313127244,1.4437183407514134,-0.5661224276514434,-0.02697245437392443,-0.5605616179302859,1.0192621251692995,1.5895067667559164,1
0.9287044077024467,0.7142738381151507,-0.5652004436064464,1.793358272017621,-1.1360682172837746,-0.5727540014510638,1.226629268275378,1
-0.19545738494030893,0.3651140317389663,1.348894160777891,-0.8734108429209801,0.0751883493557572,-0.1075870119779923,-0.29066307487873977,1
-0.3164300333258341,0.02859066191143279,-0.34576229391909613,-0.5258042648959143,-0.6439511789673454,-0.11372496238032302,-1.3195892441693569,0
-1.6490515354448583,1.1731998888913182,0.6427813684504897,-1.9312109684376972,-0.015436430700688225,0.27041891699049997,-1.7721151881890598,1
-0.6951313340966317,-0.1793906201593361,-1.5676850790048185,-1.1050769925768706,0.8629880231044499,2.0893281405273547,-1.563449237640071,0
1.0291152461418844,-1.1102487569477313,0.7564334864044437,0.37256046883990745,-0.9934192232154556,1.6741719492394258,0.13724778642019217,1
0.7924677540653241,-1.0802089557643255,-0.05805461122756577,1.7313546035210325,-2.3026977371332027,-0.7718388176055976,-0.49957174322337694,0
-0.047982429182320076,1.0219340985275482,-0.6801144624079128,1.7429525796219665,-2.0490572759389734,1.1807920280422917,-1.7408444407502524,0
-1.453248971842104,-0.004073095945221002,0.40584312125456534,1.0847852608016426,-0.44599109394936887,0.7333610564463867,0.6147303662475475,0
-0.8556919757002195,-0.9637669088716787,-0.27225941245943747,1.4883933581222943,-0.8161809159910337,-0.3763250561694107,-1.4277549090365658,0
0.9679559830196582,0.16442018048878873,0.9607307205067867,-1.0309381879374346,2.0508742486569433,-1.5608448230697085,1.6852743230048837,1
1.3036192763698573,-0.5550477776545896,-0.08211255455526956,2.2226506403809374,-2.516168784753195,-1.7798583414388258,-0.23467908632353743,0
-0.793350463752549,-0.8411078191341568,0.12985896709573666,-1.0317468706966983,2.708570316409347,0.15197833988907364,2.071999518840892,0
-1.2246473401031834,-1.098967625067922,0.4493439901280128,-0.7027871854677722,0.20366294363056667,1.6731622310029368,-1.0970798948464795,0
-0.5754079184979386,1.1362756564356564,-0.46930160319783587,1.2006471258051374,-1.9490323413864044,-1.144218160013118,-0.1302869277148133,1
0.33540150378167627,-0.9016138299381868,1.0179383364654686,1.7426012527459063,1.213413361466009,-2.625300505673032,1.2606975892415366,1
0.4175440764595,0.40175097782684305,-0.03318580812439741,1.3403361367766815,0.08483983316590264,0.42243875037159506,0.40634552409321617,1
-2.6081140493650166,-0.47056468118630174,-0.0848213904599608,-0.4077705916031016,-1.0783617737936217,0.7867203024821086,-1.4887468803670225,0
0.5632827257076378,0.4725063785255739,-1.8358064627246433,1.3614583674806797,-0.8478288938395219,0.6405815442855016,0.3597998991445955,0
-1.927766993286302,-0.22303376695154034,0.7445662444712846,1.222854490948756,-1.0394545735212828,0.8125029690444697,1.0020309769151996,0
0.030732542741246177,-0.9534228087942802,-1.4498029767473788,-0.3726957508941679,1.1167195069479505,1.5251444607909788,0.3940923792111019,0
1.3251474174609095,-1.8739074203277652,-0.8937403803099615,-1.001572817513939,2.8133710454094003,-0.2692838937711859,1.561464130685002,1
2.512088665186606,-1.5197730030824874,-1.109766805580802,1.8832987911250298,0.44919849498159087,1.7564288891340658,0.025090759666007115,1
-0.414816923391685,-1.5658200265262965,-0.3366491879467694,-0.301654996206859,-1.6912161739188893,0.6479713396933633,-1.8534085912983311,0
-0.03799303976060077,-2.536098724076793,0.8814866299943162,0.9073504285843501,-2.035688434196901,-0.039633212468234244,-1.6342080352234152,0
-0.7313304378501948,-1.4370119825957843,-0.2965930555284245,-1.0597350335513818,-0.3697125973770129,0.7289693030716211,-2.582549598800597,0
-0.38867267090768565,-0.3997311936194414,2.1982003120912683,-1.3187902397309181,-0.0454867749012322,0.14499457437633734,-0.46677651263478437,1
-0.7776265410589086,0.6757184789777366,-0.28946664099960995,-1.2125278622964961,-0.15360385042093533,-1.077658995756825,-0.12231332733707156,1
-0.5112537567777773,1.0144863859102011,0.025943618236073204,0.7503596812975173,0.5256045052377233,0.17139355838615808,0.4125222538826897,0
0.5013595923840064,-1.272130543047592,-0.4785482784528425,-0.2710044863402106,0.47335536637133924,-0.705615533160954,-0.24481731258832454,1
0.7032284525728689,-0.19055672322313477,-0.46358526482468354,0.5957368417631533,-0.764696349819796,0.34545274967465717,-0.19706282365826253,0
1.0378362356337758,-0.9890988546175956,0.08703845621222346,0.3910591777369316,0.281033820204997,1.099364609977525,-0.6127237676536534,1
2.2011663948940994,-1.2926576171895228,-1.3352385686575556,0.6768390673979382,0.7151733331602409,0.2815671455747612,0.6267660536750577,1
0.7610921675591614,-0.035025730150601085,-1.4437591836974097,0.6544741678643643,-0.878295069740028,0.9329783749253743,-0.06946128309759365,0
-1.1621177189411946,-0.5063465506230372,-1.8593144967913176,-0.5748582768478253,-1.064262062431158,1.536867853273508,-1.8536167940541446,0
-1.225669788415385,0.4368171193464032,1.3739116244255343,-1.140571286897373,-1.1546487296953318,0.4752475759551429,0.30975217463576654,1
1.986501302116815,-0.4979355924188569,-2.288706508615443,-1.4610857698676705,0.9467447189333871,0.023908295833017543,-0.3086041579219769,0
-0.4381095481078615,-0.9998956125085865,1.8106787003975393,-0.3572671081822873,-0.10439447072278346,0.40181828146916093,-0.020879985141619005,1
1.4050680281083958,1.0773096400584272,-1.416905718695443,2.0421399713287816,-2.0394467422655613,0.033049811468635316,-0.7440635504868497,1
0.8983320381390861,0.9061765079640333,-0.2240005253197866,1.325597867458106,-0.9149365938406463,-0.9612557177787135,0.13124149164524745,1
1.397568352760174,1.524460267299928,-0.5582384072611533,1.6511796664904477,0.8020268642575948,-1.0883960515859026,1.679850999833152,1
-1.7624353094955305,0.4110563305489075,1.4552554839590575,-1.518709969922689,-0.9628931582440248,0.4985486975839702,-0.41886823994296535,1
0.3958269818119,0.3760798401595836,-0.3339419138643044,0.1028598165000754,-0.760809427073368,-0.5985237945934706,-0.3613134421281896,0
-0.6390859296831467,0.49771938158966555,0.05591965419529021,-0.8985885696523334,-0.652899461437252,0.5669920161822363,-0.1639741066812857,0
0.10347068389210051,0.25441514521057923,0.3465478053694086,0.23114960417815036,-0.252530326790416,-0.503456862996201,-0.3250323266629336,0
-0.7157220626335437,-0.06707486870656837,0.300203790061168,1.3036461356116187,-1.380430985445663,0.7039796046117733,0.01727703653255432,0
-0.4039295130877268,-0.5722898152131736,1.090172328541288,0.3803579350882329,-0.5868869977953528,0.7059805228411127,-0.03545858829838165,1
-1.9938085152288836,0.3223851341537501,1.8481217476370768,1.0639192435243139,-0.9114768981075111,-0.7112275611764738,2.590827737600816,0
0.6553151807438916,-0.9947304660596202,-0.387166389667951,-0.4676784530560399,-0.7925470259348275,-0.28279022157762457,1.0083610785460628,0
0.42572580749238553,1.4267381169629696,-0.7644482029136779,0.8860514080360131,-1.603816256305576,-0.3100903823247985,0.5984286589553846,1
0.9349947928207417,-1.1102190139403378,-0.5355985588511816,-3.4419213703852325,1.0872996489726732,0.43230926922097845,-0.25824244438766114,1
0.8662552120959555,-2.073443426684574,0.9846527260628276,0.9221479587766929,0.16189936681086475,1.3324191695712955,0.8958464793162628,1
1.39011604725635,0.5793127937487504,-0.6644732439616222,0.5350203923387016,-0.7534437752303654,0.0434970795891829,1.4216561268644068,1
-0.6014293184042727,0.5936800756362768,1.533457931251832,1.4829854183603657,-1.7392785598212324,-1.8380859139705203,0.5695686889750362,0
0.40543685219444836,0.35139648904186366,-1.2617215787714608,-0.6712428470727196,1.8306683830209338,-0.024449551602614396,0.5692179276429842,0
0.19862843592310195,0.06863772656388954,-0.592546620766423,0.2735523618415523,-0.39903564699745975,-0.8274034213600517,-0.062495868009908466,1
0.7921598881948491,0.4077502466338743,-0.9951918701292252,0.05653213471684631,-0.5004023272481908,0.2076225110127069,-1.2538922264456323,0
-0.37420448562125763,1.0200259996508771,0.6310920877121593,0.42729986928720465,-0.7862028606977745,-0.9566637059888352,0.2088451889308732,0
0.8077738897488685,1.4740510405913632,0.9675284847818101,1.1843375357212125,-0.9587038393565747,-1.6674885433649533,1.6004538818515852,0
0.9713280201025126,-1.4863345008578615,0.31755704743415497,-0.2639355672916578,1.620989578278836,-1.1057753178865104,1.6846175621960087,1
-0.7412832563401026,0.32223894801859243,0.8861218752285124,0.9556227893903408,-1.7335383206692823,-1.3843407456620005,0.06780303756098213,0
-0.851638612398437,0.4144179635093661,0.4162713248108649,0.3962538151280952,0.5538864907721401,0.37570430557798146,1.4070854402577622,1
-1.8877032834531333,-0.46981528265867384,0.9175281169241822,0.09138866070729576,-0.3579847680377961,-0.006108547533392555,1.9657690245736574,0
-1.362396323461469,-0.5527750742032703,1.4195319123307417,0.6634225526762796,1.2684656509407557,0.007150594393456212,0.9417023656517902,1
-1.8866521985196831,0.47799531682048674,1.397011039025576,0.36777495604630767,0.6993563565009255,-0.24735003944278158,1.7357315897399577,0
0.11531796249391342,-0.24071160984693482,0.37281951219661713,1.1725362662657752,0.6957353751014292,0.23945369790314644,-0.1698327979220309,1
-1.5959970298386597,-0.22076173787403716,1.5436801504428703,1.0018481374633026,-0.5865132728628075,-0.32850893097247846,0.5878313144972136,0
-1.634090632344403,-0.5410190882450138,2.232904417654343,-1.2901606895071205,0.4945617984530893,-0.2874316919875631,-0.5940312954070389,1
-0.5231869760511236,0.39024466940771685,-2.0656881647865233,-0.6634158234382204,-0.8246417077223002,2.3801356812477326,-0.2166425861222868,0
-0.043438382946948746,-0.6070606746642857,-0.7147975379728972,0.04559754957147382,-0.9657093982774739,0.13826077021263217,-1.4857094132345265,0
0.5758782622731783,0.6703641681756565,0.18780942372054685,-0.12455436635389676,0.44770826005627057,-1.5493500262092208,1.6067490238151056,0
-1.8019316302271835,2.8181932611005913,0.036539648141455584,-1.0130957060375938,-0.5110563230001088,-0.6339409658835545,-1.0001132696937092,1
-1.7540979960053895,-0.33206460420732037,-0.07642665008078824,-0.265280361013375,0.2526708669497429,0.6288365001540879,1.4966843207321683,0
-0.5699085927584754,-0.173060114544312,0.7973025014464996,1.5613956597757488,-2.4160373018516643,-0.01638920800545322,0.07764518172285029,0
0.5772093074880883,-1.1608064127088127,-0.09737325654785549,1.6878005951805706,-2.186882077762747,-1.126696269896724,-1.0108667556718725,0
0.6085413025421686,1.0339193022726567,-0.257066156255562,0.8161854619887757,0.029193607710084685,-1.1926660205689565,0.6020349103762603,1
-0.4519345106640339,-1.0080771749661577,-0.6605543538350429,-0.9046186513066505,1.511036754787632,1.1960879452579385,1.168052504561898,0
0.7373805198662485,-0.7561426290596214,0.1617128145757145,1.491947765479144,-0.6504211214108647,-1.1566052049529718,0.46087530671580196,1
-0.44105771808110106,0.044561954409099463,0.6451588265787355,-0.006798263664506116,-1.13572001785309,-0.21926237298153883,-0.13086572749851935,0
-0.3784356855679805,0.4873356620505675,1.3798386413875454,0.10056608408187695,0.2970437678820871,-2.1690853658664957,1.5950660705764577,0
0.38878224453187954,-0.09499167430374139,-0.43421166727667504,-0.0688657635148735,-0.8978115112648065,-0.6676078620250128,-0.48306659988565676,1
-0.10755724625355072,-1.4864405105485015,1.1856932321814542,1.2145075401129304,1.1232992154808674,0.30779491891364513,0.22413669541468112,1
-1.8983255029375774,0.9067369001168581,1.1042272383558842,-0.9412990104907248,1.4544986445720969,-0.5987272722970857,-0.17631761665320467,1
0.6556683121302636,-0.19320099915411587,-0.6402672262878915,-0.48063396363515015,0.35582827538985806,0.43117092133847457,-0.9020895066154846,0
0.2764294797030288,-0.7610157129506917,0.9196956351354267,0.4209677596518624,-1.6865122498274268,-0.9548210332594222,-0.6136468584437359,0
0.41649027104180936,1.045679227697956,-0.5138690441783932,1.0678143023759519,-0.9532119164599858,-0.3353212665719292,-0.02802892900252451,0
-0.17752244063587125,0.20551720645895402,-0.6618691547140018,0.6334562863575313,-0.9773307410295619,0.9620956381294914,-0.39637060234764265,0
0.12548136839498736,0.3422510066236431,0.39280861449552384,-0.25250595917909835,-2.4843338221908398,-0.5979947281326858,0.17121792244580086,0
-0.47739634351375027,0.7562863546396621,-1.4705300725002934,-1.1271804703463473,-2.5484456277064504,0.6726540279179892,-0.39129070889424694,0
-1.525751861076401,-0.182160146040584,-0.34781734238598844,-0.6850793919720362,-0.42651058862345836,1.8369643167692333,-0.573516486981953,0
-0.3427554763262279,1.6098966267493093,-0.9910820400239082,-0.8661141959463966,0.7050090964906331,0.1332843764424582,-0.1337661597694358,1
0.14977448956972572,-0.3899494445010355,-1.5423473671094305,0.108754278264653,-1.7836157557787595,1.3874767527233278,-0.3846199173606087,0
0.39240396306324876,-0.4987654961940495,0.09784340147510562,0.5514721868538961,-1.1382730672380859,0.0951475736968763,-0.1091221179566134,0
1.3330491908231645,-2.420480943069352,0.8349158887859325,-0.33906543416119483,1.709810577982082,-1.1275466026797603,1.5023104528255842,1
-2.519264933716351,0.9488971007605873,0.6376535800153059,-0.30447831776268824,1.6280835163404856,-1.1833420264859258,-0.6729394008685505,1
0.10086477642241871,0.4279386814663396,-0.00027449727821545183,-0.8522660570085905,0.14242376823286226,0.2565503613497121,-0.8890764572969937,1
0.11999573123409597,-0.3059536343173797,-0.6457393944635091,0.4918340770840291,-0.24953644798653024,1.146077960029826,-0.5119903061290346,0
0.8471588894141733,-1.240087152279567,0.48383389424530043,1.440772569736073,-0.5861417136778303,-0.01817279412173601,-0.29476344302969826,0
0.7398263187448176,0.5254506563348695,0.009458260632145112,1.0001634811944617,-0.702389086726939,-0.967086671815168,1.179573640406587,1
0.03159585995686433,-0.9854560552317335,1.0051356948876886,0.5701802141854203,0.5255345387795161,0.488206114217592,0.2319370223668943,1
-2.125044911522016,0.7450251517549605,2.1872865858073065,0.34600029341858085,1.1456591579974091,-1.6217359564930156,-0.8836268518045726,1
0.12867010593345374,0.37267971544030715,0.15456462313514646,0.3330508848899713,1.02514075770845,-0.03326470873237821,-0.6169980102831042,1
-0.4492341914257302,0.8297202201485927,-0.003742315425974728,-1.067630572337358,-0.030158705929708377,0.9598403240945641,0.26032101101569677,0
-1.0523267714615268,0.7686541094203913,-2.6763512085902565,0.4509351363413978,-1.7464332240563312,1.2363763854790204,-0.5140304718650885,0
0.8586259315208947,0.5096795904185824,-1.3569227338233674,-0.4502924768004104,1.0509836760855935,-0.07764952153933984,0.029167518949522124,0
0.20324497131474487,0.0986321286522234,-0.4262180282917761,-1.4598692738601677,0.15145981528776306,1.7757906653082673,-0.10310391778242546,0
-1.3462992521524064,1.0151749234497611,0.4255607173460752,-0.8102311135882526,-0.4002762528456545,0.2797588192130028,-0.34832205678730727,1
1.7807304848007086,-0.7637045169105657,-1.3216530204193933,0.7447889403676374,0.2215001967939398,0.14309884019761102,0.2613771994860353,1
0.6416372470456774,0.8810565803505556,-0.36570474553591287,0.8474020115154637,-0.47297999700543636,-0.07925782313111626,0.839077813746652,0
-1.3018482440153687,1.9160058242624378,0.6838438784311256,-2.4158025943238965,-0.10203781018391866,-0.014850572670363616,-2.835219306145492,1
-0.05790358196670305,0.5059440996005296,-0.6143278981014376,0.5501843883649109,0.10617862544878957,-0.5070742257235283,-0.8233406152491323,0
0.2132107107993794,0.13656543289320744,-0.888673891851819,0.8671349153597402,-0.7116780775807917,-0.06193548889413397,-0.36437421191344854,0
-1.016572623008851,0.9223169552694997,0.14902554231264034,0.35209547145116166,0.09444340153379581,-0.13278224400523103,-0.14737585701615039,1
-0.06567337946901934,0.7813474331469565,-0.5104559114432928,0.18604978723092044,0.5779274045763788,0.5538832457010338,-0.6187793008959652,0
1.4521973059850781,1.9126918177039056,-0.210867271938401,-0.17563264554225494,-0.48611234911744944,-1.7140279062100037,-1.1913117356498955,0
0.9769754054553833,-0.5424844557160143,-1.1019808286837867,-0.19577924945293632,-1.650158911542047,-0.11527883479192931,-1.376531566169855,0
-0.7524414065203928,-0.15577420210036463,-0.12111675643476263,0.3403270662628053,-0.8105900358361823,-0.040732024714061316,-0.8254220180534759,0
0.14887845187350301,1.4274888480033048,0.5703500505416653,-0.5817069939751696,0.24868495070463803,-0.700506556981252,0.3385478148843862,0
0.3949281343410713,-0.4298328373794698,-1.0337276051833424,-1.143669743082715,1.2745080182588346,-0.9576360367369153,2.467263314321006,0
-0.02116885820599341,-1.2023371053766032,0.7856917728455008,0.28165226800563636,-2.170739048138807,-1.226449041007572,-1.4889227779480776,0
1.7139452070086258,-1.7167836068794977,0.23144142487767935,2.4463003747760514,-2.4964134020109023,-1.6819463952338,-0.7367282185849966,0
1.0574876806961961,0.4024581268348885,-1.4065722897261357,0.25838639950404513,0.08666618364070798,-0.2095473577691323,-0.47802036587225405,0
-1.558094671109019,-0.8883396124703654,0.3380429446756903,0.018528161528034954,0.5633815783092679,0.3785504452030449,2.511240398206599,0
-0.5559560076393143,1.2844439966593473,1.0275150089944254,0.48956678545928767,1.3083066998202855,-1.0563478537111022,1.2827323970940219,0
-0.6794319375344245,0.3598736520221849,0.3468414959428402,1.7009237382521296,-0.4847872898330879,-0.6498672688640876,0.2870785489222308,0
-1.0919412969723374,1.015499026256967,1.731683290926019,0.4054742892457916,-0.972791012046162,-1.467639041904325,0.6792159185870976,0
-0.9245624634113864,0.0845830331905068,-1.1788332259238088,0.61108650846193,0.4448423461548391,2.1833982593142722,0.11038228603408178,0
0.8130169223754311,-0.9821514312111282,1.4980632457990024,-0.651624224471366,-1.0171572748575717,1.4000814855782977,-0.4376610965668429,1
0.5899908097770055,0.1313328215881362,0.7127054012433996,-0.9474677559331336,0.07543947092543288,-1.056401354711986,1.1878848140283995,1
-0.6664630868268776,1.0622080493818298,-0.7015981744904768,-0.47015117753021574,-0.6989672259862033,0.6374991440911737,0.31122432683432316,0
-0.3052427833631586,-1.2145371190368657,0.2850507451133765,0.405730687971822,-1.1347306193265365,0.5455290832166826,-0.9079974908354982,0
-0.45836783085977967,0.4497441173467891,0.6355329035930266,0.5998318885137673,0.42824799729860474,-0.053665098857878596,-0.12804439057433512,1
1.0041857274671215,0.5228731765059589,0.3160279869016551,-0.25162390357433617,-1.0142827546234159,-1.3046037597199542,-0.35677294678222604,0
-0.02990720553610278,-0.7307150983183064,-0.20163485191699881,-0.3441294832529641,-0.3914281592976644,-0.7282330283409609,-0.15807738936024537,1
0.9572222127158783,0.3337241760117617,-0.6738698283947041,-0.4593639246195876,0.558330623668085,0.2791429589205137,-0.8576315201586994,0
-2.2961687041612513,0.20694157762171378,1.6355181860985912,0.5340608801755969,0.4165906861906618,0.3067273724404267,0.7339895419504986,0
-0.38080732383729277,-0.32407087546341634,0.616613297697001,-0.11538826477028208,-0.3284260219929748,-0.144327342848682,0.0511693162906481,0
1.3425111039368183,-2.0521136903475226,1.1535808042213629,1.2526561216358774,0.38394580447688753,1.298962757286756,1.2432038246981272,1
0.10583683106500755,1.6993905030023637,-1.012959018633971,1.7717045236372566,-0.02857649334363854,-0.3063423602260623,1.1520571200258334,0
-1.6204214940082893,-0.2147181389793166,-0.18792234277918424,-0.3146413512900133,0.6532471752837119,1.5244950756228473,0.6623887075601185,0
-1.1505880973422922,0.011327382826480208,-0.8398273356172099,0.348210666781094,-1.0473160738570342,-0.10873449815897697,-1.2575289130460432,0
-1.0188356090016333,-0.18952071644805907,1.2257528256431824,-0.9324266133833701,0.06885747618385278,-0.09326900098738103,-1.2474542343857054,1
1.0377218374438906,0.5557310759691417,-0.13950933644395988,-1.0982089800845114,1.271429339948348,-0.7507566435205039,1.0547042050538284,1
0.17303214327035024,0.2079891255553488,-0.09104886503319577,0.7117457539254524,0.007691941307753315,-1.048290282382764,-0.9465538941915316,0
1.7151716018263181,-0.5720983892100949,-0.3514248586293721,0.6543852933019254,0.30795588419747205,-0.564268097252906,0.34972729809872183,1
1.163311981484114,2.5229516881758087,-0.10419316861589975,-2.1275309763138477,1.1120405902735546,-0.31605610212584995,2.2160018389932232,1
-0.6365484165448972,0.013689536969151568,-0.649869861535795,-0.09744036107505111,0.04620373569215928,0.5097185964873889,-1.0302051764102436,0
1.8505288941789613,-1.0419637267832988,-0.5228257721852051,1.3024902239429357,1.3753020024737717,-0.9037545447578551,0.769397906707462,1
-0.2544809071068096,-0.664452279197702,-0.9502665060606178,-1.0449238304042556,1.6125294424480232,1.6397006385177935,-0.11155657064483054,0
-0.716773503684125,-0.23230643377380789,1.3645829375351513,0.7741471097728825,0.7460713641280586,-0.17754556245741934,-0.42411531523542373,1
-1.1359133787405986,-0.3782166757346611,2.1858739098769817,0.8173914094737998,0.6731015739835294,-0.5311799112947136,0.5066298189275454,1
-0.007113597520976843,-0.21390412794705818,-0.06657940833474786,0.789630353792287,-1.3702787183213008,-0.8574167253761367,-0.8062618806213707,0
1.5383728769731573,-0.27056521829295954,-0.23509934041537964,0.02174629188039929,-1.2911821079329542,1.9103981230600457,0.5798761216034986,1
-0.261886751857035,0.0565789099213855,-1.476379682420886,-1.0697479532154754,1.4404091994554122,2.079854726115728,-1.1911329328215092,0
0.6206808546190823,0.2320973725559082,0.9065699611248317,-0.1489802672968872,1.03196201727913,-1.7678232332788413,1.3704578338753999,1
-0.030058141761348876,-0.37087219039154184,0.7331038209868795,-1.113926890065642,0.025209140060690107,1.0015193097124504,-1.0769899962636393,1
-0.7635520317730187,1.1072873033144555,0.38494171130595206,-0.20181517373864877,0.8432747624424254,-0.3040312962225091,-0.7511399774024681,1
-0.4594331813651004,-0.8109312693024983,-0.5591410534538429,-0.5859686198626332,1.587557990164565,0.7346667065115331,0.8592469683678291,0
-1.484243023748795,0.21169558645387657,0.4026527135379355,-0.8242863487936046,0.7842065241382178,-0.47486605508183016,1.204531802547476,0
-3.240100121800181,1.2690194090237183,0.01655828644366817,-1.5213992744282525,1.0311919978028614,1.6953991396024317,-0.4188632561331372,0
0.19012566425239655,1.3045678577012343,0.38383121140339055,-0.28142300349979793,0.5281497144429766,-2.007590784482845,0.21971010861168414,0
0.5150689672564166,0.5351548780656451,-1.2696650740938886,1.8704499830449712,-2.0272337798563393,0.9153000663286264,-0.43606090397042085,0
-0.7622022924974011,-0.31720325920273007,-0.3040422382371512,0.42150527888946066,-0.8712740341205623,1.7824413579515408,-1.8894098957521805,0
-0.9563213421273765,0.3696918572895562,0.948046784114668,-1.2684453989327773,1.0981678020926644,-1.2332729057673206,1.8135749957642804,0
-0.22344726771601245,0.7588293695956254,1.4491721106662723,0.034397372713687986,-0.4483917886331706,-0.20876122725402932,1.1570484586585639,0
0.3517139444970436,-0.5491029876367607,0.6012446141385117,0.66921544188335,1.1594291867391182,-0.0627897371001372,-1.430872744250185,1
-0.8405077030899957,-0.4660150794287584,-0.2649125054113372,0.719413802111118,-0.49683639350654213,0.4389959474818763,-0.7944350695271674,0
1.2602123368233262,-1.1109521088565397,0.14087071626845854,-1.2704591903411104,1.3348483742170052,-0.7080169746217555,0.5864430755494308,1
-1.3340324498167775,-0.0848835182675909,1.577817473192585,-1.0554768036310562,0.6029367428950736,0.019686750802246772,-0.691842538860884,1
-0.038424188473427,0.4726298938365249,0.1479080755084925,-0.3179646311902449,-0.8890747161121769,-1.0113571222653077,0.2550765949559886,1
0.979423971813122,0.7951929488908189,-0.3484854860195148,0.3106897640379853,-0.0995892924453994,0.11342064784480067,-1.8309128251202809,0
-0.9573170565907998,-0.2922941333511415,-0.7681228265166155,-0.6224994160927307,-0.5841109197972358,1.6485153566294235,-0.7291040110535761,0
-0.4175839644641041,0.6051215536281226,0.7023623267855746,0.0683899240408849,0.4740403479709586,0.478593040296096,0.719627699918053,0
0.02754407150737914,0.39290129137489527,-0.536582819012111,0.6153171608484866,0.355133610964085,-0.004093575922844851,-0.4304478845963579,0
0.25638829577081346,-0.754251026740218,-0.039398612283053414,-0.12355215052763405,-1.132380275338734,0.12560884104125347,-1.0692436526842888,0
-1.8751573505576296,0.3921171338724059,1.3824866800653581,1.035695064873327,-1.3729178999413683,0.3486055394653917,-0.16409016299316334,0
-0.6044669427032593,-1.2398279267311563,-0.7132997741531281,-1.0507115846809525,1.4355402538723585,0.7698608384528212,1.1857347703119592,0
0.5793868697535592,0.422506449267483,-0.473897639070483,0.4253306965396578,0.1317389012627785,0.4645960907881693,-0.8564469078111203,1
0.0510936462211347,-0.1100583224259385,1.139460292722136,0.3853940652677949,0.5734532242936554,-0.2364834583280209,-0.259408137313358,1
-1.832422884951845,-0.40148262609231544,0.38712035544010714,-0.9723082107449699,0.7134424996564933,1.1146685735474002,-1.486406562622097,0
0.37681010353592514,-1.9390688783574659,0.11948716273261932,-0.09309792257273855,0.7332658362379354,-0.9278557649331742,1.2456992406526555,1
1.1338345515021284,-1.5760424989150095,-1.4077943836811682,0.6092729323006352,0.2565385353172479,-0.006606340753459488,-0.25045605589160125,1
0.33952601375125013,-0.5723759140168913,-0.490532149666791,0.7982104974599175,-0.6775373911473382,0.8420861313079993,-0.21034713509998704,0
-1.8436618335140718,-0.18994898690631443,0.9493991243592467,-0.06498003234800014,0.48932887967147354,0.5913877039033733,0.5484148550696583,0
0.336757071995024,0.6560074433604542,-0.1634139687881854,-1.7338540844897798,1.3769235823582038,-1.0131730239569785,0.011041164174272871,1
0.2272532034842724,-0.21688070906899443,-0.31245005733212994,0.9436793554142661,1.6837657137251574,-1.6390375288529813,1.3848063124337466,1
0.04416652680582193,-0.1765235923126753,0.09323506058618528,0.19689985876304977,-0.25412323999680664,0.9161995638082822,0.17759317794356624,0
0.860578535847987,0.35796549819653617,-0.3263749593544395,1.1131980856053232,0.17154963631192113,0.5924051366966672,-0.036014795980107615,1
-0.8779627489397966,0.10460595920472082,1.4228968181383654,1.0701237624337734,-2.0436707958034996,-1.3124865751592303,1.3176227646419858,0
-0.1869249902770054,0.40427602946248864,-0.356300911919391,1.369779119837597,-0.29552247100523743,0.4950465805840959,0.46306624952674386,0
1.2688640427352895,-1.8817884012626498,-1.8010668483708883,0.7809334872063053,0.38620563420207354,0.24101746715975386,-0.1354541563443346,1
-1.011017287668322,2.115090092576609,-0.5333613700787347,-0.6024548772082431,-0.07467241924654623,0.6214546689512533,1.0267962688390517,0
0.7643777632134023,1.1344591518848843,1.3048954013167375,0.23551123826889886,0.3082953501987689,-2.4992887637305476,0.5312919108159284,0
0.6278867970385659,-0.6904034156245905,0.1911482828458257,-2.66451773339184,1.699543721220238,-0.5501029771279238,0.6928595132301048,1
-0.24923183876482796,0.8080987752998985,1.392735684610599,-0.3225083618139599,-0.02625654995904574,-2.4979734525992763,1.8211635899595588,0
0.16613579039091514,1.2980255481299001,0.6717905293081887,-0.6340138856111803,1.379836078973417,-2.084413575520983,0.5848264279430816,1
-1.7392415281698084,0.0988819878976318,0.9729026841555194,0.9066124852815873,-0.4336078470216462,0.2382559182741802,0.7574559683737857,0
-0.8653081329599757,0.5118148564861683,-1.0613538693009283,-0.17709537589313876,-0.14782973771115493,1.0971624443420398,-0.3586696940760505,0
-0.3248680700036015,0.6150041653414583,-0.21276391547062914,-0.6424073822211483,0.2530845380064206,0.6374886588658546,-1.66638749226471,1
1.488139840922155,1.062610032374079,0.32385159742994585,0.008371343368896937,0.16489950040398021,-0.9580092357571179,0.653203832826865,1
1.1957489291482661,0.16059189333595145,-0.788512059222033,-0.8267629075391766,1.275372631341242,-0.2530053894263432,1.1649139349170916,1
0.23825529812501858,-1.6708889438377854,2.648941561661963,-0.0543869489364077,-0.44860144402303215,0.9365434864932366,0.5787597823311863,1
0.7362937454169939,0.2386503416044794,0.11525978180958592,-0.2611945229283206,0.9959994170142514,-0.23858540033771178,-1.2116216665451471,0
-0.6031431660374137,0.04413762841324843,0.18117944561580226,0.6075350466522329,-0.12654243948381305,0.06402029824015787,1.1745359315805308,0
0.06656808484496332,1.3208673791747898,0.4663344967751186,1.0016154520666711,-0.8960563042960267,-0.4278164710161288,-0.35593351706612186,0
-0.45583501878095734,1.8134264927680668,0.8646755057384513,-2.249534746859978,-0.9986954064160283,0.3409470254853664,-0.8011656023124949,1
-0.8928334113326878,1.4791377361352236,-0.1680933921626887,-0.41529435359044437,1.0176048611603594,-0.7368150897794526,-1.4250401902810703,1
-0.0434370446357956,0.08271429901209341,-0.2718841110084433,1.132690018320765,0.7835169890071214,-0.1800396452794299,-0.8458133238409671,1
-0.9123182865233832,0.7438016721810934,0.6975833769078398,-0.09430206481437088,0.5694560403423121,-0.8636096506640456,1.7831854616509295,0
0.9681274106005746,-0.6375676807786866,-1.1000904035941426,1.053955849390628,0.9159453915409329,-0.6816620599243333,0.41911903389691235,1
-1.0414158344516316,-0.256005444517073,1.6484822475666718,-1.4734343872664353,0.1616891657730771,0.28477364227281887,-0.7930944109369191,0
-1.1820001785440475,2.0897922932493374,-1.3086319375017816,0.11178269057878847,0.6548289279738215,0.5197102502017673,0.23984574267971245,0
-0.5633074416604019,-1.321296462967674,-0.793733549264098,-0.10480115369963766,-0.693528938392166,-0.600184227854965,-0.3896127178603271,1
1.4569004660855585,-0.8768161181340702,-0.7433198692615788,-0.6696852313331969,0.9635689473723065,-0.3120385132911194,-0.20509379567904484,1
-1.093386528377785,0.6348817363238011,0.7603359083725229,-0.06517630143133565,1.648711198195561,-0.1648885581724018,1.7525110862627236,0
-1.3347149268893073,1.1453473236443366,-0.30946988778285367,0.38882218612118824,0.6423043097425415,-0.29679932116578583,-0.7387448693088806,1
0.24920557302372887,-0.22411487122673127,0.5530401888525336,0.1950435561325217,-0.9821720515103074,1.1375174686244536,0.9180556167031121,1
0.901858171072933,0.812157456647245,-0.7761607322412355,-0.009729162902523568,0.16002872391436798,-0.9938113064607778,-0.09908290853139157,0
0.6195040075996776,0.26971439422827287,0.5299358878917931,0.8488044091070452,-1.3700630730545327,-0.40442830804112073,-1.3273550300108257,0
0.6540405393652875,1.236346492795989,-0.46801930336550124,-0.7891969984320027,-0.46592930447689396,0.631228070374834,-1.7098165694286152,1
0.7458843478785313,0.06871933828404891,-0.6835525837835201,0.6697934212364567,-0.4407368137405242,0.029696561623839584,-0.2070873542135064,0
0.6513399527780528,0.5791814656922554,-1.532859851861603,-0.04707872930403008,-1.357544110880006,0.457443104322162,-0.12392458110929153,1
-0.041606339411469705,-0.10116165584697197,0.6631171788000092,0.9019161221487089,0.0018813288861859944,0.9462847185029952,1.4355772302205196,1
-0.6326419745349016,-0.14415326262089537,-0.20422556574379921,-0.03397107298292453,-1.3210593571963993,-0.265217001012943,-1.0948600450853045,0
-1.9573894412654378,-0.28333620240865764,1.4830479203982962,0.21101993164024954,1.6561930199622745,-0.6615744224765944,-1.3409735136279963,1
-0.21147231590112028,0.8386898439837446,1.0496915262543491,0.5473154453936754,-0.05908252400159894,-0.4725839316017421,0.7058131625888102,0
1.0077773222488127,-0.2981702471376773,-0.8670403354954016,1.3550726300721496,0.33048452431071623,-0.7400798515986281,0.09090991628176122,1
0.609072626168446,0.35239363939672447,0.8302354099451557,0.29381067703555536,-0.12285676741372802,0.28991674611126295,0.4450506766814094,1
-0.3103785505857712,-0.13075238026663322,1.3458062095265055,0.6706987397506321,-0.8864009284695701,-1.4180260821653865,-0.45704311971600353,0
-0.7758492163304371,1.9494869731378939,-0.238848300987022,0.5067436271543987,0.8140002994775355,-0.4681822877832118,-0.9253443173639205,1
0.5173550554342744,-2.308804305048462,-0.757259686892194,0.7432810931857614,0.1817394280882348,-0.6096817221178392,-0.7005931471395465,1
-2.265861770859607,-0.3983524962966416,1.2422191163441738,-1.6366532050115306,0.03458682294788311,0.5524409436402807,-1.64935165565917,0
-0.2556985321485296,-0.13492137355979844,0.15769408269682633,-0.5083117849817015,-0.27261853281921555,-1.217625304087208,0.07434109688111129,1
0.01627391674560262,-1.1953600107710651,-1.341254711993924,-0.32639882951758037,-0.14444387646240475,2.2115887120296382,-0.10779951465610776,0
0.5013616298752742,-0.3411910168326284,-1.2344343284635269,-0.5537915162202789,-0.5815992049015347,1.0982761704019424,-0.9475907451574057,0
-0.1851482441083301,0.16064006485671206,1.0835404058854536,-0.18923837514310807,-0.7294992445941262,0.7671557900808482,1.4812918828560182,1
0.26332845419034207,-1.5971024045509707,-0.3267297459202151,0.7940305087694604,-1.2631360015562676,-0.05254922198252592,-1.6955221121644537,0
-0.7555373692802745,0.03370143884473201,0.7367834113081235,-0.10958015322069267,0.36786429423208145,0.35514684511288086,-1.1705981806248131,1
-0.7368437205614928,-0.9767260108122351,1.0464464135507714,-0.8580827279632856,-0.48633775071205615,1.581120581367076,0.15761127359941013,1
-0.0989739644364748,-2.71368197134881,3.2648954054899533,0.13047241460956965,0.9129935368150681,0.6084479533829085,0.3948806435826323,1
1.1232068184681459,-1.2678002545236862,0.3743911019931227,-0.009455070225572425,-1.0513215997392065,0.8454914221383298,-0.2551636487016847,0
1.2969854564856014,-0.4193815018745787,0.32756411634149746,0.6728593866041997,-1.2630788769653878,0.0015033931839062717,0.5280602708689635,0
-0.901416288471206,0.35497168370149607,0.02707660951194081,1.2535530760219662,0.9226406952552176,-0.20109518008556512,-0.45058157614463396,1
-0.08583674447357689,-0.5364081534377312,-0.2457139458060194,0.7321370862658606,-0.7045210725211941,0.5956875045832855,-0.38436928064475956,0
-1.666646889168552,1.097866367915663,0.7537444617407885,1.1369990216914267,1.7704484228229382,-1.5283733194294535,-1.3758713047488837,1
0.7546474500487298,0.5227137688974832,0.37343184180518335,-3.7205862577592566,0.5719249823615754,-0.00883014096786514,0.7534512984726449,1
-0.6237105151191673,-0.32197973467369406,-0.1681851332499811,1.2334726831364748,1.3019211827393729,-2.473432661116662,-0.37209010656678426,1
-0.8079110859762366,-0.18924975741966746,-0.27677249404015336,0.5764365534866066,-0.7476449276722676,0.11993676836088041,-0.7953505784228042,0
0.09392558975359475,-0.11765923841265255,1.1710078870559733,-0.4336340122062007,0.30393150717478773,-0.013995572319076487,-0.6350887389237649,1
-1.2177541212633667,-1.102834001228548,-0.47837594435102165,0.3683861082612002,-0.14910320340643957,1.8110507289182047,1.1333079772066308,0
1.5585032081975816,-0.23144900305851193,-1.6227060537020161,-1.5299062961172119,1.3493545085533116,0.03192432580392213,-0.017298609160362865,0
-1.1794340240850565,1.1426945649649365,0.8363714756789002,0.48533426154918347,0.02498853955531913,-0.6222139070928437,1.0504660488290196,0
-0.44268071720559243,-0.48608867714221454,1.657169496850349,-1.333999832941079,-0.1118779508712669,0.4547798357536809,-0.23839154020060252,1
-0.560110295684753,0.02822024086262018,0.10658887190619125,-0.8594777093042818,0.7788471574472594,-0.5933891894632979,0.9886091622835609,0
-0.016487057300877364,0.3776459028809004,-0.06356284039486217,-0.37461698099546514,0.1470296482224135,-0.386834570446717,0.54692563732788,0
2.3557444237821743,0.2468816022902005,-1.2510337511163703,0.24896141689565043,-0.3473553157235572,0.7321381103562838,0.8728934255966792,1
1.4240921467364775,-0.2877668040377172,-0.4174972853389715,0.35691690737668064,-0.08226300360048469,-0.31964230790158843,0.6817288575108021,1
1.2069640800004642,-0.8481133348495248,0.138948913593363,-1.5604631271791385,1.1535179796050814,-0.4761334678944282,1.4417479850315946,1
1.3171258910976587,1.641466874974656,-1.8402264809233255,-0.4099829205865649,-1.047359652699866,0.7762427143716389,-0.2951838416565992,1
0.09637042993560624,-0.11965674926662326,0.12387267764094637,0.8822952445966682,-0.8624933421282268,-0.9361061009624779,-0.8037996505643189,0
1.3747058747204983,-0.9845377635283695,-0.5672086106206823,-0.5276186442586708,1.7728918286213453,-0.32193596587633827,2.2977611785496896,1
-0.17097494051557868,0.6162741848261031,-0.34041406808170394,0.619633874810642,-0.6224065508300798,0.6769762478617245,-1.1208218083023591,0
0.8392817863011343,0.4486493582506614,-1.1728758064850118,0.8953762741122654,-1.4325649527862252,-0.024022872918983015,0.22214488552720985,0
0.21108354380742084,-0.1631941317653264,0.4020388797997847,0.7742733891494401,-0.7883052947311969,-0.1717012575754579,0.10272062740442071,0
0.44473688241675835,0.4521732586641122,1.208348879103193,-2.2643853931141957,0.8201032520908338,-1.2954324431280042,0.8966616313275956,1
0.15007199984644756,0.2944299373294115,-1.1602363562706974,-0.18065319062016416,1.2068413731621683,1.3717103568970184,-0.2514953262378599,0
1.2162528695384198,-1.2737914302205031,0.03494919594182332,1.6152772374985838,0.5371948537584087,1.2445411220406555,0.24761397966067347,1
0.6616192366871186,0.35731244146158914,-1.9224085836325597,-0.24675577078442637,0.1520316359389047,0.9463067430239034,-0.9187495386475002,0
-1.0382487218909633,-0.5118510919299113,1.300116205730163,0.1861244400673908,0.7417496447156303,-0.014319083341579207,-0.3144628799737967,1
0.7406502604756772,0.7713970449918361,-0.20120083841602976,-0.40487131298837536,0.13856603382226834,-0.6350433046772338,0.09751231908009855,0
-1.6201209901545714,0.14827412401666423,1.087260984768105,-1.5658844448422526,0.4636304594820739,-0.07234139649217776,-1.6978127681452477,1
-0.18261087874302503,0.01823596792091855,-0.24662010403826667,-0.19332558230536545,-0.33219893750068985,0.6929362730893572,-1.1156946620368533,0
0.16252169443707756,1.4214143552947618,-0.05393539267505372,-0.7017269488480826,-0.9095561439059201,-2.182787190101558,1.104172651022253,0
0.9946403571028648,1.269753263234884,-0.08582457586778734,0.35695165314496674,-0.7304271237415452,0.3367634312518125,-1.160133389201902,1
-0.9229549136088177,0.06370690003923064,-0.033813362408992124,0.9078327948924805,-0.19190579647355638,0.7069726622154138,0.6267402965646867,0
1.526124793762198,-0.8859496903613931,-0.9548211624011886,-0.13228936747488698,0.8263197709327347,-0.02082574389704602,0.6998674234259584,1
0.3453634831498013,0.8885046626246611,0.3180506265271271,0.06864232172609408,0.5413392620954129,-1.273267584178904,0.6352310485059329,0
-0.9130984952952068,0.4000065007705784,-0.9913824224286528,0.4932306491487718,0.29415390672331093,0.4850052671441454,-0.8778602501257792,0
-1.0347944546473262,0.2461882891849499,0.9546403705252703,-0.1449800909684253,0.06175097648005013,-0.0205616432835509,-0.29404911149083895,0
0.6187098188807205,1.6187068429759854,-0.3447599404185571,1.1847897417075552,-0.8536487695151238,-0.6387709703105957,1.6236185536161027,0
0.3241611620808786,-0.26900655932195583,-1.3933103910260085,0.056537585368823653,-0.9312632949879125,1.5797969790342816,-0.4682054198310173,0
-0.9447017085295661,0.3201504266716098,0.6641037816942779,-1.187354071038498,2.128955621103429,-1.1237085701279994,1.6899582571757874,0
-1.3734456767252803,0.05122234995774444,0.7743736144474384,0.07218440453735742,-0.6384895321294444,-0.9916474346220965,2.289247943056249,0
1.2539163890719003,-1.340869857015818,0.03953238026344068,0.8516013433211561,0.27117962844551596,1.5842897609903261,-0.1796938477593019,1
0.4003949187028273,-1.0867909909487934,-1.4911568263263009,1.211201785256125,0.9542238890247254,-0.7692579894945926,0.11288730603758565,1
0.20896673502004479,-0.13878659891399564,-0.33047451295797103,1.2508773133362536,-0.9610197330024904,-1.2860411448445397,-1.1165182766653499,1
0.7134536531508047,0.0003662019839661325,-0.12986573993563155,1.4959323980419645,-0.618348197143035,-1.1093481120049955,0.17877028139524587,1
-0.2500736782534266,0.20145273860961277,-0.43782002572960366,-0.5865749835144194,0.7450384658750705,0.4797064825678489,0.3314330926470819,0
-0.8096958385143661,0.06889355089547,0.40840856827990824,-0.7685120642426729,0.9046160403580001,0.04013606131050835,0.4042370468865562,0
0.5739704514240265,0.5383705759078665,-0.8015817311914698,1.4591369693799927,-1.0865538729690494,-0.6694186939374084,0.14043867658786335,1
0.7939811249852539,0.4337636689757277,0.22133401507365563,-1.4370285234290778,-0.24352427148560152,-0.6473639277204124,-0.34425197213059366,1
-0.43041198703353034,0.07044961602496222,0.5310633968213699,-1.9502489725954275,-0.8868791171616193,1.2088485919624552,-0.735715228189345,1
-1.4456270908797437,-0.16059130297397056,1.6269342947276835,0.17346016378151827,0.3244990034000563,-0.6555086881568064,2.0898201220499653,0
1.056204816249297,-0.6463441645773105,-0.0122690503877792,0.4877733549019995,-0.178975428523452,-0.474122482653885,1.7680613858648642,1
-0.5514713817925435,-0.0039025286989283745,0.1536502931523065,1.5602646494904455,-1.1367148897030401,0.8451691710925365,0.2541008101180134,0
-0.04200967965813448,0.10966089673720156,-0.22296397605127627,0.1733255680270939,0.06957357604896817,-0.3590013526012627,1.0287655766876842,0
-1.473925406598069,0.908070576118807,1.7972998798325115,-1.2181763355956907,0.49126135330840937,-0.7572352293197365,-1.598929374662348,1
1.7464534167392294,0.4073439470247813,-0.28019038950886316,-0.060284423240983716,-0.9217508799389534,0.043987214263263616,0.7803931870970674,1
0.17699110106950142,0.8634399431231794,-0.3229849989718612,-0.36016959889017003,-0.09202726043354767,0.25782346006059437,-1.0595713661848123,1
0.2382401490484774,-1.4345803055080282,-0.43171735630865365,0.08476291501391918,-1.4674887042241935,0.9350547167901587,-1.1114773848182742,0
-0.43592212787272205,-0.9375085071282812,0.611088397931846,-0.4296135121012693,0.043010835252616536,1.169358897493227,-0.6771297492078888,0
-1.80697423365763,0.3147763648341788,1.3539285386449662,0.8234522657885556,-0.23198291592145467,0.18479235022102164,0.8712000062726426,0
-1.34442404377437,-0.26620107620348243,1.2777332518358768,-0.4636167010371762,0.7618861541122425,-0.5193779841758207,1.129670608022412,0
0.6654553100564857,-0.08142033085462072,-1.394236820495086,-0.32793649350473564,-0.3700596223120215,0.23863103766532032,-0.4008494148701979,1
1.079386433198654,1.7924512709996492,-0.5730893704468372,0.2636946610380895,-0.8279705086941449,-0.47972387448159254,0.1691785786544152,1
1.0655263575978102,-0.8408133063513953,-0.9150124072731161,-0.2071956735159496,1.2950842948729009,0.4852228659753878,0.1130483858618188,0
-2.4475180618307744,0.4981893851719978,0.6785337704311079,-0.19361025985197772,1.1928147918929406,-0.8069717115848691,-1.1077614270109972,1
1.1807846653882004,-0.675055956996504,-0.448738298914882,0.42158289936646887,-0.1532214859778218,1.5108969988942493,-0.10582229878965499,1
-1.5592070416075967,-0.9128118009113204,1.0006572510417875,-0.7229746721190432,0.681053861150646,1.044610672677519,-1.376316026112127,0
-0.873164347349109,1.3962191900425276,-0.17226701333089317,-0.42296004419808436,-0.9083721409908124,0.1265818177807796,0.4491214624085753,0
-0.3112200720753482,-0.5814810557680812,1.5265973530830381,-0.3785668143382606,-0.8038736019187197,-0.27085399385065073,-0.3390449033595053,0
0.7863085015090702,-0.7015453180346921,-0.23427853484059308,1.6192767738315597,-1.0323864687498001,-0.9585478187227711,-0.07777810320434711,1
-1.5897011651116086,0.012612956618310675,-0.9084630046690624,-0.6967099857493625,-1.5186269233092964,0.9891419253052852,-1.0450820938137793,0
1.3503029765239218,-1.154480509695084,-1.0255725035537742,-0.7827719504766935,0.19773514195983605,0.30045622244268594,-0.24481243969836516,1
1.3040330719439583,-0.13281983117838206,-1.3437146046652135,0.09664110651031085,-0.3251141059915657,0.16263040116732844,-0.5380032797222335,0
-0.23592181270308774,-1.3526744078795607,1.51739336729214,1.2646665028457575,-0.9276388539049333,-2.1339682199957846,0.5846431333340286,1
-1.8124443624918543,1.5711557473750697,2.413005522704748,0.9742673545414289,-1.1168870664562371,-2.095143722815613,0.617092445617487,0
2.274231131483416,1.9803578501332082,1.0642444822207389,-0.16395932101955646,0.47286465278797946,-0.9442545143711442,2.340280376712321,1
0.10337792112333104,-0.345642424142757,-2.2095725842625633,-1.872989220704344,2.168292430558258,1.1218811779291635,1.2013114489341623,0
-1.7245253663064675,0.7588866838769567,1.0058948790550022,-0.7090053580893894,1.3451496879563047,-0.15126663843830487,1.4554021834244453,0
-0.55106848382038,-1.1240496847183619,0.26740543368055053,-1.0575816789403654,-0.05393039633260485,0.6391970955329875,-2.015527330839379,0
0.7834990005180332,0.26121061346365965,0.49828194232429046,0.8789528075932527,-0.0857945911276338,-1.5065401080078313,0.31171199030332536,1
2.3974641111703843,0.9982937252120183,0.7266538310461127,3.4218814012885574,-1.5990959520573347,-2.761114001715681,2.1926865295146785,0
2.593977074666158,-0.08465847597861723,0.67076967346842,-2.5495869378122022,2.52969808663211,-0.09919388996824563,2.7756139178876778,1
0.9122115931381228,-0.255874603508334,-1.1252878018340249,0.36030155201111824,0.22891173920985614,-0.13123896830714543,0.9365668724291545,1
1.0438350344472695,0.1318906948298737,-0.48150645165228206,0.1098380557427978,-0.4019952643179552,0.9386175953933698,-0.12252301139455068,1
0.5798065459598128,0.4009851301978827,-0.2775699650018632,-0.2671652517718801,0.19936586974149134,0.686759315685794,0.11146831858533908,0
0.15172459481091136,-0.822225623904466,-1.7855830582052574,1.8409305041316317,-3.3012843086529684,-0.10610141995537958,-0.8732158366092989,0
1.27376400715634,-0.5058352666212732,-0.24807137943650043,2.0434781976135254,0.5090508456893259,-1.201713165976085,1.1329095141688117,1
-0.26805360297119,-0.1478188264939942,-0.1215410780870554,0.880160755598687,0.22705246304270132,0.4036016494099677,-0.30217370319894166,1
-1.005143034816446,-0.11527020048268398,-1.052798623356802,-1.234976235628821,-0.6658717845575476,1.4309352047283994,-1.3400199108677,0
-0.2864470052640331,0.7277396464329836,0.3012132799354282,1.102393602704867,-1.3343178974097154,-0.1963570659413219,0.5575735949013638,0
0.4251603112421885,-0.31066811048225085,0.5626251315186414,0.7405643237514254,-0.6545919821876469,-1.089918344564314,-0.6876392242733016,0
0.597147232595159,-1.3095307622799441,-0.529314133913992,0.8891125720122328,-2.061226810081732,0.03484623419776288,-1.0035218784990942,0
0.6436834109666738,0.17514703641163365,-0.6276615376013976,-0.24853808409273506,-0.1793341187883982,-0.9383573907534182,0.09757746506829716,0
1.98706792937831,-0.41552164840736333,-0.6430926693235186,-0.7510613607821225,1.3182512608807262,0.11788598609983846,1.3304674271713872,1
-0.04071504245928112,0.683519489793168,0.4290424028474468,-0.8486766316359318,-0.8964856720458976,0.7156650078896668,-0.9775127122066884,1
0.9720965401910888,1.1057660009063461,1.0945668084740299,-1.7162809822489078,1.8601590787556435,-1.485799438287489,1.768694524059816,1
-0.7289015602791672,-0.9764707097447823,-1.6855857794124818,-0.00027665264864960707,-0.594353228017117,1.332912729973754,-2.0200272295133894,0
-0.13339257339250254,0.7712284540354769,-0.48878741137501486,1.0410073951537286,-2.3643204759702585,-0.4061954232425595,0.9111942672050855,0
-0.1142725240152511,0.7185806396976482,0.8307841643231274,0.6659472122852481,0.9561634821165476,-2.355274462292565,1.5300336102855427,1
-0.6264146049172981,-0.45791827014937364,-0.18267119253798117,-0.922951029795583,0.10908127947376962,2.0569518771503112,-0.3369296406061752,0
-0.0044471381292302305,-0.32041999046038255,-0.22343933354153372,1.9109574439653596,1.1250523235681953,-0.037196670894185394,-0.3720176645161095,1
-0.722620815909534,-0.3037987595822485,1.297079407247364,-2.0544473303789155,-0.5918221367501126,1.5628071628929354,-0.7033277300318745,1
1.240274927616146,-2.4959989770920497,2.6749754022429575,-0.01093556935981122,-0.5150519317695065,1.7492236920497575,0.13040516721145107,1
0.6254855665844423,-0.008157117513129884,-0.2848813205049146,-0.8454309166229,1.1432578849982655,-0.8041289811516561,0.9882285573446067,1
2.316021754062236,2.342549956107911,-1.1291748255330378,0.320054856467475,-0.2108149599301351,0.3178614692283332,1.2153346170561476,1
0.3499142862116735,-1.53397158536454,0.8639958884808262,-1.5770651103899984,0.27820525332644447,-1.1073818570045153,-0.40658142661454394,1
0.0462692266710919,0.10391984691321833,0.5587782691097641,-0.505040418835567,2.0592088185986346,-1.1398706631869173,1.299076181411771,0
0.4560445485310981,0.6920620514231518,-0.42538482343506073,-0.0077856092170361345,-0.19666035097576398,-0.12409320883709968,0.06610221599476603,0
-0.6545965209839162,-0.9153873081968187,-0.7713787782252344,0.2943341897795198,-0.02819770751381776,1.6357000817729699,0.7100104040765717,0
0.8281827369439255,0.21757717016136566,0.8825464108533289,-0.4738620851640479,-0.021658455022973467,-1.1691755749037602,1.1665250900938726,1
1.558396516131769,1.3736598354566212,-0.9001822345580367,-0.8617662946763792,0.11429425939202002,0.017961382331244793,0.13195885451983536,1
-1.556354640512104,0.6355399207974317,1.0810196459319348,-2.216260527748925,-0.045155544661663785,0.21521308066865263,-1.062715627820147,1
-0.13742717945150573,-1.7750221368827628,0.8051554435319164,-0.772467700306232,1.8076356550802137,-1.9391079894593393,0.4697569303200911,1
1.2743905132680795,-1.7161695145894604,-0.22961182342153147,-0.6222566553996812,1.4511806932656566,-0.5083419874035133,0.7366455940497852,1
-1.828995524393893,2.4772730589128424,0.35750108820099513,-1.0487494832421032,0.5872978087550346,-1.4049719883788305,-2.130555980561654,1
0.5288577149979083,-0.3281330491929422,-0.056585318211314455,0.4998088071154443,-0.5788740385601941,-0.7653688313341105,0.4810407194504674,1
1.849231307787212,-0.19475334336363528,0.7895049102995714,1.8917078592955434,-1.1049550570922697,-2.356272025114456,0.01549542975066578,0
1.688530594141699,-1.0875992623105721,-2.1085365185509644,1.7459809014244911,0.960780920246079,0.01864118564159048,0.18126081403145114,1
0.38959889943786896,0.27593924232565,-0.6988147708465146,-0.22261352396542278,0.12638420958524887,-0.3850316888700029,-1.1642172250782383,0
0.5926631518895681,1.1569009343913048,-0.41123146730892435,-0.4458227640065088,-0.05580684739350877,-0.3756737100891776,0.05227104779546237,0
-1.6482811376477742,-1.021194541201803,0.6720517487115428,-0.233985307986954,-0.1449642908516808,0.1291494556106255,1.5693118152069792,0
0.9915282750822351,0.890296814163207,-0.8172651734398331,0.03786739402877773,-0.6088053906785768,-0.4997033379678559,-0.26257640124985865,0
-0.730649137217395,-0.6253986539708565,0.734256331434785,0.42284971127742355,-1.3556439228582453,-0.6018356273715073,-0.8745691888882847,0
-0.5497017778087893,-0.29596597639377303,-0.6147187482344564,-0.47961244389159413,0.8268797588334338,1.5127513912207446,-0.3377040812335532,0
-0.8739248229501216,0.956114484123126,0.35111731550474046,0.3083924567674962,1.0050679446679642,-0.46327222575896615,-0.9362860504758738,1
-0.7005589941354178,0.29881813333383866,-0.009616021811580857,0.13874560489661775,0.7343079451708362,0.5437887966641142,0.02190559988420357,0
1.152025040655759,0.4710541051461706,-0.584313741214169,1.1465625804270614,-1.1989603210346014,-0.4194213022110245,0.634707957041253,0
0.839761130924782,1.3276866902887927,-1.015438869353465,-1.2384437696563324,-0.7981817580116882,0.2860495537936883,0.16943418401156335,1
0.3036376477805078,0.06278138441857117,-0.3242362802524158,0.29251809212153346,0.1751604300716072,0.5506609528851422,-0.10570229723817304,0
-0.07407655217524049,1.2406762624267087,-0.17871169966953554,0.16899748737451153,0.31463042419614756,0.27370081705342036,0.7517772725870238,0
-0.3036622201376546,1.4720509115434932,0.8340523942621503,0.9118301546706528,0.4330980345731695,-0.9603355752446066,0.9110382048458543,0
0.6882408375546024,-1.3114429492356654,0.0004988535232887927,-0.45819992320841046,-1.0672732044329005,0.016687606156170657,-1.6175448718381824,0
-2.2778410357646766,1.1146211741385925,1.48233173939883,0.4169362990897187,1.1873969301109326,-1.2830686837526408,-0.48208997461636854,1
-0.1068311161133646,0.948440006441473,0.5785675864268174,2.151543515025912,-1.0809604064736538,0.17469636115329729,-0.11594642875078329,0
0.4999540790041356,-1.7396833347897656,1.5078779355022445,1.0235150734566625,0.005182584591115378,1.05870853234385,0.8067170496476272,1
-1.0462668155357122,0.9407714794843272,-0.7033496236727422,-1.0695142087617262,-0.14432581080773252,0.7541812241891799,-0.5848752773782661,0
-0.9310100309031967,-0.27061838205322036,0.13002776958371087,-0.24190838154530808,-0.26326531680544646,0.07447660277283927,-1.261162117521003,0
0.24894310112195758,1.0430430642342152,0.33995702580884274,0.20930200130766405,0.21411251690425884,-0.11302114643171245,-0.9745453734501697,1
-0.4088893302507272,-0.6542878510375343,-0.564825628422003,0.7610362976611187,-0.0016879103895781479,0.3692781752443442,-1.315501598148128,0
-0.03911584052265287,-0.431610357503886,-0.6516489078901484,0.49803330997286654,-0.36174792721767235,-0.872505784501882,0.07826607749280395,1
-0.07650836170769024,-0.8161447614854611,1.7265800409226923,-0.4668548615377916,-0.3059304397730276,0.8673972683900463,0.8693476430428707,1
0.064891676505494,-0.9420134653391947,-1.0848305010567332,-0.4878606814815932,1.512229098612712,0.9482419370913417,1.6039926394803743,0
0.1986755963789812,0.5015581352738976,-0.2566710605622567,0.2269186731298622,0.3235833515642088,-0.20255213404313535,0.3015546080824059,0
0.8166127080604836,0.573310232998424,-0.5501271875819912,-1.090264202982137,-0.03247434027801285,-0.22039261689868617,0.12048999274439064,1
1.5628025492252846,-0.20631900729372696,-0.47208656402800864,-0.07897652124165719,0.4279466914325781,-0.2448749992323623,0.9270038657011995,1
1.0285593201479555,-1.4767301526404188,-1.0776722664605105,1.2445409475171236,0.7437395313354743,-0.5535452655046753,0.8175779847454616,1
1.1182595123996557,0.41571448338730516,-2.478069433754388,-0.25283805554492006,0.8542405814369065,0.9950199535012192,-0.6830807513763067,0
-0.26768301557941454,1.1262468098823872,0.8281570067757847,1.2101855722011967,0.3449107378147694,-0.7853504072284051,1.0038494787739354,0
0.5405222877579401,-0.0019336831030858995,-0.766844124232575,0.685713172110175,-3.0880047793716137,-0.6133213462118239,-0.042040223958391014,0
-0.19871248036327158,-0.7566380496662006,0.026997022512850268,-0.3361801256929201,1.673867965071264,-1.8269288618152375,0.14308406900335555,1
1.172123476421671,-0.2964207603581468,1.0359518814855795,1.2686316939421436,-1.3434199372379736,-1.4506672703151189,0.19260694960838212,0
0.9416470723132245,0.41454518600304524,-0.7094166503736651,-0.7373279021935557,1.6550976820278036,-0.8677818330933033,-0.2605316029502276,0
0.9426900313012339,0.2983933265344335,0.4670934944715728,0.18714898375398287,-1.0063448472443015,0.685060041855215,-0.11579407699297253,1
-2.0398945960099146,2.310134851116839,-0.11986255394911408,-2.2390947221460795,-0.5975783625185698,0.13402804222176837,-0.09280016352225934,1
0.5438965121936702,-3.1243451268343656,2.0982190615506013,2.124918080020346,0.9503869857062854,1.3488034756860692,1.0817792321239288,1
-0.9494480188519596,-0.9917323099709284,0.9186879733967475,0.09904087078641166,0.471397141623204,-0.3726897881168361,-1.8606841122680644,0
-0.3237768138045899,0.07134120002752543,0.5078460703094887,1.8554337511435557,0.6538925119119365,0.11082771286190723,0.5726540824971358,1
-1.667832387432274,-0.577761443331298,-0.7702002468506276,0.8732235024365828,-0.1993684970831512,0.6774160405451138,-1.5164865748417684,0
0.15804789778851405,0.2512447328189534,0.43257473733701657,-0.05673575660088058,0.5323768279989851,-1.3361929041242986,1.3876044998125079,0
-0.2015444052459047,-1.8163092906864104,-1.392999765086702,1.920764038492326,-0.667385366476451,-1.0132771795422673,-1.5402358331838268,1
0.6148391504552358,0.04067252840120513,0.08183787460161061,-1.1821587017148576,0.7788842216928219,-0.7114262806276547,0.8171862769172545,1
0.8360944084826222,0.23817833550656523,-2.6164285037717367,1.5951655247449181,-0.6408145114003225,0.946746135630014,-0.12486155963575829,0
0.030062135010891,0.34718401362364093,0.16960800364328338,0.49380421766439303,-0.27212725214993816,-0.5742130763516472,-0.13055542963977523,0
0.22039047286591845,1.4803840788547191,-0.31724857634785103,-1.1543568908642385,0.24006197597393839,0.18905720281705232,-1.820134494987589,1
0.18961991265581218,-0.09721516407698601,-1.6281011460537915,0.4233752052991728,0.5405897388702885,1.9740452373600808,-0.7094771981825012,0
-1.111988038316025,0.3443920335919956,0.06746036298855979,0.07048786416525786,1.4592324317856968,-0.4844127967239614,-1.63054887739524,1
1.8814063542769008,-0.45906958735397024,-0.5312626410705692,-0.8524564228818936,1.8035828921150912,-0.42754287096772925,0.26259519492196876,1
-1.2760016897878084,-1.0915438814443779,0.9923773854689643,-1.4159623058711974,-0.3551162958693808,1.494512730120021,-1.0660705779539945,0
1.5666437904703763,-0.6635399438386272,0.3650547208617787,-0.5450376900360578,1.5610934169937896,-0.8545975504262181,1.5667644385081345,1
-1.727266481320726,0.28718510008393283,1.1018843061829602,-1.944258021890047,0.3825587802094261,1.4938646396019633,-0.16019021519457927,0
-0.4061440922146717,-1.6651714402751299,0.38740828087028145,-1.242688164128588,0.27300238958803286,1.229661193443755,-2.151539325888635,0
-1.067245869961545,0.9805098357851922,0.9201198779754503,0.32794650182879737,-0.8295257839334865,-1.4359412167739525,1.4964024989426288,0
0.09869217838797892,-0.792072735851872,1.3840385719456592,0.28514570403307765,0.5829153080428934,0.187552345206445,-0.7225267306574722,1
-1.5506733598053966,1.3141285789281332,-0.11005014207498973,-1.634633379970922,-0.28210909234628495,0.23677531654882317,-0.7447698346470278,1
-0.27627039692082256,1.629578215958793,0.13373688256895647,-0.5652559427954893,-0.31261278779445867,0.1182344939507115,-1.3815904194513997,1
0.4302339287151402,-0.6809104595999127,0.10536050645194887,0.3517305885014531,0.8664479970210461,-1.5782806677656271,-0.15301724722774743,1
-0.9101117424850163,-0.8203638014332483,0.023532123509733494,0.5842333148846698,-0.6104135120982119,-0.027473075891179033,-1.391420574787115,0
0.74095749400327,1.4475538393331422,-0.036024297423719806,0.17559596056537527,0.4693909580464051,-1.2905270369364095,0.33695897403589686,1
-0.19361791986116247,-0.8082569506424276,0.00715323870610842,0.44427887968282737,-0.09953663920702913,0.6358358553447825,-0.7691880791583643,0
0.6307153455966119,0.6902526958592512,-0.15361148983556122,0.1127637530575956,-0.6390654004775497,-1.4965603195186652,1.2539116268589043,0
-1.867552318321753,0.2660290918082271,1.7477936607826918,0.1767110051726453,-0.007880823450712964,-0.5326932910847927,1.2543545877247437,0
0.7605737080115297,0.636095160234765,0.3996487169276775,0.1800914919744944,-0.09003057388697629,0.4776941157271035,-0.4140541612148059,1
-0.7739796750187077,0.3026594152954612,1.2907328406387013,-1.339124064414592,0.32087550814084426,0.4154462498382748,-1.1331300429119242,1
-0.9378857227230503,0.1516150974103807,-0.6882902154276102,-0.7440482054382398,0.47126716001826513,1.0159115627769435,-0.2086478915348093,0
1.1247332357026139,1.804191231213469,0.8818480192768782,-0.1518578010315818,1.4785129574019025,-1.5931333713704339,2.8182594684752997,1
0.17452908319650084,-0.5433189171342478,-0.6675797042487048,1.0219881817765992,-1.837711450937351,-0.600010777284704,-1.0141491296083665,0
0.8454525103196291,-0.7954988451933575,-0.6208639407380574,-0.18270569462849204,1.3078608227752582,-0.6641275033612972,0.8149669082828606,1
0.3279329704066007,-0.8966275161857026,0.9229179886070055,0.11320921628526194,-0.4631894000268364,0.17540944022449967,-0.5189892777951252,0
0.7074876494876364,-1.0768519166632795,0.7654060386786666,2.4235450808468775,0.7618471384990263,0.5596954761208474,0.13129319879071852,1
0.49587209840124197,0.8039580607487576,-0.7716726315743333,-0.4122950959927171,1.2689835254384694,-0.07071808240059707,-0.38455505815241253,0
0.5347751666331243,0.9309612948944269,-2.0001457650113417,-0.5533158520475037,-0.12350321728622474,1.3164002129605168,-0.13562443967357285,0
-0.3790116559435856,0.24703604013830313,0.2725185790021376,1.5049983032721737,-0.7937150524419957,-1.9947805089920652,-0.45000857310911013,1
0.14368717215174365,1.3333902361867147,-0.9460747992794968,-0.1012920940852916,0.5682743272088664,0.17147987265856438,-1.197894579104031,1
-0.3302236695843043,0.7366762396883881,0.16059272121103513,-0.9780495867296393,-0.9947533762916335,-0.19910073937408532,-0.2714353095078691,0
-0.5220527711862294,0.24184118689831466,-0.545653869624274,0.6006191357003946,-0.7719807552480721,0.8283206265057748,0.2215170487331632,0
0.8161529488347026,0.7775100481918031,-0.7040776661762994,1.0821383428122535,0.29492264961822934,0.3679720402855361,0.7770914756561093,0
-0.5942412888853389,0.3284905968553801,0.35994489183685796,0.6403242332824245,1.0023669675270153,-0.27814047063489067,-1.166856714565845,1
-0.2697101293225723,0.2728791731008529,0.10336865615302915,1.4276555593606783,-0.8195352297040298,-1.4603559006977163,-0.561012465531624,0
0.6545724572163373,0.24875379825420352,-1.7431904958837647,-0.22716525880884986,0.5542270649134253,0.5712897172565901,0.9115555891514766,0
0.15067734570802327,-0.8214242367753939,0.8801044729562865,-1.4875700466706676,1.3483133117559059,-1.5122141133281788,0.9980709333005595,1
-0.6398085158834981,-1.6978874689711583,-0.3689777382085451,0.09542006282887162,-1.5165284190638841,0.29588476555651216,-2.185541865210424,0
-2.936982432045825,3.581287434882447,0.3756897669613833,-1.6907825978238353,0.74475198284887,-2.0861625160118065,-2.4073546804191905,1
0.14427927379791225,-1.6088369323090495,0.6768940054460659,1.1210383802375303,0.9657104062066559,0.528400407186588,-1.5340158925212204,1
0.1924523388176911,0.6014446908715021,0.7651237933981258,0.4090133844612012,-0.7188174636739595,-1.6635718529530268,0.34184778336655247,0
1.0757064132801675,0.29969305281010034,-0.400743905751109,0.6636038994595234,-0.8944743249757213,-0.5813237991873739,-0.036932903434378446,1
-0.926840597436378,0.441684105149799,0.3477380766814686,0.378047436641299,-0.09629692738179553,0.3771032718013469,0.47431225005910826,1
-0.45950312078537486,0.5636007336681168,-1.2228958753495212,0.38595426015836964,0.17014487006479298,0.9231629333813526,-0.22077087384703992,0
-1.643717512280527,-0.07515226226424981,1.9304625937101318,-1.6003367901646317,0.9466107743625938,-0.262827564537683,-0.9885864892601448,1
-0.6226085717510681,0.6444807538659952,0.38586470445706406,0.10913311639432617,1.1179419262333694,-0.3960574682020498,-1.6252813212704393,1
-0.7400920455816418,-0.397320507665554,1.312581688934854,-0.7362420728813311,-0.9574108497761884,0.43976282467802125,-0.09061807723622024,0
-0.1149989215043683,-0.08699139664077819,1.620314923827188,-0.34270991126136297,-0.524871860514312,0.6454715021597766,0.5091218887993673,1
-1.2927203437065178,0.6860313561718672,1.7964506245738348,-0.9611951281503762,1.0537665968864207,-0.7230997728048081,-0.869466596679189,1
-0.9368840795882135,0.49737443251407754,0.25731478307379946,-0.21543474876522933,0.6169632511730443,-0.16454192214975646,1.2324665699940873,0
0.5509243594961021,0.0773227665218825,-0.05570845599340518,0.11519715985809384,-0.5262538029569351,-0.9014468894127161,-0.9697062889278439,0
-0.6538104284469448,-0.8205734736189955,-0.6352571524763171,0.7657901734395604,-1.2382466205397795,0.3795022674563849,-1.242055012584595,0
0.274018483180432,0.25346936403232395,-0.6507825148262384,-0.696981992383121,0.09661161957537269,-0.2765183695776189,0.5896284092953019,0
0.8100317767918223,0.9323580866657866,-0.3211558269839871,-1.4340986689943815,-0.06066983321492999,-0.32436884060876914,0.12008297844831592,1
0.8816104470372955,0.4073814453310609,-0.682042586033054,-0.24765719658663796,-1.9552384908759954,-0.20232926112648747,-0.04777597142703382,0
0.5897437715321805,-1.727010292231301,-0.594484044754458,0.18503641495773648,-0.4629680588899025,-0.19779923944390942,0.15165335221165976,1
-0.7681867944090717,0.5067868171026494,0.2511123331989724,-0.6432914212417647,0.17063271708243427,-0.5101692928979349,1.0142321582088984,0
-0.8173431505216316,0.14411534061819162,-0.06402595519750383,1.039174688971464,-1.0689384147134302,1.3523538777459863,-0.35252682660564605,0
1.4484673795403435,-1.5660592562666382,-0.1364212682619525,-0.846794768383912,1.856911539000948,-0.7085616035552438,0.4736517961874247,1
3.326867232308824,1.1353632630055028,-0.060316404881430384,-0.15016695932752763,1.298692241973575,0.09822203369081382,3.146535106726595,1
-0.6172464022792499,0.7594268554304402,0.041855374477562275,-0.675196096337969,-0.39593046367307316,-0.605582111039748,-0.8624622724184078,0
-0.6635431367865138,0.19093442966731425,0.7518394069304823,0.18927491976106692,0.2591985398626155,-0.20848645257873966,0.8169564049696508,0
-1.0223230645865042,0.2711067875837427,-0.851355086746198,0.802439996714296,-2.28461284607377,0.07623419666848237,-0.1575255587471853,0
1.3657432054500531,0.6853605221938219,0.6045832754604479,-0.6399612246865332,0.26481096570933704,-0.8240517952955709,1.088534068684937,1
0.6288710593598857,0.26974338855584656,-0.6101871576180434,1.4944871264543507,-0.11272110248248504,-1.1304017147045933,-0.04368678769617191,1
0.9822259771129365,0.7381909026365094,-0.37180905713669693,0.5068519161010577,-0.016735271321464656,-1.5909723390135584,1.0085937192242358,0
-1.6242390064692485,0.35695877423116673,0.8679142300121975,-0.3303772139284806,0.3373007719852441,-0.8799233420722642,-1.3525092572401833,0
0.45967071904876927,-0.2801879887795672,-0.3632520654750492,1.1561933871516186,1.184967026674162,0.6576445815035145,0.7284313909381653,1
-0.7508078471131229,-1.0423367560352876,0.529223131877809,-0.5036690310920748,-1.3024007237230173,-0.808459339734112,-2.311697817933063,0
0.16021642292908161,0.3125431141243654,0.4263612248981623,-0.6559115128949699,0.6625092155196988,-0.07033867044697516,-2.1795877914148716,1
1.0119783331751224,-1.0800793754599705,0.6210347097911137,0.845690531026026,0.2277380270410893,1.293546043264621,0.14353125098642155,1
-0.11257748740797516,-1.1908862785655208,1.6098449641913029,0.4413076486134749,0.45687597517144035,0.6442648530842606,-0.21788284279666026,1
0.9292611675952878,-1.5735391621162442,-0.01877130780138633,-0.8802688214529331,0.8011479739832876,-0.5153363832362617,0.7050049421212399,1
0.67108160774025,-0.3528080262113581,0.69218025600685,1.6391881565951214,1.3429332956852928,0.18862047152499925,-0.08591919922009636,1
0.6850790714503902,-0.24064392894144074,1.419672340856418,0.6054107583840833,-0.5135434602594302,0.6243466280934502,0.7422244439420657,1
-0.591050824022138,-0.5632121117344185,0.7149840293010161,0.8955247566284286,0.7189387254642301,0.18088742314796047,0.2181381820951424,1
-0.3287952242454352,0.21452520778402712,1.6666926754227183,-0.32646169090047256,-0.7886096820532853,-2.3895905990408983,2.0223903326236496,0
-1.5024050538175764,0.6275725063696024,0.0011349998905792905,1.873808876769727,2.854826626688876,-1.5662883593394765,-1.7205500495390023,1
0.05299606936272588,-0.35340392477002397,-0.5679092336660921,2.210342071162947,-0.6142106234418871,-1.5554462138780236,-0.5845584551559614,1
-0.45040496983326545,1.132583373622193,-0.961366607393051,-0.6700516030920034,0.4115417043551237,1.2466538538678336,0.11531115592399224,0
0.8882489544046656,-0.577194399854501,1.4983560565596497,-0.4892294650563713,0.00697992486958729,0.4335831750210909,-0.7331136851472561,1
-0.8941118295371098,-0.41883376547037027,1.7956709152190453,0.21673725933129034,0.46729106696711525,-1.447855202337979,1.751457749001831,0
-0.09002977931605341,0.2519745969850399,-1.5366137353669578,-0.7200800509324906,-0.03348067685955195,-0.2498371150446156,-0.7562545100880306,1
0.05145718802867716,0.34942194061633325,-1.7029660333359489,-1.1090489107527566,1.2435416613495867,1.2494877009851515,-0.15904724709549176,0
-2.3823568807558653,-0.6203467280170012,1.098149070278665,-1.5641227895619534,-0.22032540625687622,0.6204278967539664,-1.9114709754969914,0
0.7431449680214953,-2.020127691288933,0.5280666360016171,-1.7011150655235514,1.4378037520462301,-0.804125592763824,1.0989732907080245,1
-1.212443865001277,1.308256831712057,0.290330985323769,-0.520917182395567,0.5504610529493966,-0.6112596946512754,-2.0646296886251734,1
0.9346894845187522,1.1533137252626013,-0.5483182868309473,-0.20437266768172416,-1.423583500639209,0.4784594907664262,1.2980608579067436,0
-0.1679234010180278,-0.6713226784992202,-0.8666785588479602,1.3648589535616955,-0.48468933913956824,2.4008932006227433,-1.2428128498348712,0
1.5514441698384105,-1.2040958829042916,0.7229826180054969,0.7782639569933363,0.4351434920399391,1.4082673392855736,1.117699171639886,1
-2.6033945689699234,-0.6066234156772492,1.4074361725091618,-0.09358649355870807,0.1969903672498254,0.37244726098279296,2.595316207736215,0
0.6269565559106364,-0.41955174005142576,-0.497736921620272,0.8622660912606753,-1.6705464771735035,0.14089751792502936,-0.08769602317516677,0
-0.3877618506953702,-0.6138477032539409,1.482870081800331,0.25051372523385584,0.05166329079460552,0.17224201080598456,1.131647418604729,1
1.5391266589297405,-0.2692323534128506,0.2471505485933617,0.038318036373588334,-0.7945835917394148,1.282132337801026,-0.9336927150300539,1
0.3756167868824659,0.1847128685178707,0.45570610181291016,-0.14304081128397184,0.21518849684284777,-1.091948143572245,0.6789251203464722,0
0.11287831890675021,0.13600683969497918,0.767144740877815,0.1720447959473457,0.5964307999387121,-0.731789827903282,0.002011447850722156,0
-0.6590623968982299,0.039425794794664244,0.5186937694255884,0.033052440730139826,0.6093475379200878,-0.9152287082994914,1.9411110594732108,0
1.0242854320961245,-0.5590874016974275,0.21091143912547666,0.2094964188227678,-0.1381343351128839,0.7307022858133904,-1.2302054012951535,1
-0.08644540452199966,0.6976981218498255,0.4319063886885674,-0.1650334094791823,0.1387200754892213,-1.4746169118782833,1.9510639030861172,0
-0.39822245252930566,-0.22959753097653168,-0.7413178722693173,0.30464380222841714,-0.1857464930787851,0.7613931607086061,0.7758699004473185,0
-0.5455076020338627,1.429966132118059,-0.17957496136229995,0.40746494959233404,0.4653206378766852,-0.44020705850692593,-1.2479506012722705,1
-0.6476265949318403,-1.2381108966892092,0.29313343269058895,-1.298078031613696,-0.6672343965674208,0.7630629957861489,-2.101242881586816,0
-0.753691244497481,0.17837750678695014,-0.15129078890394335,-0.05387119168339726,0.7346753596774597,0.8068803827228481,0.6501733171468259,0
-0.065185811254911,-0.25195203702273705,0.2201488902542943,-0.9887629130347548,1.731868060043627,-1.7297677710449375,0.11628191523868443,1
-1.6630884461764828,0.07719619717173266,1.393253843344458,-0.46281280897908833,1.3505289378739365,-0.5601752938897883,-1.3744656978353311,1
-0.9399023905377576,-1.017519139588451,1.9043232837687076,0.3861656596472334,1.0839948687598582,-0.15148564180751356,-0.1342233800006215,1
0.3618618342389619,-0.22646008984473429,-0.7198814212775959,0.9539295466341802,-1.7658225954595856,0.07782284326371304,-0.1245388581863947,0
-1.2437259462187873,0.5211358228353374,0.7256843824406889,-0.4967138238472543,0.22082733225336437,0.012659091477678224,-1.23728860996531,1
-0.3682447672687996,-0.5500040565821641,-0.18603769931640934,0.6679625559320761,0.6947088087123546,0.6682891293304761,0.6869119718563944,0
-3.470654193906107,-0.23326040422298813,1.1069750003100454,1.228510624238465,-0.3276557105516796,1.9351954136878609,1.6546251615041019,0
1.0672365432816273,-0.6913686618537451,-0.37780543353173596,-0.3621231024386617,0.5447216228264108,-0.48720571113474537,0.183332592878125,1
-0.3860082265540741,0.7775115711526713,0.1263571597402676,0.49069619931932557,-1.6967117902751538,-1.3150586810521243,-0.1462877847717515,0
-1.3476959278747402,-0.6172215935829285,-0.026491382702967102,-0.0001274403380793868,0.8673473488373685,0.42591826567240726,2.895586857731698,0
-0.20326059009352926,0.005347863805959415,0.050180838871992116,1.3730969597761993,-1.849728667129758,0.41024801268365,-0.3072689296651308,0
-0.4954034224238263,-0.32183820983533057,-0.24748229275091985,-0.46667472276384464,0.40550220258190656,1.3063795088347807,-1.169115356418032,0
1.0339722274341039,0.5014839572762211,-0.10601611082870661,0.09405855795553766,1.6535276135534813,-1.0976712293062645,2.159706660480162,1
-0.38358256030321486,0.8512190232501958,0.6611384319423134,0.7080039055744466,-0.35298747064758457,-0.5495695402229469,-0.6720348995848434,0
0.5093814393571081,0.8017580092121457,0.9235371547936015,2.6380639483319,-1.8593977688854764,-2.730949549037157,1.0095513255281698,0
1.1039033985319466,0.14402409596760457,-1.2878567616285588,0.3272186473635595,0.2204356142103949,-0.12382469137044821,0.5785501470974102,1
1.2053773468629096,0.013181284527459224,-0.5517177881341304,-0.03767473754980503,1.3444194134953913,-0.6311305648950751,1.5823093172572036,1
-1.1536596263941017,0.7364584856319905,1.1666577382520613,0.5451516277829626,-0.5601677030036176,-1.0976735476207355,1.4148207364077943,0
-0.16431873015834328,0.8056966782458641,-0.022192737974619996,-0.8544971062163595,-0.8077828931675479,-0.8633467636182958,-0.04970437781108187,1
0.5903910321711944,-0.12724149027247272,-1.2356909416774138,-0.39053423745470633,1.3535040528205615,0.7413640118918248,-0.07814060734797157,0
-1.797269963516275,2.5985396435236794,-0.8043972655159017,-0.15259005992009628,1.2414438344426197,-1.015547998972206,-2.2312599776925968,1
0.9261009993186716,0.7234578085456679,-1.0834341712031585,0.7125508176456546,0.17165284799063674,-0.5915888827839492,0.26638739639251546,1
1.6492738290177955,-2.6492126662516284,-1.4231227545063379,0.12351826499648748,0.6585023982537535,0.24694566131237655,-0.7683000864484526,1
-0.23339806176879943,2.4120430507847295,-1.6003959063760933,-0.5249865331136176,0.6802127813681764,-0.5174573305169979,-1.68352106396911,1
-0.6610872872590661,0.8146921430865789,1.1883819112043728,0.32431519737513786,0.2600488349188532,-0.674884900719531,0.1977232228826538,0
-0.7063502758731262,2.089318765439396,0.5234002810406626,-1.1010105738648654,0.563591235740843,-1.9251885279856153,0.553331329901247,1
1.8543140830053857,-2.3063402130592756,1.2302020620741594,1.7650580728783407,-1.1090738383521683,2.004785022502767,2.816226864724997,1
-1.2713406747399196,0.6179265805087125,1.0729606123377795,-1.1832920759923953,-0.02579116536262453,0.3552600541802675,-0.498355276016746,1
0.2574487295621982,0.47355286432044846,-0.7375825601283169,-0.3110504036118336,-0.18444409681399251,-0.19413670905869457,-0.21783123140252886,0
0.40939178774981777,0.70540576748367,-1.1726608339152567,-0.7739959624888781,-0.6619132772949836,0.4094802627856011,-0.4455695045027657,0
0.11794947750056807,0.09222303413522896,-1.6303135846829908,1.6161759964153743,0.49156329210561317,-1.110563607589297,-0.6798359494122694,1
-1.8319463730781018,0.18722908960304574,2.2146832945097463,-1.5187748973934578,0.05068140679449604,-0.02241853422601076,-0.455204680721889,1
-0.3937989367999266,0.5271968243210361,-0.2522956635009507,0.10091742307366484,1.225963501626151,-0.0682548423361526,-1.5658335863067319,1
0.9769049355145737,-1.0599269971475427,0.734565808157275,0.705221385512564,-1.257669910928989,-0.8971414412419384,-0.8047712413040099,0
0.8017741849775711,0.6099715483334521,0.34082630041415557,-0.57590269959242,0.4879830939327737,-1.0161974844263753,0.6205986089214329,1
-1.4087254411301782,0.09199363651535916,-0.32470122473597685,-0.3601568966189629,-0.27012761277525404,0.9902544703370614,-0.7840775850189672,0
0.1816570328313263,0.08506677589050288,-0.5162324948423256,0.7786243927583771,1.2453638926674566,-1.8089259129111883,-0.21362904544831152,1
0.51880002210162,0.5870650523326351,-1.000685732283424,0.9456063340718985,-0.9907571601124772,-0.5029213067485199,-0.48994425697446886,1
0.18724917355614715,0.4010941058844731,0.1658163494866295,-0.27460533328041514,0.41389177322203546,0.2867845128245422,-0.8811269763025016,1
1.2086811661063994,-0.37225737606464127,-0.10111149195440133,1.2888953258024318,0.8860530090972132,-1.3896486925414142,0.22835369912572054,1
0.32253425088960624,-0.00441951053501884,-0.23101448298207056,1.4642017112062966,-0.16161838892146668,0.7546834806713675,0.36712707274789874,1
0.58109485294169,1.4069281263544686,-1.3954372554992123,2.0053385418182677,-0.02975662465956979,0.460766163802074,0.33649635428238356,1
-0.4328327073291641,-0.7768045779647841,-0.1434921299280327,0.8615748875836943,-0.8137449216125398,-1.4366368962175884,-0.6409749909077894,1
-0.12799362725551566,1.6763952381770533,0.34011398842746676,0.7329801898068385,0.15468122570383797,-0.12307842988975413,0.5020442284927298,1
0.2480461203941537,0.269977077815752,0.6789514002520876,-1.033664992044867,-0.829003330893306,0.5591810295506973,-1.3641094912757041,1
0.7883632649799616,-0.4105788711044938,0.09318993463819474,0.8664064957314508,-0.40905324984702907,1.0742000900159414,0.09031894090938809,1
2.464640585197236,-2.8380750884705472,0.0756365579751008,-1.3896842672571659,2.5297248815693236,-0.2542693375697081,0.38719205512569743,1
-0.26949630448294365,1.0365480257697128,-0.8348773090281733,0.3002161552402571,-0.04420342884401519,-0.9783192169526241,0.5047444778935549,1
0.010389836731844918,-1.6599672688124942,0.32977693306354455,-0.009759431553168258,1.6553000862722598,-1.861547741841256,0.21090534584019055,1
-0.6912376057815078,-0.3844708441069563,-0.321775117827898,-0.4966903214740512,0.43464705298156797,0.2516592400507108,0.9260470538489748,0
0.7257950087644333,0.29578104714334846,0.5329161805530457,0.7537808726674935,-1.0884561011729996,-0.36004293459253267,0.815187026866281,0
0.020819994728417095,0.34726035773499186,1.6185902589688992,-3.1385488728748334,2.9210338473374122,-1.9304376282982667,2.435743683553505,1
2.1731022658739345,-0.31441175872579846,-0.9784946296025449,-0.19557873558885067,1.84514502735824,0.14681813087993967,2.014321322198142,1
-0.3166279503818964,-0.6791173327170141,1.5431429222305102,-0.04359105537403088,0.4447603427748418,0.23326655666581406,-0.45389598506646206,1
-0.9335931155465493,1.7319399726053644,-0.348140777637069,0.23280876111682672,0.4961324365654712,-0.20532819986612416,-0.697008680570495,1
-0.277104861860683,-0.03397490650859618,-0.8479464736114317,0.8841649358187295,0.009198417553336466,0.9636288313467184,0.6760493620581488,0
-1.0179936990206406,0.3813234837207511,-0.3078454978867989,-0.04640789145221965,0.7246168102641556,1.033843397144557,0.13061394257923636,0
-0.2042934002654744,-0.22759978908708695,-1.516020236197705,0.07563743746447842,-1.7300325046704672,0.6845507498807232,-0.9310276186953172,0
-2.3306642699248292,0.11417357278178886,-0.0029801157879116302,0.5951760211308897,0.42983780761094226,1.745899028526676,0.8951039921433754,0
-0.12465467199205556,-0.2225364487319728,-0.701985396683542,0.0067564900820930975,-1.3779269208503515,-0.2361857677596462,-1.3720372329239592,0
0.547432521895157,0.20883391301043214,-0.4174043672187678,0.09928848062120448,0.373562268894249,0.34287997805317144,-0.060383315683114114,0
-0.164150151514474,-0.3084342128731101,1.521199479121757,-0.92605065479228,1.5075918027779258,-2.0955904416368503,1.9482963532919508,1
0.23462293889732522,-0.6756391386133737,-1.0874723032630114,-0.3538868380381527,-0.39688127075238455,-0.032109202868983805,0.0969443202371138,1
2.973565959267564,0.3851434061405872,0.5923274792523381,1.234902849262705,1.8993947687776398,-1.3804962846685258,1.71315769283882,1
-1.0255794241730651,0.12605449460695148,1.2399335234454225,1.806020190012778,-1.0086243243782544,0.44154640439306764,-0.5952685804717669,0
-2.708495820396354,0.7538905898308773,1.2277878995782583,-1.295685037891176,0.8617110992569678,0.4396944509376627,-0.7838073979652305,0
-0.392467064996427,-1.585849842392999,2.063384776662654,-0.46588210973533234,0.17451562735145615,0.7367938043136331,-0.3520781609508317,1
0.9169387613814827,-1.9892679639407131,0.8763575043261181,-0.4398833707103003,-1.918863426207103,0.01364795288547611,-1.2639603565675663,0
0.028963541859084608,0.3769770545590916,0.2560185566498722,-0.9725839903587974,0.590562368233255,-0.9506283615391338,0.1379968813835498,0
-1.0048251454497181,0.5773768569707164,0.5929825220202048,-0.22975975845972774,1.0988405926211264,-0.276520405704249,0.6467234783833992,0
-0.08144583956996737,-0.6437048621532235,-0.2719894665289282,-0.6294811090304689,0.30868240190559204,0.3437078451634203,0.9120377236916376,0
1.3125971913175316,-1.7248829200838853,0.6581430145369295,1.100640279481611,-0.5463879102776441,1.889187554574377,0.5993448712915564,1
-1.7108394768888895,-0.08723446594093026,2.546207377949018,-0.7632154017359472,0.15515491088639052,-0.26359654400656823,-0.6985406948949567,1
-0.7720694334873796,-0.576163349102554,1.7088586334107057,1.5204888259930223,1.1056565493514843,-0.8964205777337662,-0.053454764387185084,1
0.2739213049769723,-1.4878923243546374,0.373506211225999,2.445834592048055,-1.6059577860894687,-1.062298266022036,-0.7872115955727591,0
0.35124731200177023,0.8166419394953754,-0.10019102594703665,0.7103549803053341,-0.9514466453750607,0.02664694856265202,-1.8166374441774737,0
1.187947813702902,1.1050314011374616,0.5798884141263723,-0.2236941591940161,-0.650254407849231,-0.7411267908913776,1.225606536839973,1
-0.8117767692840548,0.3022681823213776,-0.3749172198718196,-1.9400638086228614,0.38298742876572556,1.1960744509180474,-1.2231839792580264,0
0.5861074156468334,-0.9849685809966214,-0.045914426952324214,1.2539940728223387,0.9263377483466387,-1.1770770206083123,2.1921310110529917,1
0.8275558099664858,0.005524017739782824,0.03323050330216632,0.5956357402936375,-1.06025915402566,-0.634729639823277,0.23062749860458426,0
-0.49084851148296793,0.4047409321562059,-0.19175698207473493,0.5162315381385315,-1.1039274050220549,-0.05675995212430012,1.0445535154723387,0
-0.37120357689403155,-0.8133542819355569,0.4505819578012918,1.3018970215346204,-0.9949787217391196,0.44370245018674204,0.48186923446188246,0
0.6990283674466666,0.8247187841877011,-0.5429847617997933,0.26947315105941855,-1.7664365014401529,-0.2614590943382421,-0.3804695726985412,1
0.5504594000203116,-1.2295562331713263,0.17310247064033427,-0.8725076382449016,1.715679596680163,-1.4700926406397905,-0.031510538724076644,1
0.1837718067382639,-0.9319973251125785,-0.8854329706216761,-1.1183932296984809,1.5592710820589606,0.7088910541040212,0.06749524677568113,0
1.0755930651658692,-0.07286358801747127,-0.6225114185081235,1.3028236744194737,-0.26107035844249166,-0.6723880125556425,0.9793515530314317,1
0.32570197751735075,0.7756613472866711,-0.36769106918883476,-0.6408668475192749,-0.6375997329800418,0.5539194516278794,0.2831579069838648,0
2.009941415196925,-0.7680342553202752,0.025642629028366032,-0.42742239561851925,0.6574380867076723,-0.18443683597113059,1.2337385317382883,1
0.14729955749015491,0.7978607904401536,0.6788296780503381,0.9252563398808942,-0.6516898681958808,-1.1315910399005071,0.7754939517727681,0
0.8938637874143454,0.30482600852448855,1.1394628657109287,0.229374038617347,-0.5420369412779776,-0.9772395374691352,0.44831967718945714,0
-0.18179415177814406,0.09954968728627239,-0.48886692625830347,-0.9206896599108102,-0.7444293611505856,-0.37218911700754476,0.3201457967423942,1
0.31853725748334727,-0.3770163896247082,-0.16030312540567973,0.9739039475724011,0.9277211322389751,0.016214242721611115,0.8183044956651202,0
-1.2445431013596908,-0.9184005602682693,1.3085396858017724,0.19237165408772985,1.0929938653507623,0.12400355016435802,-0.6659477636602754,1
-0.06507682427005125,-0.023071514506765357,-1.156399095565744,-0.3208951804975456,-1.4773671204036232,0.20034010808203642,-1.1451889486172546,0
1.43507284406375,-1.9245556969436535,-0.5622967054748104,0.9754259095767678,0.28621062963775823,-0.2643255621565523,1.172465236809668,1
-1.3152157934370639,0.09335027681900884,-1.7774596226243489,-0.2483906207230582,-1.9898972820103566,1.8896179134355358,-0.3906981555208355,0
-0.7560176741669773,0.4195789319627734,0.6359352943148173,-1.0847747678484825,-0.3251582692748799,0.28088483991439667,-0.2953385753474883,0
-0.4915141325186914,-0.3173837397441202,0.6600711082855241,-0.2745794605007689,0.47596767955250846,0.28790829736066653,-0.9457578322480331,1
-1.322467940748864,-1.3914676948411988,-0.4424582009258126,-1.3137838493861318,-1.3165689406976968,1.5794256886494167,-2.1372097610639718,0
1.540176004006475,-0.5308150275103227,-2.4284472123161436,-0.7583908371019841,0.26997112445828375,0.7585130699922396,-0.32204209622598595,0
1.054229956690188,-0.5273727150890636,-2.04076542679015,-0.6847530277706829,-2.2456016276458923,1.497261034847362,-0.8203188584465902,1
-0.8877088336027403,-1.2277477911341788,0.007501325198765145,0.9734284644228479,0.6202492414967519,1.2050677384553596,1.1973584657957814,0
-0.7939336086873598,-0.04782423683546114,-0.04611850539996111,-0.9268979660541358,-0.025948016427318674,-0.13399025014287608,1.7094950211260853,0
-0.49604856359152905,0.5636747287106747,-0.68744351049276,-0.24800488019218211,0.8222209464011946,-1.484361501336564,-0.7838877584620892,1
1.2302336474378308,-1.1916533800302431,-0.10572413455091118,-1.574390789475854,1.2177888565487902,-0.3271681615903753,0.5790933188504616,1
0.5045265127876305,-2.3133663115377012,1.4155569552587823,0.3239405997500758,0.3723789764954305,1.2220496794755529,0.3018085960951434,1
0.2947307050972209,-0.04386848678716773,-1.6682915045237274,-0.3607040093746401,0.6085374554315908,0.9303856847897753,0.03527529829410302,0
1.9348035082672432,1.223436837442242,-0.027925947324538087,-0.16579143281848577,-0.7702045819236206,-0.026402590183553495,1.1914799217946004,1
-0.6077837643993532,-1.8561280061205134,-0.9618267814163095,-0.20654394929324235,1.4373462055878383,-1.0888055285468612,0.3271556067965121,1
-0.1249858248943279,-1.1287518104760943,1.3129987480107723,0.32869115011767464,1.2205854552986126,0.29400545801741107,-0.45661891094421014,1
0.30761881225024845,-0.3700502286168748,0.8911157157730558,0.5649939473365518,-1.6470746716040554,-1.3026145333490062,-0.39974151641028904,0
0.13457262832396447,1.5661347670619135,0.6441333687205733,0.0857277794778021,-0.4124181937412311,-1.4272792908422227,1.2936967147236906,1
0.7966305967543921,-0.5011386470008656,-0.5029593501979888,-0.018316736361846678,-0.3367737094333124,-0.3829368479652899,1.1014242391715907,0
0.352941941319659,1.6136192058064633,0.9394630606705564,-1.4992726663096752,0.25661816928875786,-1.2890922755322043,1.2018974902684432,1
0.688631855730806,-0.6046233990250153,-0.12285734188656912,-0.9100420364830213,-0.39085264671813214,-0.21084548638144002,0.756712580095469,1
0.9213836357840604,0.5258927221086067,-1.2117500963832122,1.1622563694201986,0.35383087985828254,-0.6689301851773882,0.021322277034739455,1
1.7514268023826487,0.11655090720394601,-0.6661924568652794,-0.08255046057655238,0.4219204123062513,-0.24045184459214958,0.5316965986388592,0
0.5241853177781443,-0.6729483795938532,0.7922000591401553,0.39277498995528104,-3.174460361626902,-1.669575520350677,-0.7180716559348574,0
-1.2659396921559967,0.31646415015605184,-1.1184411899205149,-1.3890195157766796,-0.24688004042987666,1.4635322078100408,-1.1968027663951701,0
-0.16280261369021093,-0.4191764291680258,-0.4523957800765707,-0.36092249157523915,0.6722521216445285,0.5380958788906504,-1.4962575964900253,0
1.3117550907459923,-0.3261450407655775,-1.115413678922788,0.16892213966543682,-1.2732745279489455,0.2658911389413006,-0.3033902851175736,0
-0.2875331400600834,2.3923925570767928,0.68014407405058,-2.778800838573325,0.4810028941140867,-1.2231852484422832,1.0565669155904995,1
-1.1036672863611332,1.8298831989141848,-0.10567432416646767,0.7609886529192265,0.7722018343684066,-0.8903418104965486,-1.2084988067562779,1
-0.2467744096855901,0.43193518617225635,-0.7141180046786704,-0.5668530992806129,1.4270395359236663,0.1216785624046348,1.2710137707931488,0
-0.19267273069055602,0.021824081210071813,0.0974737142392975,-0.3851147093558072,-1.1176557802567388,-0.2507253218100311,-0.6999428016704295,0
1.0239671840014366,0.3218623358434954,-1.0438537048276808,1.2140821483695263,-1.143414806668921,-0.22442621469236299,-0.42766854838109813,1
-0.8800634943381738,1.8093052457655057,0.3794489968232309,1.152097269228159,-1.7557000669128389,-1.98348569422665,-0.6936816447962605,1
-0.537733561411597,-1.1347733448586224,-0.5412642878998268,-0.13390622342017092,0.9013818773995624,1.7217854790365015,0.4782611234741476,0
1.8441214984748782,0.14342369721255618,-1.308539088406703,-0.9016506202147271,0.6943998152846674,0.5182892279847476,0.1750356648751796,1
0.6192108824720247,-1.0204893559952872,-2.1094528471717453,-1.3926855560209674,0.535136100653492,0.8774658025546002,0.5922997816089357,0
0.6928850858560507,1.4180907670082576,-0.02283168861638268,0.02195384712020893,-0.5270809143566677,-0.7333087458297701,1.362143707130587,1
2.3360686551886825,-0.4580164833293943,-2.4300132100473166,0.23547571638136533,0.27475978884665614,0.9280296318295193,-0.4303133307373123,0
0.82091304381419,-0.8171635142815665,-0.6595146901941119,-0.42313037493430744,1.5973843416295335,-0.5868405944077915,1.2484999607017528,1
0.6014753037118034,-0.03002090233918223,-1.2508173424119293,2.484689784177173,-1.8044079578847683,-0.924666497696481,-0.2882933510441722,0
0.2638807260674355,0.7724808604995361,0.6223035626019393,1.1278710112422567,-1.0612359965247722,-0.9423049543287838,0.0969340350263804,0
1.2013739219394937,-1.1704452620155743,-0.46450648135150197,0.006949084536558971,0.6573487954314272,-0.3883736378652676,0.626018859992014,1
-0.02341257941075995,0.6858690331454771,-0.17660339780376705,-0.9076260635016483,-0.49466333558317355,-0.3444524404766119,-0.6684077966506967,0
1.0225765137089007,-0.07107625887613103,1.4517461837717605,-1.7561400664508173,1.4854521136754646,-1.4227312128719045,1.496444126126525,1
-0.6381112062881419,0.22242268590059952,0.2738517359282706,0.36113994823563295,-0.18003194225534494,-0.26035857616289887,-0.42424026836360956,0
0.12937857433487904,0.6208566317105944,-0.9758748438355056,-1.734783465551381,0.5191758299069544,1.678186318785654,-0.39435987683042134,0
1.6305238788072214,0.6737980184543633,0.057352372137217056,0.29112671414042185,0.2058611432136625,-0.6426877930147422,1.0457659426360586,1
0.9514346754297031,-1.994207747148723,1.0141654617787692,1.1759108755144267,-0.22548171790720833,1.6421289240971197,0.3481905123238388,1
0.8577100912057988,0.42738629375606035,-0.4777470646810086,-0.3189034639446447,-0.5563450232820989,-1.713151905002205,1.2593162794674333,0
-2.221495091468028,-0.9486577002686396,0.5475447983584453,0.15684544907916703,1.3847686953911789,1.187450065570965,2.6096514015072074,0
-1.4683858641646128,0.6883987454534966,2.0697227151307196,1.1196991234032625,-1.3368124823293641,-2.17973107765162,2.4847241105405278,0
-0.38402898289022785,-0.6405545379838566,-0.9434806434684894,-0.6640184019942101,1.064770480055639,1.08129539654053,0.828562405890312,0
1.3197438402347235,0.03146074192403184,-1.3607593078828633,0.4687091387242541,-1.2910239282232163,0.22858080836985586,-0.9956888998660371,0
1.6297273575732731,-0.3677944438308785,-2.0050442875248127,-1.4714892998723894,1.4561898463755873,0.05107521377643533,0.39433802785097405,0
-1.5135686115477311,0.9466663926898289,1.64646594228418,0.7223354499221849,1.9289153536663344,-0.5481986620917249,1.182142333154905,0
1.2606778727702495,0.18041565927848785,0.8711610889484096,-2.1142045683953796,1.1680788783114908,-0.6567519325677191,2.248956151900379,1
0.29245652856744175,0.8975275888413583,0.3087528438334667,-0.1756792796899389,0.005274520396738635,-0.7115179404659401,-0.5253946954389028,0
0.9904226990061012,-0.6554137624574475,0.01262517096003089,1.3643435604931986,0.17572879818526313,0.9336322905686091,-0.1552882457429175,1
-2.2658749090753405,-0.8980851227380352,1.0448976988866612,-0.06575270075104347,0.5628030281705138,1.639654873944606,0.3737651182714032,0
-0.5396956268622881,0.7439615018976243,-0.23156339446946814,0.09992917810654332,-0.6043739056871792,0.6983877548938798,0.5178845352019023,0
-1.3259640653316926,-1.45139071322768,-0.9803757466026018,-0.9305810652426876,2.064069512086252,1.7896164249492756,1.7560377161785155,0
0.6095920109940188,1.038243380313252,-0.6453528285242421,0.27861223742155655,-0.02328722939526189,-1.0323840259410735,-0.30378882067992224,1
0.1428429651630404,-1.0402955239033227,2.0201081317861327,-0.13477566085112833,0.2939074070825136,0.24773868435883625,-0.6461955738902341,1
-0.6514005049752337,-0.8047845617733878,-1.0144547704228644,0.4156378195179425,-0.23585775223454092,0.9419343496553702,-1.5263590949311052,1
0.5582276576554447,0.5359058513810178,-1.7190659448559924,-1.3994673016830512,0.8409438438270492,0.23907512131088235,-0.0445117584859695,0
1.6111233574259465,0.358461450809126,-0.2284954749274275,0.7079582813082809,0.5344020025736688,-0.8102845445561023,0.9101522513550676,1
0.48397369297151727,1.2132423022377041,-0.01827874554122246,-2.00314197537574,-1.9679924318126105,1.3213894758831541,-0.2768032139846761,1
2.9290457411759876,0.7095275895772353,-1.1946817474243117,0.7018311241694138,-0.9492918148487374,0.666537911599782,-0.22903602520366148,1
0.050428147894393205,-0.09556113678439362,-1.3162557135973836,-0.09634376515725354,-1.4414026667733384,1.0548672853045145,-0.552140499066162,0
-1.309770300389108,0.306819107225325,-0.09071390773740655,-1.20230148560794,-0.8730486031686511,1.880314000031275,0.13086161669175406,0
-1.7245463787836868,2.064628602521712,-0.8900208862550177,-2.5451550866666137,0.08405471266634715,1.5825239612429798,-0.04034748864021162,0
1.5198711936637257,-0.3686382721765345,-1.479858284971722,1.4252575732457549,-2.651294863487695,2.195227514911916,-3.327039979302972,0
-0.7618648459297644,-0.25298354609911106,2.080001459202481,-0.41891272129793583,-0.688974415663357,0.7232561269850754,1.653500070938557,1
-0.9799887576706711,-0.39035173658128397,-0.001180000802003116,-0.4936918571001276,1.489913919643246,-0.06631809756918224,1.9914781123297542,0
0.19850016639658657,-0.8084388611060761,0.7367454016444521,0.02394242997583669,-0.6005022151441292,0.8789063965520916,-0.7026779713952256,1
0.4208113367809936,-2.8558176956046806,-2.093291285397908,2.315016393161638,-1.4411317467080986,0.31460358340398686,-0.6010983685544115,1
-2.123945335654021,0.685418335386893,1.0610745579674423,-1.0917376928116953,-0.6039143057754602,0.46901540361963423,0.03749816185239486,0
-1.1346312568135826,-1.7251038930264149,0.2681924746368393,-1.1730476176496394,-0.4287062478045633,1.3673855796593184,-2.1476781881936913,0
1.8356202071444456,-1.5147653185486532,-1.3573844706990779,-1.7975552797212209,1.5628455032035233,0.6381574392470188,0.18129895197964807,1
0.7134414292475292,-0.7068839715002534,-1.768653726877878,-0.6548414090842987,0.47023174994727485,1.0283478353589086,-0.17097910167546126,0
1.6244669874729625,-0.8728948473203888,-0.31905516990834387,-1.6785506919403836,3.032212696800888,-0.6687471663589307,1.0692540458354005,1
0.75325953626988,-0.1114525290976695,-1.313682887065044,1.392409283958943,-0.3732159776116525,-0.5821630999728101,-0.40768710857314433,1
-0.6292761794229893,-0.6738373354117941,0.0823027181230489,-0.26017853223262555,-1.1003696611035818,-0.13455897706444864,-1.5364832718198704,0
0.794214057440968,0.15079569201201318,-0.6752888443342504,-0.7283332110712878,-0.7211368103677893,0.5664564850060647,-0.47007750925881076,0
-0.38036056758628173,0.15366804803624173,-0.16746582190959497,0.1793843397240368,1.1440971451036008,0.6349835237756621,0.17064338312269356,0
0.19848866987038338,-0.12250492461860099,-0.774968555011551,0.48366593443019956,-0.029424271477590292,-1.0528820781309118,-0.9193605260498643,1
0.5171133338824503,0.6168913224134568,-1.8301832454261657,-0.12451640065286564,0.2879909088480072,1.8769612894906513,0.23287145210646307,0
0.4230996974247657,0.7681781925787636,-1.0131585888137569,0.4069541683398604,-1.1946063083505722,0.00654342964725961,0.1531793844474748,0
-0.9594622012318773,0.5705972639768044,0.34013306769311236,-0.5584347611532126,0.5139518798622047,0.15664446412779562,-1.2133347087316009,1
0.28190199379099745,0.04168739917692594,-0.7706786084791513,0.28652215401257863,-0.8796111010778329,-0.4143970394611776,0.2560997188770831,1
-1.733095592932185,0.21458024792698943,1.2843508100541778,-1.1614210833537024,-0.3949084242732003,-2.2992736548146295,-0.16928021172661717,1
0.8177783389567633,0.43244951172481527,-1.554616258516958,-0.031447395460570085,0.19208389088967998,0.43569568707248385,-0.7477402857961024,0
-0.2194646594576106,-0.13527783881713784,-0.23438383884979075,-0.8331109935428997,0.2829389017035281,0.3809085364236768,0.21623903817372706,0
1.0923041341029904,0.10975182543116728,0.146400427187833,1.418319277418399,-2.0327374466888344,-0.7701925694840952,-0.7161319333541166,0
0.3559380748399028,-1.0477165019698007,-1.799214932604401,0.30968747337928826,-2.5872601362287524,1.6875168709354362,-0.10684676417753797,0
-1.289063979468941,-1.309165394663811,-0.575241572291962,-0.7041845942303996,1.528124346910221,2.612263414883097,-0.9015607516012683,0
-0.4561773930280136,0.4088669871943079,0.6083015945429321,0.2832760691135145,-1.1208846658962728,-1.0064665360029872,0.4449050730229626,0
1.0260677022576554,0.2958899360355311,-0.9373295178948349,1.7509815517652207,-0.28395852541277833,-0.6545136852960629,0.9201471999605354,1
0.8719270332455619,-0.838899387878459,-0.007739802504705657,1.3667272450608903,0.18261084773293831,1.1704742702712085,-0.12561792411666625,1
3.6089073511227343,-1.0959780772361094,-1.8998705951871273,-0.40190477854513823,0.25208182648715577,1.8647245279794424,0.78728698018268,1
0.31558390919106527,-0.6376164398788555,-0.575267875500517,0.7387743468891532,-1.0146572497923696,0.1938693067197737,-0.8410521183389499,0
-0.5661925298178829,0.8702605855010491,0.7255859680661468,1.1260626469818396,-0.07973169284928185,-2.34659571284455,1.0985282422733738,1
-0.930856503168683,-0.5183357968645216,-0.5212031413996062,-0.6547124001056133,1.3751286809064773,0.9004366795936067,0.5492130244906627,0
1.4254962351256586,-0.7782063719663671,0.6905731306337947,0.0657900364547366,0.48151483335072937,-1.0501443082384723,1.2038332785119599,1
0.30741133590340175,0.9211338350952692,-0.5235622718118859,-0.6138058093501256,1.3476520349601557,-0.33437760376132825,-0.2444835305284852,0
-1.0187393252683277,-0.10758319568297546,-0.22627972360735177,-0.6750801196058915,0.3317489758410102,0.9814764958561393,0.2528165462227312,0
-0.1502579935197321,1.4751397296987252,-0.34176131231464535,0.33470914740288527,-0.5106479068034867,0.13784560095215312,1.081369830680594,0
-1.1624078578021733,0.1662933018435283,0.19946160242408537,0.06837655896811667,0.6860377194723389,0.224986369537159,1.508807073620397,0
-0.9640741833370374,0.45239968841477063,-1.5930058591401222,-1.8653650913180313,-0.2855850355248233,2.53603211623056,-0.6197563954416212,0
-0.5861161783875998,-0.6927299353552797,0.9701852530774552,-0.21721413933246073,0.3144314173629132,-0.21509612716566015,-1.411817089542287,0
0.31587122626762304,-0.4427776444683842,-0.5302727064262479,0.008777106921125556,1.4311316544472987,0.8765368236469986,0.4236697035337406,0
-0.40793033344772806,1.312889806054724,-1.3810533255797832,0.7089051560549549,-0.1443336606856143,0.5029207420851165,0.355951745236508,0
0.8127435748026892,0.25936922639233206,-0.19594927814498098,-0.35104408428085704,-0.46990462678120704,-0.4116190164601416,0.3257376427459604,1
0.21723709901174654,1.0376296608020739,-0.6739426092074242,-0.16753585882164693,0.30235226987567887,0.612238861632171,-1.6815620086240703,0
1.6994527081122783,-1.9957579589632592,-1.5992068759709408,-2.2586947984194508,1.7421323478194912,0.816732933834929,-0.13586348952928884,1
-0.0437280654349477,-0.07794853580919138,1.4423946387477067,-0.4755332694566428,2.369899736566879,-2.0547472558614936,2.6055466752482443,0
0.18655752307341886,-0.6257706622958179,0.09658697679252963,0.4999028664965463,-1.54109453099207,-0.9043047192958619,-1.1917392696476679,0
-1.0442277384500533,1.2165053049054484,-0.1686428203082963,-0.4621668226223683,0.632071126450607,-0.2521688971834031,-1.0295876091843847,1
-1.5408151551623064,1.4499566669588106,-0.36603294352060284,-1.3012796738863668,0.093870297155307,0.09713774745082016,-0.7189708648239733,0
1.2880480271473493,-1.8999855276069926,0.3211422345647871,0.9633039289758725,-0.4530743931525303,1.9431725097383157,0.05418496539016224,1
-0.8054198163705795,1.795970226005115,0.07250726015886254,-1.411799244277382,0.8384927239247068,-0.6807066812507041,-3.2247626615728637,1
0.34252329655859814,1.2987148443400032,-1.5368603703795825,1.6885220789112338,-0.19426893587970473,-0.43934378029002524,0.17391536756481668,0
-1.7021543377398936,-0.4954968443967545,0.005665093588987765,0.44504880209187647,-0.431415767985119,2.1796420276297783,-0.7551460385421334,0
0.6360698637717751,-1.366506370582979,0.5559903432899032,-2.066703990118948,0.9523712943649166,-0.7457194860132479,0.6262370374777316,1
0.5450515692308586,-2.083636056158661,-0.020244801563104303,-0.5853925590706044,-3.0916367201786135,-0.4588058120962034,-2.3550574843820216,0
0.1899516488173737,-0.7064414961068649,0.9150350906476622,-0.41707995524972374,-0.5162047883455576,1.168292016215164,0.27198366354828507,1
1.7429517853950194,-0.5923652655813635,-2.540074944411991,-1.5564325895503512,1.6180476549577407,0.2680879979517616,-0.028570897701615187,0
0.007696131246590696,-1.0592917507499644,-0.9205430835140115,0.305780056485641,0.19822655329877578,1.9188421631717654,-0.595527011915485,0
-1.7955222690907242,0.12748760702809311,0.29633111071028645,0.18951603128980204,0.983280828856879,0.5954261324968307,2.012232374946659,0
-0.6303306056959125,-0.9569310087862186,-0.8195723634759456,-0.38186596897435965,1.5520751338669752,0.2783517756960994,2.4207102070214117,0
-0.2686342806722129,0.9008661881894737,-0.5543049208962485,1.629154326610811,0.42653681988090647,-1.696979788673866,0.9981160203311304,1
-0.5311381859903338,0.915207672156431,-1.9425320768191763,-0.35046952868979275,-0.6168256597584032,0.23914545436303358,-1.1527211727664266,0
-1.6299651553236176,0.2873412107537517,1.726354028453876,-1.4801521184134487,0.25316648677058234,-0.3064446061091409,-1.0108773883367246,1
-2.9212565125898555,2.3780772406871633,0.31164873267516763,-0.9084110956482199,0.6772771863379958,-1.3436197008126356,-1.2442605740654153,1
0.23691429520675697,-0.7436178450869588,-0.749532560610516,1.55162079918976,-1.5478274104011427,-0.06187107005103399,-0.585070545644943,0
1.7932951295105604,-0.9809147083092362,-0.3085137347557549,0.5588647668711991,0.6036921482967185,-0.3004546304228392,1.8891494609792028,1
0.18908354856228507,0.32208553609287865,-0.9324354758331191,0.3003659883036872,-0.18267357086901204,-0.8692223369400479,-1.0798245037371936,1
1.5619935497932773,1.2551032726040598,0.2510774028800465,0.9125321933714325,-1.2996587270270765,-0.7716107559533637,0.030264124913564876,1
-0.3795057533198707,-0.24584947849945776,1.2989518440804242,-0.510905751540571,0.06560879102789793,0.5232749430220779,-1.2211588772933752,1
1.014651650171385,-0.11778410933985797,0.4966614286525932,0.36845293006159213,-0.8044600468530521,-0.8598434351844216,0.7818110013583948,1
0.02979497092651258,0.5232499310488616,0.04025886558078752,0.7763954096384852,-0.8830073561794544,-0.48043759474331355,0.20469783436509603,0
-0.4638866224211228,-1.0316499329403146,0.23705036530781157,-2.0157382425199293,-1.2033544584926916,1.3246425394427017,-1.4137760050524497,0
0.5313607375132164,0.7625816985287954,0.4188185394161228,0.5844699428815547,-0.4180026598532019,-1.4167736861200837,0.2864230807564415,1
-1.7833712157881143,0.6840123253001187,1.6464446856364268,0.5148939033863635,-0.2944238642874936,-0.780186206514903,1.5149388737527885,0
1.1495908474360623,0.03457232019555931,0.2406148634450747,1.1061284845125834,-0.8503750743899608,-0.8011459158781273,0.8329226792023896,1
-1.2116582345811104,-0.26711832012975045,1.5381436235499808,-2.320809501144003,-0.21602602370028948,0.3975114063560893,-1.411006597113474,1
-0.6184642643842798,1.7804785256863742,-0.6353367719275186,2.2736030585416804,-1.9149912129854034,-1.5219001453422103,-0.4665340327954354,1
-1.6465687797538917,-1.4569889993636223,-0.8018810900669389,-0.5008104720119626,1.7493053599127306,2.3762519673388587,1.3121329127758288,0
-0.0553296837876958,1.7405341450625713,0.12543079156962184,2.3854214463194605,-0.19277747592629954,-2.2496188800653987,1.0282155407012181,1
-1.2455638959725468,1.7584838936073808,-1.9923199734951527,-1.170654388026779,-0.496773900740509,0.761407138875286,-0.717032798456999,0
1.062323140399462,1.431192765013937,-0.6996497471763947,-0.01034966560825586,-0.3480584103842672,0.5791647775978966,-0.060743155379806485,1
-0.308207196872626,0.1918522405671241,0.28609884990893214,-0.39752325185527987,-0.6214601109758908,-1.3307188195538409,-0.10376088194439288,1
1.9962717296309678,-2.341728930054232,1.3991757931411526,1.8321697869492453,-0.3330054699598828,1.4751099065504656,1.1917280907803787,1
-0.4921113325925227,-0.08730909352115093,-0.18592676460841384,0.679404378123295,-1.0299814323622944,0.161074125091432,1.235162095820161,0
1.4800395124171306,-0.837658728631625,-0.010226900862300981,-1.696444300784727,1.2863000569346885,-0.12872248169096653,0.8923931034414668,1
0.19023429146496423,-0.47760623281584036,0.17533160047190732,1.4913127445684653,-0.07665117801752476,0.8251170295678328,0.992906234497275,1
-0.7429898886850992,-0.5780000355386148,-0.4455426133517713,-0.052021747979991345,-0.14686270513486024,1.3351388180967572,0.035553741293795384,0
-1.3150568080247613,1.114957694790319,0.005599827757949292,0.15565777781267198,-1.2480733793265864,-0.04167204202049908,0.40326029363280397,0
0.6724033040972255,-0.5424904208021865,-0.08646585688018044,0.08289965581775938,0.2711186419535987,1.2459613579724633,-0.6354426870689686,1
-0.7665626131010255,1.704049259655095,-1.4660860696160904,-1.1956508050347605,-0.5700052430584275,1.6343503789319525,0.6460470951861237,0
-0.6744635192550313,0.8539152646790736,-0.2993161739677025,0.5892890076879408,0.984650402088844,-0.4587347765083508,-1.4142017648063392,1
-2.015412868518939,1.7075587865399586,0.34908516638054854,-1.9297807381693801,0.9977429193501094,-1.0435477305813459,-2.7007384233672362,1
-0.49256973993083764,0.32771365140620257,0.09856954012148997,0.35087816297722957,1.12419050712282,0.44414879880313757,0.2819005207740377,0
-0.5796765948121108,-0.9210085405262765,0.11630767798442856,0.04421888383922725,0.21038573442293268,-0.5116249394029584,2.3116303690371565,0
-0.7967407625427615,-0.4029609084463156,-0.04187974820916171,-0.35484694458459287,0.3538014179328428,-0.31147993606338814,2.520740898744428,0
-1.037820502006564,-0.6673571319224069,0.80205002480306,0.20561447845320985,-1.0752170373749468,-1.777338518178143,0.2672268507574794,1
0.13409577913106238,-0.20663357895099796,-1.3181774709425462,-0.43274222482152863,-0.9145184723590223,0.8863724952319749,-1.1364698562758229,0
-0.6638141356571227,0.12047561545082952,-1.6665779084108205,-0.6734253777808397,0.10233820629974612,1.8960805676240962,-0.948401964253564,0
0.5098553054163317,1.8463715313190205,-1.1281812073165727,0.39689830412343935,-1.2134291435675861,-0.7321459020156489,0.7447036162980406,0
0.5437875168541564,1.6428492844755456,-0.24709406248196525,-0.12042943152901832,-0.44498397947499596,-0.7150104140030898,1.12784579036739,1
0.6512770725183242,-0.6538992375061905,-1.4812911404487854,0.40176014386196823,0.34113258173899325,-0.22668278443650874,-0.39159491469250873,1
0.17180373080369354,0.3805286036745848,-1.310225651396116,-0.009905061884549404,-1.2626137838235654,0.8474273262095785,-0.05375540084095328,0
0.5775199481480552,-0.19202617315340387,0.6496575911123024,0.5645837665326293,0.31547671902526,0.4874906474851906,1.0828883203653354,1
-0.5813583386425527,-1.1858196237879841,1.9447772507354952,0.30841531344369466,0.435922161235343,0.21360293445390346,0.04484797875146375,1
0.5835472185783793,-1.471208163784312,-0.08249444223943796,0.04169716407589241,0.6800446947542311,-1.1360984348125134,-0.07222320868559572,1
0.600095181170065,-1.2844227304956992,-1.1631581594107354,0.7965304515817203,-1.2786581256954213,0.2249428667341871,-1.5733396788724716,0
0.010368120375017702,-0.5499196487083485,-0.8437602811135995,0.5578106543953956,-1.0807055179426175,1.4131033678095581,-1.4522235652061886,0
-1.26853936862022,0.9335006501235972,-1.8825755569010973,0.33116015648890007,-0.0650401244804926,1.2708217098478132,-0.29686541957362444,0
1.2343611332307607,1.7053003279866652,0.3267778851426426,0.18946617863475274,-0.9784630630723414,-0.8861501544391116,0.3664209459612095,1
0.6918643507701049,-0.6886099147139921,-0.8703082671840718,1.2596442444614473,0.480977186899727,-0.9992677764288107,0.17261497904913087,1
0.891951948577587,-0.5556959689073371,-1.0694328032506466,0.0720518898372968,1.5279450497580147,-0.49470644583823276,1.358250930728131,1
1.215450599258122,0.28194844128712426,0.05565107485922892,-0.5175444988348921,-0.6609457317381785,0.8726983056681398,-1.6151271059539771,1
-0.7557324708179061,-0.8351596141622533,0.7653179038965873,0.342862367756623,0.44245366848612105,0.57578108560625,-0.019931351496638442,0
1.5096682817364224,0.12576308956352616,-0.4878143384354276,0.597006453832531,-0.5218786595592999,-0.24494774021629467,0.7127441749785786,1
0.9552425539301566,-1.2986670272050247,0.2823903833903402,-0.9812997981029383,1.6965993932710977,-1.0965738680073682,0.7596389368045927,1
0.5556522013334484,-0.5556931833688242,-1.9675933497863105,0.3507536040339711,0.06753078505999653,1.9067897871429977,0.11037839435834573,0
-0.7179565937188037,0.8743696294596386,0.51207794816789,1.0233094018561282,0.5685761307425525,-0.2619467255954312,1.2149361497521798,0
0.1533306026576333,2.5984727924726307,-0.3259716434899316,2.139217618179584,0.3867921791803663,-2.2891751079195037,0.029909525943661544,1
-0.5922621120587255,-1.4592171541801828,2.2147397333666197,-0.05301730229422053,-0.8429465158235181,1.1753776088634271,0.9556299843651495,1
1.2033402827267223,-0.22932939495186488,-1.059925252172571,-0.5833496008301353,-0.9719684807201815,0.6292479849695487,0.16499606960049992,1
0.6832386560293402,-1.4265890675763024,0.2794019823373783,1.0804232561121718,-0.8374580107552859,-1.0473610420913404,-1.6378799019088572,0
0.0767870220431557,-0.00533264952289112,-1.4014091305505207,-1.0850699076821015,1.2840213893401282,1.4073654434759917,-1.2556590865731785,0
-1.0936997882218111,1.59271874649303,0.09020112252516138,-0.7387418760063804,0.8960096637369929,-0.9556526632298359,-2.131865497213716,1
-0.3405985897409832,-1.2195149993701269,-0.4827938840692678,0.10785638954216997,-0.7285955480115297,1.5678294556622625,-0.8765056009375589,0
0.1001944381401257,-0.8608388568037105,-0.03850417080818014,0.9895916801271878,0.4894611913819154,-1.7390793019205832,-0.6858402405193291,1
-1.2643930801560788,0.8814270413622609,0.12315111628753773,-0.3816859299769917,0.1401701060136549,0.34443240645252005,-0.011274999983516658,1
0.041290281527536644,1.0332687582045952,0.7434318680569056,-0.6402900875785027,1.2669377009737026,-1.5701075695888675,0.5727253015851553,0
-0.07377476849294808,-0.5607042347763779,0.9834154331874101,1.398373337036672,0.7032893474493397,0.2607845472221793,0.3867822607226566,1
0.34477895760840094,-0.11972000490615879,0.11085692923223159,-0.6422485977731948,-0.725787159897676,-0.4571327225233579,-1.1284091781129328,0
1.1546982589626702,0.7688398975334827,-0.7071668773937686,0.2185509309930252,0.8406134654924282,-0.7242861523650781,0.4317621237397475,0
0.16029798628403422,-1.2078337446458443,1.1450704251234527,0.49326753013585034,-0.7174360209407094,1.173237538955644,-0.021933098666707892,1
1.1683395407933614,-3.487034635949783,2.112239836895658,0.29180917026217684,0.5453540073347803,1.4983750212242142,-0.8359948947262458,1
0.11066491256437418,1.8397955698698396,0.14002702937992215,-1.15410401211338,-0.24564588027112155,-0.8470000092903327,0.8489014105896162,1
-1.2843826401584635,0.5057619112698919,1.886302451446804,-0.4273859336930728,0.7622695843297898,-1.2591854662198974,-2.1595037858055703,1
-0.8348858114419359,1.832486424212368,-0.47208482809763186,0.9608323091709647,-0.569792645559449,-0.31194782857452114,1.0745863180154043,0
1.0247605398658133,0.3314857694643557,-0.9601962003786526,0.017399241562063555,-0.968283288452763,-0.6120736753459002,-0.7973739781940853,0
-0.9451125481226146,0.2279614828996538,-0.6408513168937319,0.6535436636035585,-0.53058375557895,0.5062033777567932,-0.3541663919633335,0
-0.5813170175677213,-0.3670125891900873,-0.0914955456747867,0.19125067277400437,1.0958244019723893,0.4335874611823362,1.1103700403483014,0
-0.8453253590253811,0.5261690449065176,0.8348155015290929,-0.8201957406753801,0.7498932567690327,-0.5543710970217303,-1.9317767824484056,1
-0.3657523979817969,2.1356493306030493,2.0345881668291015,-1.745296654292652,-1.6833296865832064,-1.625024077490901,1.3310900184984793,1
1.7907581693459789,0.04302431404645303,-2.156923124321301,-1.088396226491856,1.1354029487713355,0.7458737096486471,-0.14250373496352303,1
0.24577536979472017,-0.2095875217185779,1.444870364958439,1.3424160900346052,0.1630626310213533,0.30019322070811627,1.060357929649631,1
0.006014831779313536,0.44631665551115013,0.5938605288189145,0.47275101097242533,-1.7329109669429141,-0.387379592522811,-1.2573942586954927,0
0.31457882185007713,-0.6824825192528317,-2.340174051345195,-0.5742646568032574,0.5200679933605609,2.549041600333673,-0.83605261998562,0
0.6509556057931454,-0.6531268465779526,0.5841494113153964,-0.7269004079926102,-0.25197771100664557,-0.19008811050081365,-1.1741673525764103,0
1.1492481635446385,-0.7326757371594584,-1.037892130488463,0.021414996577969556,-0.7800491311807891,0.2289351952229797,-0.5382531997250847,1
1.266668414574666,-2.869329294529051,2.090968985420076,0.4547882662237454,0.17145974170934425,1.4450947595117174,0.8010327775303708,1
0.7363643093476621,-0.6724400266205086,-1.2516594242087582,-0.5122009912242864,0.683799644714654,0.31814982412676956,1.9112089769434717,0
-0.6410250516871903,-0.22886494246511194,1.432254575938762,-0.3115015690709946,0.1658309576542636,0.18212275456373767,1.0199245843585558,1
0.4623044093984844,0.6906276957813916,0.676976503347993,-0.18578946298870305,0.45662264855121204,-1.5083365734118686,1.1128579995487489,1
-0.2645984480455552,0.013116148134280798,0.6429388853305634,-0.060931687450605954,-0.9902354839442739,-0.6803530545444098,-0.5463603912342935,0
0.6223017577697273,-1.28110573920861,-1.2424631748980766,-0.2338432795900778,1.61533842419007,1.26517749641538,0.0919604355143649,0
0.03420666220951514,0.7380929386001486,0.38263973524232425,-0.01046504225547915,0.38947630912257913,-0.10607691708908926,-0.9519902343312764,1
-0.6600260801400115,-0.30827777688036706,0.031522040804136314,-0.4672364884228502,-0.655770629177882,0.5823086072578986,-0.7447450867178557,0
-0.28085753959502086,0.1802472156852959,0.16404032529949295,-0.02013509039590005,0.2663361659987681,-0.020554043949001934,-0.5433220917287657,0
-1.068616037932927,-0.35482772271504,-1.0802159782982426,-0.24438351277310943,1.650788947402646,1.908762960813217,0.6049637125366779,0
0.49352512620381905,0.28778255844425876,-0.19492554849050245,-0.5831037812722472,-0.2835608695565961,1.3771600714268422,0.6027248589786778,0
1.406110096803578,-0.6787142669801377,-1.3875880206811313,-0.8987385195968989,0.6434294669023101,-0.11485904597247273,0.3122248221541645,0
-1.3708840222918521,0.5890625363365372,1.2470081088624503,-0.2118357334379409,0.1572563184483636,-0.981883950314099,1.5324582091180714,0
-1.3100370524846063,-0.07948389953578806,0.754697093456298,1.2263779860960258,0.6164030841119879,-0.43795662541479846,0.26573593935462864,1
-0.7782410885276402,0.35479256314730184,1.0335745325612626,-1.2273514933292369,-0.17708954321500994,0.2531258716109335,-0.7269003574893014,1
-0.9965991702573991,-0.11034516483096123,0.9324329861567505,0.7358300704626402,0.911197417481254,-0.46100555646399805,-0.8010588006994078,1
1.1661286236157404,1.7387900058176347,-0.4921337731192663,-0.5834611489074812,-0.16181751162194072,-0.2723971906001534,1.0644031194320471,1
-0.9612338432290652,0.5582670512117688,0.8377015254441926,0.4624371430524301,-0.9725748201106112,-0.07528538008338195,-1.272304114085858,0
-0.4246778861149588,-1.3988665022440505,1.7892596349803422,1.0819021445673485,1.2988293629401064,-0.6186060539357117,-1.0037542480398105,1
-0.19922588325651103,-0.12063742242124252,0.014607739955232825,-2.4915156182383047,-0.07241274367072757,-0.5371729681094973,-0.41567662690008134,1
-0.6644139549150133,0.28829368758981316,1.5807019888571971,-0.17334505651056864,0.40522444737038193,-1.7062175805061286,1.104523161599559,0
-0.03405603903674796,-0.31988061691591485,-0.7528316746568595,-0.2025672439796302,0.36137619329934684,0.9419654457952128,-0.3542249548099216,0
0.41622158484388766,-1.1503667657256482,0.4172244041594597,0.2974472354387934,-0.4825087110530638,-0.4071046916762326,-1.4270755347949666,0
0.42335514567327087,0.3219251650040343,0.18600753880681203,0.8572286825155212,1.7220792623250265,-2.227353935117088,0.8053917150638583,1
1.0348893235581438,-0.8188270283902599,0.0019325532703486229,-1.8909824315187571,0.8177531087013802,-0.05517840663404746,1.2566135391097273,1
-0.025392779682500227,-1.813047650503543,1.7900138673676227,0.6698399734248078,0.7796817660188711,0.5920124720498308,-0.19733768261894874,1
2.2130503076097954,-1.0197741557131808,1.0251629155390827,0.5222107216217886,-1.1149372964436006,-1.1768185242773366,-0.27200194270922223,0
-0.318059422194212,0.1342044645244962,-0.27800038816611833,2.0594844269864048,-0.4908255604530798,-0.9069323639165787,-0.39882194424493117,0
-0.1883097689719053,-2.1041157917563784,1.5843367195438054,0.4593329846355936,1.3669191465188326,0.4761953387576954,-0.5115343060164048,1
-0.29704053591064056,-1.2811612358027384,-0.2222914585943584,-0.21020464507634054,1.3595530118105932,1.1259219867157109,1.2418772785280998,0
0.559820440606897,1.6816804668747103,-1.0462168134566667,-0.43810187842069953,-0.7853617053719062,0.8013375435384626,1.346697444677113,0
-1.9669784015152794,0.6359218948687875,1.4919810521146928,0.5536591348137102,-0.881838626301994,-0.4777116271305943,0.927772636616826,0
-0.8342224143106998,0.6180252819853298,0.31408678971183657,0.1564374134716948,1.3803227856940825,0.04834297188511406,1.105713455509303,0
0.18908559284170942,0.4309951914959958,0.02443387855715563,-0.5762911291021025,-1.1987146334853385,0.21917286953878126,0.17981554425851495,0
-0.2859768659027026,-0.033585547419533214,1.0480730184321736,-0.32884071376385143,0.6790845851179007,-1.1830427670811823,1.472620797961017,0
0.4583681919234531,0.021529604643681973,-0.44048456244246303,0.8753331199841579,0.2737113255909939,0.6018247860564062,-0.06302742967601677,1
0.05664209680452175,-0.6261241821630732,-0.37689598990959455,-0.3535360570825179,-0.22872435703913627,0.4733009466122079,-0.0750742062463004,0
-0.9730779355746718,-0.505272658401158,0.27231176633537907,-1.1341857183963377,-1.667681054304163,-0.2876562137560354,-1.7764483581838124,0
0.2514300289183139,1.6815014231242007,-1.0171889169136072,-0.8844759564997997,-0.7444393359417663,-0.03091825655993699,0.4218152574753226,1
-0.7063763951326624,1.587807661637419,-1.2102582913891402,-1.0730977245101436,-0.5656987369635276,0.44732874690642,-0.21745187502312258,0
0.6140555094870761,1.4069202536645855,-2.121800929456566,1.3084205432719664,0.17480283314422668,0.5932599999548068,-0.9016615649634937,1
-0.7397896055368368,-1.55119011974679,0.47253015900763856,0.5689797879086691,-0.4029123433115214,0.17230039381654058,-1.691220708387661,0
-1.303420288626689,-0.7339754840409918,0.16930662140445527,0.13969817332250817,-0.24783532855983656,1.2389726384361448,0.5019118442073558,0
-1.3721023433806911,-1.4271714711656032,2.151313946288274,0.7099398819414423,1.7581565252186433,-0.3320276677159445,-0.28286768101658566,1
-0.08384339658711752,-0.7708870182874634,0.9249503128695736,-0.2831129372369824,-0.8889062410622429,0.07147657902362291,-0.5805726876121078,0
0.23355688033506972,0.8018139172991863,-0.08908275956047823,0.7056656756527362,-0.6787395168216755,-0.16234723529220038,-0.5118655833728838,0
-0.08792193246169387,1.810523172370533,-0.2024705494048991,-1.385211899693571,-0.7256999133974756,0.8020255468327119,-0.10023613292620398,1
-0.336992451073007,0.33579731851363487,0.5721864660467377,-0.1446992590962468,0.5368188625239063,-0.005372327458956347,-1.0131112381762022,1
0.5364090769358664,1.0301129185316005,-1.3358528325149541,1.4083039517133695,-1.1466619217472136,-0.653803535857413,-0.9703959545423911,1
0.2825760660815059,0.24577607943866253,0.7750681467982563,1.330814394405341,1.6452215035663422,-2.6132665129285004,1.2436488233610419,1
0.6822533404994382,-1.8494552751508144,1.615976459843652,0.31835954263460836,-1.8231334630891587,-0.30269160384844007,-0.6717204839444769,0
0.13102167319062996,-0.7139958166094036,-1.0926999298447138,0.7539331858916037,0.05977179558481073,1.3885074286079813,0.2536736709760129,0
0.403781506982289,-0.09990320124885409,1.569974810184518,-0.9327347312991685,-0.8921566453409435,0.9208880742377721,1.4117466154728664,1
2.0819025588961244,-0.5792924573467804,-0.12064201553461232,0.6237125268439329,3.3906352037855925,-1.4636284709584988,1.7769229410311949,1
-1.1727996950890667,-0.1719453140574402,-0.6776933814310355,0.4991230740457564,-0.6229020685652455,1.7844825068851495,-0.2477522167635716,0
-2.8064945360013893,1.2381813553006453,0.49439294934877015,-0.05907485885496805,1.5998377467196827,-1.169498718388603,-0.7055033933938913,1
0.7139742243372592,-0.4043078209076673,0.349428762119192,0.08549012021870327,-0.6758156034551404,1.4884081413618029,-0.21089758916903523,1
-1.2904174449202857,-0.2765846908399867,-0.37972845547899825,-1.3442008998749708,0.2599570216160385,1.5197842515499356,-1.3121287131247374,0
-1.1573868229556101,0.785087421663711,0.9495587192046437,-0.4428267534237408,0.6150067230888066,0.030145791863514185,-0.006819915780571227,0
-0.013157249339321542,0.9306363559885729,-0.44260575861362966,-0.7362490394246207,0.21093081832569494,-0.5953380896448666,-0.24881634074468936,0
0.3545485146720301,-0.42115993739900814,0.2330322309598543,-0.026763614154314185,-0.8382695219327868,0.0999468660582624,-0.7827523409723562,0
-1.7311232862420687,1.0833965037799758,0.967455235216377,-1.4295811354241947,0.8143677002025931,-0.44443905035559705,-0.6426577714047589,1
-0.13789071863609964,-0.7251243326992545,1.2250670775121613,0.10549459239248002,-0.3610092082298277,0.7537521093016396,-0.05984904643456922,1
-0.5361400505609064,-1.098010126644611,0.827889723978821,-0.6340540164639776,-0.4274801651747424,-0.7326419967743089,2.239350004927754,0
-1.145780177189759,-0.2075281164611079,-0.4855708168653391,-1.1436632405005183,0.9521006989321195,1.5486970112522953,-1.362406313847319,0
2.0048886180441485,-0.4040711206935567,-0.7799468989004699,0.9867529637578959,0.034786629111942774,-0.035633407335258147,1.1153377914443325,1
1.1701895421356558,0.0891863663062728,-0.6623914590762504,-1.1556466193173391,1.2985648936685903,-1.3532542274112496,1.3618389424668327,0
0.3719201939410804,2.1839996928020375,-0.9271242747635883,0.5261800456066181,-0.8603961486628655,-0.814825939635558,-0.3086417967307645,1
0.3992353177781419,0.11348971839373008,0.6929474584211206,-0.8435344225609374,-0.6485551300480915,0.9217509971860492,0.17057459242137257,1
-1.1401287951792345,0.5793290055704069,0.3074318930219356,1.1607527377987892,-1.9854505632842963,0.8460877079831651,-1.7118310823379352,0
0.5131523464245195,-0.549111967423659,0.8695183265215687,0.6516966195268796,-0.06815035236844674,0.7024036169950756,0.6629251914139056,1
-0.20180931044068168,-0.39975919012353517,0.9561048492966251,-1.188284836143789,-0.44665291128876117,0.749520067843386,-0.8188387166993696,1
1.231471500663617,1.3362454331438431,-0.09324285128911411,1.8985959653655506,-1.2265318112073909,-0.8684715129780679,-0.4676997029683387,0
-1.432580360697535,2.270259781759673,0.4849093139310904,-0.9553898032181029,0.46879240830330965,-1.2153349358145615,-1.6539614654947234,1
-0.9872426657258224,0.5851615404467543,1.143678843065214,-2.6106020833926276,-0.056833663382055685,0.15565816694863577,-2.1738498629961605,1
-0.4178016324446173,-0.06864804794490632,1.5175229573278881,0.8123154926706383,0.6416669965378439,-0.27856871762145435,0.35291919318144305,1
-1.3423722232303845,1.2102521674509035,0.506327643767107,-0.9008016127510269,0.05269117051587276,0.7735750257493833,0.6590343769658797,0
0.7580243610279179,1.0155800547686593,0.5863272302387316,0.15521432650845388,-0.6246054017197741,-1.2252982853950658,0.24691383211853168,1
-0.7870673633704606,0.3527566791743512,1.8178600357455952,-2.5112550738403776,0.08089391408776689,0.08390868066659886,-0.9997700395363337,1
-0.8188330610506914,0.854131295335719,0.6457115983219918,1.2321017842982203,1.271711864092121,-0.9013349045818021,-0.4111265080704644,1
0.16235536267299444,-0.9954685169989508,1.141299763876762,0.14717019473938758,-0.4949880389751918,0.995304259084159,0.3793230526581808,1
-0.6049807742946871,-1.6199868578943026,1.1672553892042425,1.3272672600484168,0.8954145757190938,0.569381887408139,0.013021510445909684,1
-0.7509349401999081,-1.1380154344450233,-0.6587499768052361,-0.9889317984359609,0.9690259452286256,1.6621366623782567,-0.3501606313501503,0
0.1559244851692403,0.4403419126807403,-2.2145207023584117,1.3445127302126907,-1.2388282123211827,1.5403240638061204,-0.1389250333835462,0
1.099848061443134,0.007908007856853343,0.5178427262101347,0.48576535552408207,-0.7052309609834911,0.14261728158007553,0.8684138205184808,0
-1.0291627065960955,0.34036106089103074,0.724937926197316,0.34133822634669286,0.09544111493847458,-0.04817317350797487,0.10663850724844882,1
0.38768640006127103,0.15830400960514632,1.2201172971470775,0.27569607090813064,0.38775938479187794,0.2795542554329353,0.48901620025179565,1
0.35228454961822087,0.16709989289054836,-0.18074697552885713,0.010303915216476547,-0.1171977450716589,0.7570032546239952,0.21974931025298114,0
-1.446026856378787,0.7552596086405747,-1.8615178869478168,-0.3221228593214939,-1.644885261597468,0.17425133652597588,-1.4162743196180776,0
-0.7051228038272213,-0.8327909454436336,-1.1285175842634356,1.2433571041078162,-0.3563771994120841,-1.2443574020410921,-1.0705499844192656,1
-1.3124840084827678,-0.050620688340159634,-0.10970557637880932,1.2810010563170797,-0.20436860846495922,0.8125854047010186,1.2064944978654728,0
0.20413675440336873,1.5777265779634662,-1.186804008320376,1.3254980545318402,-0.7530003686586425,1.227058489640589,2.3245630166193494,0
-0.16393725717444538,0.13541272385598468,1.2869707735351577,0.2958697491935463,-0.7193395966755528,0.6163498957167225,0.5449416909006749,1
1.471712562353231,-0.6033143526534411,-0.5522863393299777,-0.7201244123122411,-1.0054089727469158,2.0421971044617733,-0.42586657642690157,1
-1.0588161743615612,-1.3278406857625016,0.8206890502633452,-0.8966953667921007,-0.17937352079588942,0.6683387143749563,-1.8103292150914936,0
-0.8034104479127233,0.36575855577187827,-1.1442645986517161,0.5417597828429646,-0.7244418886707716,1.750910120199073,0.5517648550488514,0
0.5018556922664453,1.303144351360452,-0.7930564895418797,0.5091902351089994,0.45606066079216445,0.20361241535868738,-1.331901149088937,1
-0.6497576598921009,-2.9655151401381716,1.0009029979998219,0.15980930951008485,-1.9339216689613812,0.1760926452585867,-2.5836198385430236,0
-0.16497128085989812,1.2061292132835153,-0.44314801896363104,0.8585522302401023,0.06469058296678015,0.4913011365833433,1.1240769000819042,1
0.4854354180306495,1.2367764891516775,-0.460446318944363,1.094835017978734,-0.5367281876432,0.13877384531787096,0.2918588373818341,1
-1.4312285907188063,2.1927871414193763,0.37898961401334286,-1.6490863545534749,0.6733335733752296,-0.9809033080939139,-1.5481884924591731,1
-2.685574123001941,0.08113765174396395,0.07734757182718309,-1.7711149217175768,0.459775401247417,2.0792748930489,-1.1692447671976947,0
-1.2142501208525538,-2.107023699144702,-0.16223553786058859,-1.3684572027269046,1.8033266524801628,1.213237737900237,1.7792278369426575,0
0.1726398734625298,1.9882569242678119,-0.608349824181834,-0.027713849946323577,-0.8920547822139779,-0.782250853854114,-0.0011608333758958587,1
-1.2383086245422803,1.9795828403866504,-1.1537977240536332,-1.51190721202574,-0.28230036057502184,1.3096323659544526,0.44610186285527503,0
0.07728133768477909,-0.41352130955430616,-0.5723505873247973,-0.33782253584548705,-0.13672709941330805,-0.7020529218093652,-0.17450754091235968,1
-0.41063465195451476,-0.4213934593142999,-0.1393965086961618,1.3310673950261638,-1.545606052172532,0.9202920636461043,-0.11544828477623612,0
-1.5374591746802946,1.6710621176988854,0.2884870342325001,0.5203608887897242,1.5675850919459615,-1.4440934677238755,-1.045951258112983,1
0.17572281497183556,1.0228006407824048,-0.9470207582228695,2.2089377771036736,-0.33284078739272815,0.38892533454295636,1.4581308534345405,0
1.0950574140157803,-1.1778169396095697,-1.0556685757503126,-0.331388570714767,-1.404720478375873,0.5198353122253294,-1.5921961603654933,0
-1.35790039063471,-0.387502403554255,1.7057626206428818,-0.2024452471563847,0.024359144115476468,0.3792550634399583,0.6939730942002114,1
0.30758626304005293,0.9360697271298745,0.4480580530836928,-0.1046897552871604,1.8080277248083292,-2.034918498285482,1.1574638402944795,1
2.0072022452505727,2.184811747525809,-1.4679153265975882,-0.5278573155373575,0.38072163519548,0.27832715227318916,0.44207677801009027,1
-1.0270641240087979,0.8294202761589302,1.314825182173735,0.5340833348947196,0.7440089604394491,-1.1622356450582916,1.6297231570499124,0
1.1611372483133868,-1.1014207628535368,-0.060171439756695394,0.26830332982292154,0.08923291812069664,-0.6307331910719506,0.7771728235294064,1
-1.3056433351955612,0.3183524923775903,1.3990680681014591,-1.3769005113686004,0.727013551680242,-0.40144953052914645,-1.1378825824436847,0
-1.5482298010184572,0.008644400960552577,1.5772668340166165,0.2968241613480802,0.8029697734787579,-0.8387447400414652,-1.1078103810684443,1
-0.5102699466521103,-1.096878369402784,1.3123371179795054,1.0283533865905337,1.0176620291376504,0.18097815053946847,0.9021995437300351,1
0.8460133467615036,0.7317393619075696,-1.1673914229227607,0.1513944243650106,0.5273784775950491,-0.24214747078481993,-0.13490247504648245,0
0.4681503169976734,-0.7710161721128217,-1.9559292647638613,-0.8781209125050652,0.4935661813777206,1.1740668340750595,0.08183175546853619,0
-1.6818564309522577,0.1944173937168636,0.5092891842593872,-0.3077724137262277,0.21977682473208554,0.760843859939376,0.9514410116217898,0
-3.229631714108489,2.843272740022344,0.329964844693711,-0.5956131508556433,1.052371005078791,-1.5037517960860611,-0.9954656997011355,1
-1.260182184107475,-0.6238469647781271,-0.2522529760972936,0.043059277586358816,1.017187570145691,1.2007420325049367,1.1765357765222533,0
-0.04791226053122387,3.3510916099289156,0.33880572845174955,1.6224436197349652,-1.0193633661736754,-2.03237956733397,1.2634160005858244,1
1.1480892074948166,-1.5342243718918467,-1.4689036360608003,-0.9491696849531934,1.4322550991198904,1.1017064281882067,0.7553506267864917,0
-0.15020707033651395,0.4792626506738507,-1.3289219543170292,0.6885776272734213,-0.5182200621411742,0.9152345587418921,0.04017579071024792,0
-0.18754653267987964,1.1825000458128974,0.3626873640969421,-5.013221362963813,1.2460702515175845,-0.22814518531286876,0.5829584027330422,1
-1.5987304716252966,1.964412672137152,0.16633470653894408,-1.2833511125936812,0.4576429443277775,-0.49975882175173253,-0.3889819355275443,0
-1.1533809370643966,0.03936632813690316,0.2783637646182773,0.2948981262918104,-0.10075215852176035,0.6574351346469018,0.16739992072937854,0
0.05030730931053115,1.5458528896197565,0.19771741324263023,-1.080946252135505,0.8458051682041305,-1.2812414769439482,1.0125567572013148,1
0.11536979006843759,-0.4731647981207283,0.8500940655756092,0.9338238860427257,0.39939629867178045,0.3484378980172167,0.15903442054673392,1
0.41806826468901265,0.6795577090945815,-1.0782050713986435,4.094947103754672,-2.9438512599149367,-0.8013851407533084,-0.4406007390113539,1
-1.4645206628159027,0.5478349441025209,-1.319253320747584,-0.2967190295969694,-0.8839509340617802,0.7245126475604029,-0.973783664432852,0
1.7202772682745515,0.40402233752589173,-1.831917494989653,-0.7519912478535177,0.8204082396766839,-0.20509087669160764,-0.7193610155078696,0
-1.30519707970163,0.09381620356185431,-1.5681184388275538,-1.1693125077811708,-0.5570421112217666,2.3400344467871883,-0.9020505708974627,0
1.1262173783873517,-1.6801204582467624,0.32810583118696796,0.1567987180056635,1.7677727603769333,-1.3721417781177152,0.8157374065147335,1
-1.141294981137846,0.5586630890992924,-1.1124928447100613,-0.21340208461696242,1.5001092439526478,2.2483388341249273,-0.1477112976598388,0
0.8271322906193477,1.7141912049415358,0.004332978221080862,-0.003700180928645836,-1.163076673829789,-0.5557580657276634,0.5503636773457834,1
-0.002204638792625297,-0.3859542042460241,0.9786163542439976,0.4430098071196666,0.0872709973607438,0.25702311079900797,0.4602429805111711,1
-0.643865275352171,-0.684765679869243,0.6859212565258822,0.9637121776776099,-0.8954792680878139,0.5223582502209858,0.8374395012146614,0
-0.37352777900387923,1.0770662629191163,0.5027862087784373,-0.027171536444100294,0.6199355628470686,-1.0255659313625556,0.3805967952824961,0
2.238209712946688,1.2708884379284664,-1.9085746222121405,-1.4997379016918664,0.22578412460038,0.9752739185705237,-1.05476712235168,1
-2.1511508934242607,0.7828399166895688,-1.8086125858966908,-1.9250124795970636,-0.2231201960485603,3.202462155404278,-0.4654623359261862,0
-0.16772325796881463,-0.875153948402068,-1.1566383484958078,-0.04105135302038575,-3.0648383942312716,0.6148925374143827,-1.0185232830725637,0
0.5197178445584003,0.4441059994462791,1.4209580244652051,-0.7687785097575274,-0.2755438411864824,-1.4644724745189863,0.976956965607658,1
-0.29698613823564984,-0.2756373167658009,0.4971851959353967,-0.41820816395122423,-0.05364177461153966,-1.523652285917827,-0.2223219208833353,1
0.9776405001478987,-0.13955916155778844,-0.18904539855798735,1.2509897437236346,-1.578753010626009,-1.3775517905787142,-0.5313214056820532,0
0.9429049177040988,-1.7392317222555886,-1.0515721607295065,-1.0355288221055972,0.7995729875316331,-0.13356582949540544,-0.9497776194844448,1
0.34040667992826634,-0.17903697415920045,0.17491386453767604,-0.233536003360993,-0.5619832854815575,0.4175376228731364,-0.2709369280510389,0
-1.547025437423618,-0.5572704675455579,1.4993445849458318,-0.41914358149586,1.438284896118534,-0.5817726186810425,-1.1848765748907204,1
0.11402704207180143,-0.45529074678794235,0.12082969883391566,1.2162920556328776,-1.1591653970146065,-0.3518906222974269,-0.26258433344252213,0
0.1051857110979668,-1.2358575352780097,0.06555561467041218,0.1105430813267412,0.2683673993581879,-0.9407542350595698,1.1664627668741283,1
-0.4142397901526628,-0.297212329728412,-0.6560955589696233,-0.6288774764061902,0.9983409494771255,0.24361230064269365,1.6618708872166192,0
0.1875099150001886,-0.41224722946509984,0.3816467768854475,1.1990839282787051,0.9697780083453127,-2.162198201413154,0.22865742190113525,1
-1.1375006236007164,0.14450428571666188,1.4096647583815427,-1.2658382404847732,0.19006534831079044,0.050736235232903444,0.06411518182386489,1
-0.5619600411657656,0.8672138482719455,0.36229451944688507,-1.8384300773824733,-0.3614136762630182,0.8373354984789887,-1.0055161253055616,1
0.4981665135584049,-0.5500405014915659,-0.016023811645466932,0.3856117407034829,-2.4167425571556587,-0.4636232316923672,-0.4098354752190908,0
-0.9431075360947042,0.9968395592149885,-0.41965956845810354,0.48184011211920175,0.14043568393558803,0.24075542454378013,-0.4220038915419945,1
0.3247068990519706,-3.3911772672113716,0.5984952666669323,0.19013937335189912,0.5925865566603304,-1.2881850853666348,0.31305428282856285,1
-0.9288214258736732,-0.7141527577580886,0.09250805345949965,0.08910605907918388,-0.379320002124525,0.8815941775887178,1.1710987523766514,0
-1.6449132690151482,0.970655821268183,0.07690353783552568,0.8418693082682898,2.308258595766276,-1.3232046347856814,-0.9927919132212991,1
0.6713276773673654,-0.40052283542244976,-0.0810626051405213,1.158310311195542,-0.13859527847206926,0.962047895040802,-0.14242825920703694,1
-0.4919514532322317,-0.4238417603410443,0.005685778976566584,1.1824512637697768,-1.5959909851545764,1.5996123836310412,-0.26474789326638487,0
-0.9463309276940327,2.1899016507162377,0.2836199433913315,-1.0013363527230297,0.5023659000979267,-0.7998656259115203,-0.9181524271311071,1
-1.5593680890529633,-0.07287912484089146,0.3400244448116839,0.808223551822393,1.3823597093089564,-0.4322458577934702,-0.07226451638234892,1
0.608467699083907,2.6331273474172634,0.26371666868395294,-0.40917926229074797,1.1368900542603275,-1.7663880680633028,0.8882706541783508,1
0.46384074935119,0.8598869690807895,-0.9092904078095065,1.3693323003611453,1.8813686423154357,-1.7921768664767552,0.061383388518833605,1
-0.49829783437527947,0.93134394708612,0.3175644939058247,-1.3570156627608665,-0.29726240493636996,-0.06333656379147616,-2.174816489360701,1
0.095342378783501,-0.9853264555703524,0.41493801695666055,-0.4757034654944841,-1.1991447490127696,-0.14005377550264947,-1.3172748418563245,0
0.21493549049740615,-0.012323901607627053,0.5663533933097702,0.5924010527306642,0.3325629380955375,-2.0633867411919455,-0.3722444406617361,1
0.5070866268317096,-1.3890744739203096,0.7729706963002378,-0.08218792879066092,0.4106904655168323,-1.297472551860688,0.8705813829379483,1
0.6472410425129634,-2.46434164535233,-0.23191695764217413,-0.6207562009496257,2.3951692703403595,-1.0781874354298733,0.6549299019356792,1
-0.19004415913297293,1.552854700650077,-1.475162802438338,-0.06501335843810391,-0.932520532634072,1.1455476784009868,1.0865688487548855,0
-1.1603018139866015,0.3423038282016342,0.14264146518467855,-0.4131211234848746,1.1160452407710748,0.08905764056952979,0.29485820353942255,0
-0.07944407489167128,-0.795806638769356,0.9275798929927507,-0.7675974372863589,1.598760418739772,-2.0876991851004307,0.34477910729492567,1
-0.1836578589304844,-0.12210631849079413,-0.1638444393428247,-0.39638423521219507,0.2014423061268123,1.366242056910574,-0.10489563486294669,0
2.572102632640624,-0.9681745455746175,-0.6595651171686624,-0.05513216880254515,-0.4688889325163851,0.7933515961782948,0.7348030372740484,1
-0.7787349916582175,1.337679816260092,-0.1784253783008429,1.0182881248457423,1.6730858657972227,-0.8659188343043892,-0.7502440624542401,1
0.48191576883054776,-1.3849170092972996,1.2131345640817222,0.3501483336484156,-0.2521710199280004,1.261266098225696,0.567344277752764,1
-1.1461401980327655,-0.867269643678458,-0.9407200433562333,-2.1792573015325942,2.7384330455169885,1.4647738572462026,0.8319434752831618,0
-1.3459445850761786,-0.4890229207013201,0.48979329944421685,0.750762115162764,0.255760983449543,0.4420249058867578,1.882332145247011,0
-1.0082761590777505,0.6751291224695076,0.35995242639282865,0.2990936159865181,-1.1751448884517948,-1.646777193441336,0.14180251553460915,1
2.2455135510255517,-2.563838610825397,1.0190249562504226,0.24852642807071842,-1.4378411216948035,2.695634148584059,1.2659179063007062,1
-0.9000710100587104,-0.023129312089331368,0.7199916316010332,-0.8126576165621681,1.1170206622376087,-0.6953355357503032,1.0680620004345671,0
1.0501259130123222,0.47253318176266534,-0.7526077267604322,-0.1162963036216174,0.31309795591717493,-0.26883195100756196,1.2022694377694383,1
-1.3148942097467275,0.9114024055031126,0.25392971368793565,-1.6572841486685386,0.3040556612190416,0.937352948448358,-0.3438862579470076,0
-0.5620210217860188,0.14839485004258107,0.3148458147092729,0.6433106325298674,0.7616996828893143,0.12239361092292096,0.10595066659755376,1
0.48746746780788086,-1.6413031891784973,1.6245366833234551,-1.1034501839178232,-0.22580065141694708,1.1604988522262345,-0.7410054878100107,1
0.8361750857220746,-0.9455498691427332,-1.4121045607564813,0.6968235414945073,-1.0250036716178939,1.2764575824691404,-0.47846054236497865,0
0.837509531281202,-1.235525237580097,1.3373053775305548,0.20475645688827926,-0.31351366987503027,0.9246352145661861,0.4470641638189521,1
1.2818748181414266,0.13521396341323516,-1.369484081593887,-0.6152089410122532,-0.044542777446787314,-1.1894944495504527,0.6232234650446487,0
0.944804956636277,0.7807673436589181,0.5170069849376404,-0.5371961353681947,1.1934587457707149,-1.261309150562656,1.4991097780086384,1
1.2549667941453735,2.6857379750344927,0.6846914827530494,-1.4486865650306202,0.30818135010605313,-0.8866252680784062,1.5372964721697455,1
0.1692137979548108,1.1294214252463803,0.3414272511793914,-2.2047175292557557,-0.7501934214840734,-0.3135218702153354,0.8179912238266478,1
-0.6511483087758357,1.3892269238993866,0.3614188940149801,-0.2210933949993516,-0.30632514892623747,-0.30379153311002915,0.5828726782650958,0
-0.5719724158074031,1.694084107084342,-1.772105837688848,-0.5018848127637955,0.8387993443709079,-0.11550010633258981,-1.6765702225197323,1
-0.3609420346151062,0.38033085416813933,-0.761374048960554,-1.0973601707485896,0.8724081057449434,1.0266683557517684,-1.1232854670452417,0
-0.234151354978118,1.0071817054815806,-1.6011792565486582,0.15001272043593103,-0.8346609776309215,-0.08619085831148267,-0.7191991374397948,0
1.3184725992003363,-0.3054740677396821,-0.9560912489073413,-0.9802984261014588,-0.25171728739037924,-0.41371397098680174,-0.02087214159004718,0
0.7009819466574587,-1.0347004703907565,-0.43764634563784965,-0.5822297099318812,-0.11093722985652053,-0.3668331283150735,1.3679450589614157,0
0.3450515475184494,0.1864477600996429,0.640085654015973,0.6313809655836365,-0.4039119473428778,0.237094919616468,-0.5098163994722892,1
-0.022767029387172445,-1.0721725060635878,1.2112277975513441,1.0446932845230452,0.4546575462912373,0.6994858880752058,0.5490681764145695,1
-0.03128668215864647,0.6605543707262802,-0.3084991318209622,-0.7155463713737386,-0.5540192109921233,-0.856754026169608,-0.7714129217356814,1
-0.3595108489496934,-0.304339408817185,-0.6217123486360607,-0.8801679081335378,0.7056772962263472,0.4638991044254236,0.747444161370321,0
0.5095734360964109,-0.2973772284881277,0.09181810355278616,0.0841268478745398,-1.045968169330176,-0.6428120026069827,-0.04667804817104581,1
0.5695935692851527,-0.7894994677372115,0.1654584871818984,0.0610623413379565,1.0067632304088323,-1.2747510605928674,1.1959747693484344,1
-1.27243873998202,0.19972508780448142,-0.6827004897378088,-0.4593649302249668,-1.3964104151210186,0.730407478468604,-0.6609577475336719,0
0.7718478484654764,-0.4634582572933294,-0.5062319086304703,-3.32087547424093,0.6563751349427653,0.27737776995781255,-0.6324717173458069,1
-0.1971479444973207,0.5826094994967977,-0.040025569551830134,-0.5817775246135442,-0.8314932765295117,0.7322006392343196,0.4070402541004021,0
-1.1619747415683075,-0.2135043185615255,0.10026909580285973,1.2763523293738153,-1.7332319084778551,0.6802036600664738,1.2613405765520116,0
0.8430905503949222,-1.1195710764154743,0.07902518936647066,0.5830929598100455,-2.6404087274658474,-0.40134300275231344,-0.5642214053008394,0
-1.293632915785364,-0.09664938068015314,0.85519135160211,1.3709314580793694,-1.0413265093328374,0.9136790492140615,-0.5148307904770535,0
1.5290967207165278,-0.2889487047192969,-0.5673917136721937,1.1585077298476065,0.5855926972680695,0.5074505610618734,-1.2519165677234902,1
-0.758109092638387,0.42833553734432556,0.22454001886269437,-0.17392561152479527,2.091004759422633,-0.14743992060542077,1.877686419652767,0
0.008258447506572128,3.178949524689038,0.1843899231601296,1.744736229936435,-0.8875113158740627,-2.2722461317966407,-0.20104433168955052,1
-0.04023955037550392,0.533744145488897,0.2157145184354488,0.1318520353462159,-0.5370046361581008,-0.4366161728938999,-1.0201934352950772,0
-0.5728947210582723,-0.7723419879132912,-0.49935002075729756,0.31533362188419056,-0.5438041821059774,0.8037310245282917,1.1558075682240858,0
-0.05477101433422769,0.00531869588957013,1.3147911023061596,-0.6474594702391551,0.703172253139853,-0.06289855705305873,-1.702551756966379,1
-0.8307233342689847,-0.5541236925806087,1.9846848148145695,-1.710515438951405,-0.15323888188705445,0.3434908197762772,-1.2725881812917146,1
-0.7939513497953347,0.34037204569119167,-0.2647099439711067,0.05191966373166144,1.239851098354873,-1.8732407897957903,0.628507386116235,1
0.2840877446618152,-1.1901251684126186,-1.5646845856771994,0.17589382287422345,1.4991881555442454,2.1305116437715355,0.17737267919888638,0
0.5920443706998728,0.22651661014846255,-0.8088765675398466,0.20755894153094656,-1.4287699393031452,0.3623453203654714,0.16237884893559795,0
1.0771405920004105,-1.5979500368644863,1.3830559992944969,0.1473387651316797,0.2434170660484832,0.6826641043908951,-0.2860390435991627,1
-0.6616813658252604,0.9017134377334063,-0.5449672834046111,0.7296839814305817,1.581240823015216,-0.5078802331447078,-1.7585252545876726,1
0.7816368932819524,-1.2870547990117673,-2.417338949535375,0.057977674275843764,0.19421131906903116,2.659095696708179,-1.0818759709754278,0
0.36857619716603873,-1.369761541148153,0.8020205747699735,-0.9760908171158417,-0.9089425033481047,1.9602956364298372,-0.4493057080301846,1
-0.8362706225111205,1.2582003961723738,1.3971544855975662,0.9215522491254831,-0.9594041720893818,-1.457153904068889,0.5927549332319713,0
-0.38648381889370037,0.19833231729921078,0.9427381009168527,-0.10027633643917773,-0.1937599132307607,-0.164909247502072,-1.0729328138629382,1
1.0073598229521172,-0.5936659184966072,-0.6350311837920952,-2.4967044685878816,0.4321659428604239,0.4878635925896804,0.7074922244260782,1
-1.4039576332384622,1.9527239468495947,0.11762927217193607,-2.5657705471366175,1.8990678572724986,2.1819833454771436,0.6947850783590539,0
0.31155748338275474,0.37714900114960637,-0.8894383481993718,-0.48652147596099454,-0.053800456072363834,-0.2933574424681677,0.05680044736242107,0
1.086576069422004,-1.2539880796964107,-0.33517190810544634,-0.8369457296128933,1.321512364758891,-0.468013856849207,0.7779608651131663,1
0.010887628431738466,0.5188686910854641,-0.529872792882256,-1.467787791192307,-0.4079544113948059,-0.18990167608926936,0.5089060268844133,1
-0.6950541940088576,1.642368535245989,0.42333294071601546,-1.2441915306293732,-0.9133725826197749,0.300783521396863,-0.32181564525570094,1
-0.6037353616734409,0.30036134852003205,-0.32166169976074926,-0.8768323913485715,1.0290261971500385,-0.5493798923907004,1.9641771353248443,0
-0.9370899267775114,-0.275508550705387,0.5192654118137773,0.6810486227395375,-0.587876089044028,-0.1514754441043988,1.715773757377398,0
0.8773989948820284,-0.6408424350345978,-0.0682929256353854,0.8068226017038982,0.5481558772783662,-1.1225726653840773,0.9505373223284038,1
-0.036744478479091715,0.22593341604318887,0.3132154242633785,0.41796734179505834,0.3800382900292107,-1.1740753453400896,1.925331852547111,0
-0.20762061097393789,-1.8963319988088314,1.3570644994461967,0.5317661842007203,-0.34032670840967055,-0.8142510264523848,-2.138488006371334,0
-0.22369852610548802,0.8891916122636521,0.5931702286354484,-0.21522889257802358,-0.17183120356934925,-1.202677138843096,1.2506712797022443,0
1.4384805617855883,1.4386422453648706,-1.486762763634985,-3.0442625734624027,0.5260456046732198,0.9723346750949171,0.05135364946992494,1
0.024131651681781555,0.03779555978495807,-0.1683904994797966,0.413632147785077,-0.17258155368843087,0.755987647783401,-0.19541713874713385,1
0.026958123586118776,-0.7389392287497621,-0.996618726086675,-1.1027772642989593,0.550072635336259,0.653581864485188,1.416694657435471,0
2.1793547125079757,1.0634637996160607,-0.9790937439903938,-0.6772953164533136,0.5884788226016152,0.4458728491528655,1.3093694362057309,1
0.4065660244245811,-0.5238153282691191,0.18617747093731335,0.020775038864695745,-0.7733861064461107,-0.5940005214144289,-1.1935264356954556,0
-2.326456960111496,1.0596811838055027,1.7194926796762267,-3.31679744224781,-0.27293908847030995,-0.16307254179191122,-1.7962913984365882,1
0.8261887974435229,0.911582706211485,-0.6815447047173795,0.7663552994312114,-0.5378780352440181,-0.29824624385238924,-0.9933185640761255,0
-0.8097350411622182,-1.472488476211536,2.075986969793202,-0.053359986380462666,0.9507771535782992,-0.056562888993052896,-0.06954034526316856,1
0.0033387859441566152,-0.42523743814676684,-1.5848503814781578,-0.8278000024067276,-0.09252984045562232,1.9797520596860052,-1.1585880654412262,0
-0.027931965840232525,1.3061381165262962,0.636604943623267,-0.872340848864546,-0.39776687622231016,-0.06524399889701225,-2.078158692141406,1
1.337678679061653,-0.4793540155526447,-0.9797019259101193,1.5398429023979734,-1.2647806956789467,-0.24281672219030018,-0.9502221493450086,1
0.38721695204756706,-0.6879221989114156,-1.7863795906313156,0.8620309513601981,-0.6853263529763325,0.41542486917506705,-1.5529444965777734,0
-0.7657929144840558,1.7645198165045808,-0.6754512918747295,-0.011318990797913549,-0.4115495043778716,-1.4417273360168157,-1.0124400520961947,1
0.5791245038514617,0.7223805719291967,-0.17614779180145254,-0.43797947536423915,0.2757015521561314,-0.8605011632974039,-0.6195423106146496,0
0.31676481813885893,0.4254771514732349,-0.7709179484632904,-0.28153592279241635,0.830805611441112,-0.27192352684091675,1.231890457410107,0
-0.012479504656171649,0.7518144576050858,-0.23006835920257898,-0.045821508773084704,0.5004308743191476,0.06704506490203178,-1.0430290191854816,1
-0.2791675554648101,0.021898524586333453,0.8266881516054742,0.9287934039302296,1.5461883093856814,-0.40050699220241676,-0.2594713853393584,1
0.022050137130637762,-0.09915436594824677,1.4422368452520211,0.3295695097128717,0.4508255624814144,-0.5118372054707946,-1.1019110770391833,1
-0.9980958334356328,-0.18707943390436438,0.3655584615863659,0.75609712964842,0.09913519784721857,0.4884680138726181,0.8617904951043925,0
1.882127620964071,-0.433601754659677,-1.650167433795241,-0.01109117022220223,0.016499802381296357,0.6188826649447063,-0.2882625613002701,1
-0.06125436689819852,0.8351508269816682,0.0006932468187166644,-0.6854107442896539,-1.6489335945547792,0.2659816961666061,0.5354752887421488,0
-1.194916633038426,0.6153682335391546,0.660997956541366,-1.789150082169286,0.5211238889636993,0.24972060745242153,-1.3282891615939953,1
-0.03357477858648275,-0.41997481470919573,-0.9474111293009178,-0.28818966721926337,1.6067135225922784,0.6822618069500613,0.9178263860998777,0
-1.1305547182235007,0.8960789364746954,1.1635968201241693,-0.24857017295325823,0.4866092433110792,-1.5244975643912428,0.8243183903471387,0
0.9021476034434748,-0.4233733146871114,0.7189456614332169,-2.056814577467893,0.8450753184196198,-0.5249958197131174,1.9026061053976546,1
1.2029045671511005,-1.445351595796736,-0.19486907718151822,0.9615831279285685,-0.8206202488185995,-0.3018494283743975,0.8725037038977453,1
0.6594540810829815,1.5451539404977794,-1.0140455194278517,-1.0678654891659118,-0.5024330021989752,0.9500490104110636,-1.907268155308653,1
-0.7628161334756957,-0.5998705790889136,0.14917076190313386,0.0015703279986326755,-1.8241407654011712,0.09971931223745424,-0.8622884884770732,0
-0.1689188115809083,-0.15991514643813926,0.9119147099503416,-0.2546742111460617,0.49318604087100937,0.20140692961522585,-0.5656066385097863,1
0.002177538630448253,-0.6677025599282883,-0.5247749984393509,-0.7215864998168796,1.4724315469074756,0.12713351527962705,1.5012458415554704,0
1.1825483339123848,1.6765109332494175,-0.5502659631104628,-2.0479990637009635,-0.6709109860751136,0.4887966773570336,0.36718889635421736,1
-0.4753253767134038,-0.8346665994467052,-0.7389991498862386,-0.19496272924338579,0.1257257457602387,1.5695386786146068,-1.1222409047784083,0
-1.0661067254074155,1.0527340801021778,0.7754504893270903,0.05209721472876084,0.6290550261476913,-0.530278848712744,-0.47893163658606913,1
0.5336181196217632,1.0558484283017133,-1.678894133024993,-0.6894542279295772,0.37649271217090463,0.8764790583557609,-1.358367939000598,0
0.713148275400753,-1.3354117176228573,0.6006387837090447,1.1654736545224005,0.8441695331641389,-1.786922823876122,0.6383445782273827,1
-0.5713834393240327,-0.35069451369470483,-0.18542167943923213,-1.1639489472162392,-0.769266380383302,1.134592435360349,-0.842916155647897,0
-0.7505431043119348,-0.7841184598494739,1.611490964102541,0.256396821020696,-0.20410144821508316,0.51383616250031,0.6594572039794793,1
-0.0785885624894773,0.5790854161282282,-0.21440649812307794,-0.8164000870914137,-0.2596031106587544,1.047467757350054,-0.45912077778973637,1
0.8484428953156884,3.2148410654164667,-0.6303875334611755,-0.3528413590871994,-2.296405097598253,0.18918179968409854,0.20523995854160956,1
1.0106732578803068,1.8022061063585881,-0.6430863555850533,-0.48843295218899646,1.357621120572426,-0.7425611847579224,1.6340072487948862,1
0.32314927875094845,-0.31865233180418745,-0.8116808306795384,-0.39633387797273156,0.41295441235724,0.765531047980101,-0.5506614731538602,0
-0.8190401917237249,0.23724608488962692,0.0991908064232629,-0.5121537762343741,0.9211494078266009,0.06124709003581136,-0.2759800833270597,0
-0.6939549987997903,1.1546940841675537,-0.9696241824865881,-0.22918122819736658,-1.040198689778698,0.7914290413522438,0.353974691957726,0
-0.8581194084382542,-0.5442510903230813,1.5520472220492658,0.0619280136284331,0.45512608380369174,0.14880277289871066,-0.11133762525232936,1
-0.2738052037570993,0.4257179566257412,1.1849179806134544,0.1802862380396192,-0.1483855406096593,-1.703711141164008,0.9652699505213387,0
-0.47389528446334594,0.11124973580973892,1.125494651968162,-0.3904202149181993,0.39941928989679054,0.051426957452338176,-0.3955201266242696,1
-0.912117094442915,0.5178843888006415,0.20714855762848336,0.47094946145235916,-0.00034780520819324966,0.6655007245907772,-0.17219403164647562,0
0.8298266811862378,-0.33039574006635225,-0.5147193018467179,-0.5337935822631914,-0.31329900207858835,-0.29084402951236166,0.010278373925243335,1
1.4748488472846133,1.0253822886161514,-0.880613879028095,1.209500128483588,0.6371068555239809,-0.47095890571284516,2.1484456729670733,1
1.7407392014639058,-0.09794715439385401,-3.030868309550859,-0.7783358787818094,1.206914517547399,1.2294113905253257,-1.2388971642133744,0
0.4866689952400357,-1.7043693265496556,-0.34866437647796344,0.41045088487868403,0.19298317022517394,-0.7107806460506516,0.25888975933369146,1
-0.6599829497604023,0.4114909669711034,0.6651405426741784,-1.0083550549320197,1.5318251613482912,-0.6664197077219347,-2.1259797619077125,1
0.1542224311746888,-0.5934913299842257,0.2516474066941913,1.6622239331784474,-1.6455107915632747,0.8657272743484647,-0.9074429488478691,0
1.4926006006551662,-0.8008311614183077,-0.13610675476580544,1.1747263229787175,0.00019570657519352372,0.705684134390921,-0.6983452882154522,1
0.13405261219984144,-1.7435232917317232,0.785701505903207,-0.5046798718909096,2.4794642164570586,-2.1134468699724187,1.1168537811658792,1
-0.8784054557943999,0.747188484886123,0.33410593905964775,1.2078597181387418,-0.26473714057950887,-0.08879075357215199,0.862138885879763,0
0.17695662350070712,-0.3864608013497659,1.3661651381416955,0.3975523488643001,-0.2022689593287162,-0.1721472850631578,0.14856977038074942,0
-0.047398600210205026,1.5809280396495444,-0.6662786558531879,-0.22425940705563166,-0.47911432411927174,0.16030838518163112,0.7501728086276226,0
-1.9243403460069435,-0.29160352398535744,1.2716003293208737,0.4917953231480231,-0.8923547721956703,-0.11684752606593699,1.520456648510856,0
-1.7435542893828204,-1.0814859787459352,-0.17339261531261985,0.293274255340327,0.6805819941139428,2.6202355974511335,0.4472397893145174,0
0.3178724395387488,1.0217538540169937,-0.6824919905915091,1.6620411503251546,-1.2074545550117266,-1.2817474818835184,0.26643613666850635,0
0.8821308923817729,-0.13582159579141057,-0.5575109288061902,0.5508129658466505,-3.189814249596598,-0.3742750457907984,0.13904290836147007,0
-0.46625249284611286,-0.41024680131995406,0.589380985207033,0.34084327536118086,0.7595940265216004,0.168442432081939,-1.003068620572108,1
-1.8553463101931578,-0.5992597206710926,1.1679393143508117,-0.25714155124841637,0.2618779034247217,0.10616081834106475,1.1080618784629264,0
-1.316789365383586,1.223530250079764,-0.02078803496131982,-1.6934063719230161,-0.8752798851456055,0.4592965764709166,-0.603298744768377,1
1.0949252104915168,-0.7471289654921734,-0.16437401915926955,1.4076100319753677,0.13751052001954958,1.0378222238253496,0.43071621384391084,1
-1.5982897082721021,-1.1698457674209757,0.6930932291823866,0.09271600421802102,1.90300870269265,1.4108734336103164,2.0420209338348565,0
-0.6858118088305855,0.4544115596845044,-0.39057950385898804,-1.2622196974555782,1.0739690066688552,1.1912261394881716,-0.8929388663042787,0
-0.8026402558489962,-1.4127831775383417,2.8304821470560717,-1.9861833657270906,0.10216494547342757,0.6927389005650144,-0.9228481477231046,1
0.29439467829861476,-1.4315800064092095,2.2399709482513996,0.15346346491594184,0.39021182619326716,0.3608357733157219,-0.42778616610343556,1
-0.32925156589552473,0.07704584053405822,0.9171727544622162,-0.07625918521888994,0.5931688334366043,-2.1492625395694986,0.2903119645351284,1
-0.7346954664225936,-0.1303089320265728,-1.6337227304444664,0.08683459750612663,-1.6134419134611235,0.9439711628181506,-1.0718670531027317,0
-0.8122196306997591,-2.0345947336697363,3.1653398148648186,-0.005928125659425616,-0.08967672758724876,0.5510004024529901,-0.09261170260701297,1
-0.42386303790291785,0.5017837913679282,-0.5770465550945059,0.7586863981557944,-0.3869279951484054,-0.03886945800860823,-0.267304236461968,0
1.0925965631835237,0.3419344080984025,0.8398298569588545,-0.4491076292111033,-0.04502465602551376,-1.013663146895459,1.169470277583787,1
0.22390046095288887,0.5985772327993235,-0.7464302243170823,-0.22274518058690315,0.016049957266131017,0.6214490956080434,-0.841730921864643,1
0.7672732769348644,-0.01840558201709399,0.03343832816571726,1.139178088726873,-1.8553271843138612,-0.9996568750535034,0.10828140778646259,0
0.9582249518768993,0.12887973125845667,-0.4160535347095639,1.8223394548614251,-3.22595047513365,-1.3758224581420353,0.6276175200929848,0
-0.7563272412538927,1.53330700274201,-0.3955199055640215,-1.1011400553569217,0.29019855646020726,-0.10295093140915186,-1.7617227478056487,1
-0.07929033045831686,-0.15060635316077198,0.7792253693481982,0.825064219853047,1.2322215550452673,0.10188010508139898,-1.1303042450181477,1
-1.0488006484488317,0.3053004492367631,0.12606919413128928,-2.0827136268620032,0.08196439569196852,-1.2994423408771298,-0.6908867243394448,1
1.247142186979186,1.3636275652073948,0.1954923620747733,-1.7117465080409724,0.46978399605713594,-0.5375836186304731,0.41929876769376934,1
-0.2834082123578047,0.7010607513849234,-0.2915290895780133,-0.9570304523140489,-0.2735956004172383,-0.785181948555709,0.09327439370134136,1
0.8732426521138478,-1.480195420621496,-0.3793993854082168,0.7101281147340226,-1.8156561841349264,0.49863625209594026,-0.6864111237529174,0
-1.293586581395909,1.5510430540884623,0.9775693646678087,0.9394821524131576,-0.5164945462801717,-0.5634234348984992,1.394313115969415,0
-0.36676750829687194,0.3410006801032706,-0.3786359670130999,-1.5241433890594662,-0.39429846798735013,0.1928567484680429,-1.3941526634044459,0
-1.1087262351501541,0.5505484251487045,0.3474743904025732,-0.7470946580705635,-0.8284643889751039,0.8510385688214154,0.2686431154587603,0
-0.039370990092274114,0.872967344039358,-0.3823612076672377,1.0182756171388645,0.43988806205282716,-1.4806821372997727,0.9700964243078201,1
-1.2196854609071188,0.8465617321116744,-1.36741539499861,-0.8295878739831811,-0.2824729216040469,1.8976980629917357,-0.10451930981926907,0
-1.7486167633137046,-0.5439195519201319,0.9741301450715596,0.43624090911751956,-0.28990707140284006,1.0083534607257516,0.8224137378795932,0
-0.4490503195875366,-0.39536763973379285,1.5479568766034242,-1.1526519778117743,0.3315152874418381,0.09228954270821839,-1.154645461842869,1
-2.0556335758789013,-0.19420276834519717,-0.08705110133885288,0.03676209046638569,0.12146417267463286,1.3401134733977966,-0.7660151783921377,0
0.6371900338621185,2.3091124573265467,-1.1871602897437046,-1.814215040698269,0.2644148360339771,-0.16470501445255487,0.05837733019583201,1
0.22350749875311007,-0.30102462922644463,-1.544054805047959,-0.17500015966937474,0.4660434554895606,0.8312615279016241,1.311187993524401,0
-0.34712668199980873,-0.03574400008241126,-1.0793731238321065,-1.157875570366188,-0.8941121061194623,0.2082064739439234,-1.8322439322773887,1
0.17085434707456457,-0.7321226176287047,-2.0444495727696292,0.6250500760733186,-0.7094059490840625,1.200764369086122,-1.4191185112494011,0
0.9534518868190923,1.695749792302071,-1.1273602039384436,0.8930982094677427,-1.9715037767715147,-0.20484651322385952,-1.2014734826150508,1
-0.7773508928232947,1.1781771547951028,0.2746310182544896,-0.05766039186076673,0.0710172935953381,-0.13224920664409642,-1.0324345861368565,1
-1.1325839237631785,-0.9497599574025308,1.002431039639062,1.5128430165814546,-0.2675821636686674,0.9662643276173879,1.0087395409302877,0
-0.12085996094862446,-0.29250847245346445,0.35351743190286267,-0.8096674350696882,0.0044095025446349995,-1.20246845106644,0.2725843007996507,1
0.8554425639363491,1.1543778809002998,0.017107577569251985,1.1964593295973671,-1.2415031366877667,-1.1085673926684454,1.1219124045494053,0
0.018279201866268784,-1.592988482621778,1.7253576718973864,0.30841327586341194,0.09860728628606351,0.5714322471875748,-0.7544622706412899,1
1.677242307169703,2.114089896924432,-1.0648975980872146,1.6463756237607325,-1.6251122471280364,0.06905375263212273,0.6435689320113475,1
-0.935102079908609,2.161234667939447,-2.790443275690797,-0.533310897382698,-0.728464279106245,2.509571207192676,1.287647193433067,0
-0.2542473245545736,-0.4449216224466026,-0.4966047411320641,0.25791300952458324,0.38029524375342677,0.4589936848979195,1.5756693984203607,0
0.7367166193671031,0.15347622739959665,-1.5505589884685924,0.013373822471783326,-1.1893344015188725,2.2871147112470154,-3.1337113195466824,0
1.0622781223901927,-0.10142061664121772,-1.2785816691417728,0.8044273551687604,-1.5775505587879444,0.19062929474792858,-0.5393517676435575,1
-0.6067148882300036,-0.3958478313561107,1.4601761156320847,-0.4248949807505882,1.6127205692881021,-0.7455530106569811,-2.096777044318819,1
1.3506368989940276,-1.8149689820930957,1.599256268978097,1.6467570995555427,-0.10252203111842895,0.9537294109147249,1.202519837477021,1
0.5347560861696647,0.151127266006914,-1.293860230612725,-1.1175181534654257,1.8389540682169003,0.18875277174668684,0.4867761915155046,0
-2.2263139348086267,1.9520212686901823,0.2068255566175534,-0.028188896216998334,1.0904370510461185,-1.0604814708244428,-1.0751439260773599,1
1.6021616202215991,-1.1712619461907094,-0.028198682591246218,0.9141710094290829,-0.9657689208608299,2.307807125779752,0.4841546023142343,1
-0.193967703119905,1.2441272979981637,-0.6012898138835039,1.196234230784195,0.6779066210808229,0.08073687813670985,-0.05360766363409146,1
1.0247966053410518,-0.056789824418439265,-0.12486624190642097,-2.1566642870824007,1.1287942759806384,-0.39207362881967384,0.504175642885406,1
0.3447724420225371,0.16323339184588223,-0.4642445866351735,1.577693625888211,-1.761964615022518,-0.8251362068931118,-0.31185017336833865,1
0.8396381671257839,0.930762059267905,-0.896963580627101,-0.5457376469697839,-0.3101205676894421,0.009869700414128355,-0.041701068921149886,1
-1.1289670410100334,-0.8909609172310234,2.133146523145413,-0.8466922878595353,0.33538806213474326,0.27885916970398134,0.013535602706710191,1
-1.370379827793925,0.7466718652137486,-0.3919961157667633,-1.1390847013918102,1.2135711287496247,1.5616352751985714,-0.5446273327516999,0
-0.7449512084829123,-1.0204725259976324,0.6851738102355704,-0.8746975296137985,-2.177510760938168,0.5609685817664023,-0.8268443904577848,0
-0.8955359831946025,2.3020410378055742,-0.45559961060440474,-0.430074482034705,0.30864884277163696,-0.5841292829593804,-0.93918937993584,1
0.38420186286150915,-1.0815405942831613,-0.8592145908544844,-1.6957608967854705,0.5636048692825703,-0.10438892863838663,-0.17111069672330773,1
0.6672503038340405,1.584987045695395,-1.1624043344777364,0.32858948562317686,-0.11398717819584807,0.19968682936182922,0.8943525294674355,0
0.2969737511415032,0.8652356270067978,-0.11327715268203907,1.0126604307318314,0.13539879159596196,0.27230866334595577,0.2922512183135181,1
-0.07227048012635337,0.5555447695872842,-0.29112720881796533,0.8364042613813226,0.04421886249975244,-1.7262927323421553,-0.8950714889650974,1
0.15431806794446762,1.1687457984475895,-1.276669645884542,1.514060047819035,-0.5639293926602206,-0.9003868979988279,-0.17533236286096593,1
-1.308144304554625,0.20749629379491932,-0.7371693283410335,-0.899958843461589,0.03345558658624364,1.4531870036707693,-0.8462685276058213,0
1.0426805987874797,-0.11918677877856161,0.39222594611632156,-0.9199622316341031,-1.2966183349276672,1.3549203116099415,-0.21230681851693312,1
0.9292196496639192,-0.945583637162737,0.4421817587710205,1.237232933139423,-0.40535154726359757,0.9512894580150801,0.6814962381633729,1
1.898344003521793,-2.1349716633098623,-0.4860883646753326,0.2272806418907717,0.530329888248233,-0.045021618622440425,0.599788701029701,1
-1.5063320096363755,0.4885526320438481,0.23517727891742052,-0.7623985152038133,0.5184399131708538,0.10151953463385627,1.632085601886599,0
1.1634324848374804,-2.2985121105246202,1.7392535751254847,0.5266075141282467,-0.12844922428181035,1.4231487449677875,0.6236748525023956,1
1.4153336213502266,1.480422399522402,-0.7940255090582816,-0.3318584521220945,1.2375428029456532,-0.5293902349353771,0.8124115799566746,1
0.3980554479404516,-1.3095001344691266,-0.6909724879917465,0.7077737231445702,-1.6709501765015708,0.39574775048952004,-1.227565129206251,0
-1.1697169520027957,-0.0673344732780405,0.8960510740079649,0.00920087301898035,-0.09111170557909026,-0.5767793603199822,1.464398572119576,0
1.612714785356938,1.207227940570015,-0.4921801379137127,1.745521966220579,1.2802207652284199,-1.477466223849448,0.8305634211788546,1
-0.9691921201613096,-0.03724663669747774,-0.0011271651596655987,-0.71394642399516,-0.19558779396981532,0.8593494365429796,-0.7737862817510739,0
-0.12089208563795874,2.2092953703494693,0.08758486940219447,0.6396562882387176,1.1917539043003567,-2.324753754133307,0.5728031573786537,1
-1.094460934805981,-0.4367983408728325,-1.9102306730057261,0.07588220366676754,-0.9353876414483144,0.9727379588596018,-2.1006583898125815,0
-0.3055892727995235,-0.3765038811349316,-0.7464669008686425,-1.0108985965458899,0.6513393165444269,0.8059886883504356,-0.05062623758022806,0
0.8597741137220932,1.3332015207917247,0.016024489398144715,-1.2476114576875543,0.5256267578728839,-0.638134644198276,1.6572581645494706,1
-0.419109196382022,-0.1709867485000072,-0.3143962706910906,-0.30320799656690917,0.583047587596348,0.7151065133445732,-1.0453435722357716,0
-0.9368993921026755,0.20138654070209402,0.6601646409353833,-0.7060779353524631,0.8586666528250261,-1.351901829116247,2.5170601579954712,0
-1.056140882011771,-0.2788130204942027,-0.32879640348589123,-0.2953649644929859,1.0268739422452635,0.2443510956144953,1.6821405290766471,0
-0.1637140359597872,0.08567790280901001,-0.05731243505704173,0.5253904208866494,-1.573012669388385,-0.3776904319044604,-0.15649260467122905,0
-0.050280666071566456,1.030026767276586,-0.23121228014335302,0.6353879167418183,-0.6984189396558559,0.19112885044176706,1.0125477641596505,0
-0.10391658824350977,-2.6412555772362283,2.5350004535395296,1.6140847933481592,0.3475354763537171,1.0585195315699225,1.4228665825933662,1
-0.6138850795181088,-0.11087650770723491,1.0741765527544496,-0.004719390131706172,-0.0753202824951958,-0.0024500920686198447,-0.38637624958095673,1
-1.9807850898321124,1.127492351470766,1.2612816449423991,-0.1694713056600838,0.2865309418145207,-0.7608475425383711,-0.9451890849329426,1
-1.1350892693944914,0.9642822899792678,0.5673397164977498,1.2217399837096332,-1.3323220806330844,-0.17042874777832978,0.42377470435801873,0
0.1345729666874554,0.6940448459418453,-0.3241778448180528,-0.8938593337000962,1.0338777978666966,-1.0324757204527228,0.6508144088651853,0
-1.2940696072890179,0.9807109833863671,0.2875040592781849,-0.31785028865599474,0.8315058977249375,-0.6167188136643295,-1.418269053713541,1
-0.010110290803045154,1.1833226413740672,-0.46454753945314653,0.4281739841016514,0.24955502026630644,-0.7062417965295609,1.1183853897321885,0
0.2498911830915451,0.12361786087164686,-1.4918419223244268,1.599360459966922,-0.9315847137733784,-0.10610879684696163,-0.417007385181021,0
-1.5293348401210547,0.6750819319128816,0.7266255935887256,0.005052812833829742,0.5746964205658212,0.36322336730175453,0.06638436627776309,0
-0.07986948761229413,1.4274453571363641,1.6872107162225451,-1.8773759400524541,-0.41522661605378564,-1.600353956493752,1.3342502848280349,1
-0.6199685955684767,0.6106564942080207,0.5670253894724622,0.39666883652148327,0.9473353509116278,-0.594677535385988,-1.680289415963864,1
-0.6299345235549944,1.010272883320749,-0.13276210319628715,-0.9482940335794287,-0.8171896178976332,0.6690558998393469,0.3775100384888476,0
1.427657334545232,-0.3712033435272278,-2.0056620417870286,0.02345203664191923,0.24992410285283878,1.1965421855320146,-0.466702482628724,0
1.0647183476701474,-1.7485742392191255,-0.08399534258148146,0.557216360858919,-1.6130652612218839,0.14094073213892425,-1.169291467780544,0
-0.34347732836135053,-0.2621264758875533,0.4718281652468777,1.1935961116637015,-0.30699983365437555,-0.773676245055169,1.4611589871815012,0
-1.2133333317620525,1.1625331515209234,-1.3772991783366382,-0.6940115039365927,-1.922683061733831,1.9585232316733383,0.9663753163109116,0
0.6119049698281156,-2.187426031020845,1.7832938413515942,1.249063162746939,1.0716598323019848,0.9199015327447541,0.6550880945252098,1
-0.24432154590265037,1.8254219051590275,-0.2594725601213932,-1.5062097035267548,0.0025826176513276474,-1.0230872136417908,-0.0782559341484049,1
0.3019829662411833,0.5187663842066111,0.2649645893681342,0.42870083080873717,-0.542265342660107,-0.6565879824992351,-0.07206470751130216,0
1.3296858984523203,0.6237310708006106,-1.3753221272305154,0.35883913666914846,1.746373225076461,0.6496959298806992,-0.6826751430132689,0
1.1618946854311372,-0.8043981561918716,0.47434574592375395,0.08085711022471391,-0.14682091126003347,1.229002253363336,0.26854225659094766,1
0.21658472793525477,-0.4556176507441662,0.9425064268424664,-0.5094256265685038,0.7659241861146454,0.2872197270235546,-1.6374924450609183,1
1.3708649676615703,-0.0415330890500726,1.0254512999348255,-0.3753888248163514,0.9239890106769124,-0.38967850591269326,-0.10373760014835723,0
0.29481354305908913,0.5718571659809463,-0.10322730519606133,-0.9820184688467615,0.16080022618504733,-0.8197134063619779,0.3048489642088213,1
-0.3764168716515021,-0.1533250624772915,-0.3763062799374395,1.2884605158626523,0.6587454121792212,-1.8273428969899905,0.4122314892972381,1
1.8299788501966716,-0.9956906626026161,-1.109530017980941,1.5334824740314177,1.4933264951815275,-0.7496688045942758,0.27956433692729676,1
-2.0347898960907274,-0.5517887725249668,0.14955235236717543,-1.5215472167255093,0.5163666000967208,1.0327438034144456,-2.2406115019443464,0
-0.17779855882077805,1.6447695726589435,-0.47472860112575604,-0.5499723916214626,-1.7006691786787336,-0.3788187202438696,0.0628796525163752,1
0.4116212193630833,-0.40474556944014073,-0.49571314926159565,0.08465466455251207,-1.624266654137931,0.7748605801995411,-0.14388505516598998,0
0.20139606808729832,-0.5439196043714287,1.6443017398544888,0.2513951358543033,-0.11904169460618767,1.0320575305877862,1.2915766662994432,1
-1.5762432762929985,-0.680800162640179,-0.39445291415503414,-0.47986938782536026,-0.2998594358921811,0.5714094769226192,-2.13418663150955,0
-0.6039492867689187,-0.6552349484935716,1.0101566004927238,-1.4442326468691873,-1.1841802239695498,-0.09682364173270637,-1.3471698112939692,0
-1.1070555064089733,0.26545494367839295,1.074401337709293,0.011465482791813902,-0.09583799459995433,-0.8986309892286825,1.0134711042824294,0
0.5126610489016886,-1.2079640698834981,0.0807008062073655,-0.17728267434932485,-1.722988211382383,-0.26759493126566875,-1.475030734649538,0
0.5286390334934201,0.996111941712782,-1.4596074162195918,0.9432545438004007,-0.1013995955627221,0.8690419695460712,0.8855332707963457,0
0.4191549472370722,-1.8500831046852553,0.14885124254010196,1.214851413678533,0.5818870475420631,-1.64967286956817,0.08760739616859767,1
1.0849033496623184,0.44679660360958995,-2.0115052828520783,-0.48006135368737796,0.9028994355554577,0.2983352575585495,-0.11756145285050684,0
0.8934360249472578,0.5728366914512377,1.2041921567278495,0.19931367799569416,0.3561201373102076,-1.815803244531893,1.1189454980959646,1
0.5153378341237331,2.0423747292838033,-0.504970685156384,1.0498176193365865,-0.23459477839437431,-0.9251881771303928,-0.506695541455239,0
-0.7691125334227745,0.47934926649749404,0.9062460143666697,-0.5275829833966166,0.2777536584628313,0.09730174819575932,0.14515036158267625,1
-0.3745844474570957,-0.2450597012151672,-0.4362116172103854,0.5407610905553231,-1.368744169025869,-0.30091215293090945,-0.8959248367546441,0
-1.4470584029092999,1.11749371374236,0.6692546229757977,-0.061724944038053335,0.9019704778728957,-0.8573241053523825,-0.9870497636853615,1
-0.7489917808092723,0.39526505277516183,-1.4882901309914764,1.3679194910835362,-2.2731495692058936,-0.3856284302694996,-0.7404146821355565,1
-0.8170593967050462,-0.7354123854439077,-0.4097317759367902,0.42494103550191353,-0.5961659817010376,1.938604043296441,-0.8161375595568837,0
1.3997068293429507,-0.3929984814697363,0.7057284425933333,0.6916473285613612,0.3996066017952419,0.4812775487005827,-1.1051662955165338,1
1.4458047183832157,-0.25911081230528976,-0.12800402054097482,0.8660994276078023,-0.3750922122509281,1.226818078402918,0.3527678534489303,1
1.1266906543991297,-2.487491725175544,0.6951144816088959,2.4948288941315933,-1.2166572278345813,-1.4160649593562364,-1.7107901979653817,0
-1.161712839871678,1.0254548668492753,0.16027532720371085,-1.7023004091449945,-0.5608639007562102,0.7259284335659995,-0.7992159519294866,1
0.9364355163681379,0.6965268331895473,-0.8056534388233965,0.19601786943844354,-0.04287415035875816,-0.12060783000369153,0.0004672242824195384,0
-0.8641797105600482,0.3071796249697633,-0.4108247620017223,0.9299174583625911,-0.038736865049638684,0.6115430669662792,0.7585969489215503,0
0.4313065310602171,-1.9526580920882943,2.2509736731617265,-0.8765014987159074,0.009571876042273431,1.2756529923884004,-0.42476572374873955,1
-0.8254801293276813,1.4181531384687898,-0.22397678119197711,0.3788422190977166,2.2882918027813903,-1.3934180915693035,-1.9667444601968385,1
1.2373049175327655,0.9759739931267594,-0.39352760711690365,-1.026113258406268,-2.1386169078572412,1.6171163300147693,-0.06784513178655457,1
-0.05460434159582423,-0.4686775778144405,0.7317371889356825,1.046846450271251,-0.4610468774597668,0.3613564248177457,0.841087809752429,1
0.31794679857104047,2.1404468939930132,0.12729980805321556,0.2397982159597278,-0.020661320444064806,-1.7400724697602088,-0.246351290289266,1
-0.1074806565286152,0.597526170628802,-0.8557217083446261,0.15066193670305392,-2.4669092840518094,-0.8209490994476151,-0.48572038428984954,0
1.4660881345454868,0.6266934282548077,0.4636742468315754,1.999490130508386,-2.5853425257554843,-1.731022252826453,1.1187608160405196,0
-0.6728980643771298,-1.4569471163786978,2.326186601091495,-0.4616007936526766,0.1347202276122219,0.6139045444409976,0.4302786539224485,1
0.2799365222522641,0.9742434893457335,0.4412639121126071,0.2348699905869954,-0.09630090157707401,-0.03433710094159561,-1.1374966268061057,1
-0.3597829626444583,-0.444638976769745,1.0338963642659742,-0.04563448541518092,-0.1083851696817028,-0.21928827025050437,-0.6434783930928661,0
-0.7450553649112064,0.3496544110080079,0.8890566751814099,1.483890958521085,-0.9534043122249891,0.10343171678966269,-0.14732563022431192,0
0.3890598420127274,1.0856114421185792,-1.3370349331066473,-0.7062898130562166,0.6486486500565248,-0.16420944299497542,-0.47094402712371075,0
-0.4580928812821147,0.7318686993124666,0.3436213213987078,0.5221844333439594,-0.2387025762566356,-0.06317078563654702,-0.10850182086954091,0
0.14680329051463403,-1.3370342404186712,2.29567850916826,-0.4373813539705751,0.10449137691301455,0.6625449141817795,-0.08423913673392718,1
0.3049818933488908,-0.5601980741423561,0.916015935610254,-0.8370887735928066,0.06204025461199746,0.750934440242598,-0.3345500780844483,1
1.4394621532284269,0.43578480476797105,-1.332446262832949,0.5303763356520282,-1.421150406514706,0.3536163425487119,-0.31612885800672036,1
-0.9859186801936243,-1.0629162583704832,0.018909094692396593,0.5819212364043372,-0.6714207054587807,0.5342574494622291,-1.2512401134237348,0
-0.9305897589056729,0.7239273356953875,-0.37112420272650776,-0.2202157188737213,-0.25862498443229504,1.062327892790389,0.36009129464605255,0
-1.2893701127930224,-1.1083469409871143,0.8833971408801566,0.39578668969242015,-1.6016171997132491,0.009721566200624292,-0.9237951673417902,0
0.5247621204861638,0.22155484172962572,-0.21145342351084,-1.2045195674238771,-0.6636896139565132,-0.22763420927975192,-0.04040906575793315,1
0.025112377895754996,1.8775309847342532,0.6733818834704589,0.43267643857997934,0.570833405263325,-2.1473134868251273,0.9101239080104924,1
-0.15906862845008307,1.5243247762339585,0.07799072063884809,0.09825841643902977,-0.2096624126736752,0.5067372931541955,1.490475876392537,0
0.48151230065324224,0.42800708545042543,0.012240777766855735,-1.2237657254808916,0.5178364515755666,-2.0084485677716826,1.7980511093113924,0
-0.5943333039125667,1.6187923997829692,0.40271863201698216,-0.1440195625095935,-0.0019099171251048238,-1.1569881797281192,0.06523360013269093,0
0.5888430609734883,0.918736724036533,-1.145116894621673,1.768950964440143,-1.9559526715304447,1.717602273144626,-1.9552069878463554,0
-1.628464742994358,-0.40445911854658334,1.9586891827308146,-0.7136739598145174,0.09506325706742808,-0.37108111898739976,-1.0591070219591519,1
-0.9603700278671966,-1.8931283716334992,0.3911899624417441,-1.067327895095879,-0.5356045729979616,1.1667648721663901,-2.3631284463335955,0
-1.1168885144596388,1.5435795386446896,0.31995065229046926,0.13688805149540187,0.5284679746976971,-0.77088138786912,-1.3840861473088069,1
0.0805621247134214,2.1940652896061863,-1.553802680490871,-0.4778384740433664,-0.1731793709668173,0.6917596084722857,-0.5258910116056986,1
1.2693543951378758,0.007964622787560379,0.1794737343356187,-3.1315400307299264,3.5008372158542396,-0.9828467298839468,0.9483650955862514,1
0.11957471306152809,0.7590234843520859,-1.7924862145737797,-0.06434679316194779,0.020743842252438353,-0.24856366693290993,-0.36406107659173775,1
0.3008996882146683,-1.2642071084077195,-1.0078484344535807,1.1904304039259874,-1.783316962751592,-0.5565437540240145,-1.894689385717216,0
1.0150689954291456,-0.13856090910127433,0.07126483006277812,-0.9792155081272739,-0.8283717829770325,1.3777250344213772,-0.8579946386277507,1
1.707006615608906,0.41415104073314823,-1.0705599680848252,-0.13386613033993572,0.5001759561832657,0.03708329564036501,0.9163514097108172,1
-0.8019020380908295,0.87494723188202,-1.057561318847878,-0.43075451501096773,1.2732919354311845,1.0489081449076696,-0.6306313500524361,0
0.1857153755069505,0.9105660470963108,0.12359795712923166,1.1347877603173595,-0.8081547203274186,-1.3995355585484035,0.4815853762973169,1
1.6496962377181048,0.42876089550676744,0.6784055557467266,1.4461346892421267,-0.8427913057860292,-1.5309895063703463,0.8583021633543857,0
-0.37269096118455874,0.9699252209106806,0.9119836892300704,0.13212874502029856,0.07950099794564575,-0.6941723366675585,0.41534705728977983,0
-0.8422226185523636,0.26970638728804636,0.2828155256174372,0.24822063209845324,-0.06710447085947321,-0.2872503887004766,1.4815422436942451,0
-0.144977775894282,-1.023715163200549,-0.8856979879522313,-0.4139817271251339,-1.0252830581584844,0.3149942818043578,-2.1989094338640407,0
-0.6171496433749927,-0.7540657618912542,0.5135325862229484,-0.1985264022809831,-1.2281283933728955,0.02216476492043738,-1.0632423682640981,0
-0.4813241708274047,-1.1833843487910352,1.8518449113561168,0.4042943242946509,1.0341412222913424,0.12877502168522278,-1.062585014934557,1
0.6356849679905268,0.25539312336761477,-1.411185487614321,0.07889412291238043,-0.015521116381762866,-0.06026815883379197,0.2703713403947666,1
-0.7775689513838869,0.8029633937130327,0.8352032393501423,0.14004619616842126,1.1778750246673149,-0.889571722013447,-1.6590760161929141,1
-0.25704254065360266,0.10777094226270635,0.1284780169671648,-0.8019240648317824,-1.40600382443309,0.726882429039117,0.09757863162298491,0
0.45416611838957555,1.3874720927073634,0.09153807789360839,0.2313037483024867,-0.0163307910379933,-0.8614796077597383,0.1354753708188788,0
-0.8792648865293653,1.9537533235309852,0.37948302775508325,2.071704114515058,-1.889626291889671,-2.166025001928676,0.012393843349781865,1
0.40190997308555754,-0.8681081095034353,0.6303831378671824,1.6315157132511469,1.3756940558681794,-0.13799438784606183,-0.15818491953674366,1
1.211793890391063,-0.25197857737892404,-0.3701816522850055,0.5136604945360164,0.18927979037412296,-0.2831505802509279,0.23433388838814245,0
-1.0441000213750402,-1.3182131571939688,-0.341398321546166,0.016402914692036336,-1.3842766043284982,0.6997095371417743,-1.7804758439227368,0
0.09437955920408661,1.7132706172450962,-0.7680727024284333,-0.08989244602867157,0.31087348305465834,0.01690371349931825,-0.07886376554869211,1
-0.15882629700850998,-0.45334953178595644,-0.1657994152868416,0.20762485750253842,-0.5167514510032644,0.4249068505748206,-0.027726707911486445,0
0.7907061496628676,-0.7954396976143188,0.8815388325629346,0.16999712682696433,-0.41172745042618614,0.6855676492376456,-0.6840102631943454,1
0.965881082221564,0.5668543744038002,-2.07739649079305,-0.27669149121617803,-2.2914676208815647,0.5337579487123368,-0.16291561780871242,0
0.8033983918717454,1.311030285820784,0.6368383139643389,-2.8842569107818252,1.1665498789037116,-0.8208304434614386,0.576829857672183,1
0.2787311733304077,1.3638247627263838,0.5886368500622587,0.8652625643791564,-0.9934604954324896,-1.949970256140727,1.1102833958142644,0
-0.3091833384701637,1.4815523490677496,-0.10732102978233954,0.720996756112899,1.0222973542085054,-2.3392444294089683,0.39377027407453685,1
-0.7733298703875213,-0.926248955210589,2.372472457580985,-0.2520604090032703,0.2762104686359747,0.2870313290327266,-0.019160312885917886,1
-0.6458797208288884,-0.12721218748132007,-0.8926059879270838,-0.8392946619980901,-1.5100235005372584,0.8855251854328562,-1.0168947523457483,0
0.005196210918781969,0.3597332779902503,0.38116669477993315,-0.4871185810589317,0.7742986603253426,0.3043679614982117,-0.049274751504332664,1
-0.010830423345921467,-0.661209502749081,-0.7544634605435226,-1.6246168013571352,1.7088823338783792,-0.5294976135432227,2.1487120219089424,0
0.49786190600302777,-0.2478564418264183,0.8995139429512552,-0.07463312274611589,0.6249063827865121,-1.737664482501692,0.8046569188092192,1
0.6038880646329123,-0.9686954768684737,0.2502977507027858,0.2374825526494467,-0.4398889534276051,-0.3460662236605423,-1.266796687582723,0
0.26373695656890694,0.47908611584370525,-0.8307672914217712,0.9958801909609198,-0.7809524275875445,-0.9549142635343856,-0.6657283053818854,0
1.8567944101028393,0.47281276091192,-2.134273330112008,-1.0593169732484709,0.5643543756635583,0.11066843302885618,-0.961033116938048,0
-0.021413303897218836,0.2855739267496766,-0.17776976015189871,-0.867396326413,-0.5437959024474092,0.8347122403055551,-0.050362547397092776,0
1.0369838593598635,0.03516855968765448,0.10198831849366144,0.7803718320142268,-1.2272909243607057,-0.44142293016386935,0.42432885006782606,0
-0.025265322123929894,-0.30476508231182803,0.8520318722925078,-1.2438165980400815,0.11247781735270733,0.3810881801902114,-1.6018294879201378,1
-1.465037188783277,-0.025280772494808198,1.4575828530267965,-0.12749535157867983,1.4615081618649952,-1.01252996000985,-1.9777207282573213,1
0.27644829490622086,-0.27764309057228015,-1.205005750858297,2.694398737080802,-0.8818306615777294,-0.9192151455169967,0.07096268198084646,1
-0.338032821684744,0.8368924985179736,-0.030289144037824883,-0.26947121679867425,0.0648888991904317,-0.6867694683345393,0.588807604636813,0
-0.5404149678016887,0.4248101945202123,0.823179312444197,0.6221644404804024,0.9382592214482204,-0.2842003536911192,0.13680108508989064,1
-0.38092575419211133,-0.07626033712114587,-0.4283704639981446,-0.006190632137475632,-0.4375467574078517,1.2207688203323375,-0.014455560856916874,0
-0.40780946040091787,-0.9168592021077512,-0.2130222832091268,-0.2265217982249603,-0.6835926723031446,0.663200909693427,-1.3717518759191163,0
1.773249436153796,-2.0073197670986147,-1.3352222071274198,-0.37559634085821925,2.0535619403683127,0.0558999142456343,0.35027470376744624,1
-0.9767434079517124,-0.026875318143554778,0.6918571844254566,0.0798101203712773,0.4937779182944696,0.49917186542131303,0.08597336400590015,0
-0.04210143516891938,-0.5817723571577533,-1.2765866364755334,-1.2450641281271282,-0.517215784117246,1.9341352915820618,-1.1523233055673896,0
-0.374380421582391,-0.7609321286871201,1.909799961242402,-1.3669454471538882,-0.49209662100989127,0.9644494730613146,0.5276076595005282,1
0.07877502295099306,-0.64121014110438,0.949271833272244,1.6067223038090381,0.24852324852872806,0.5471403629837214,1.2692068818654554,1
0.5578546108623694,-0.5863795747915844,-0.0572254371290696,1.061447444834254,-0.7834708229697348,-1.1710855315630244,-0.5199011737367473,1
-2.176097462381538,-1.1964720307147858,0.9707868508244575,-0.3632570547076681,0.9501106127347833,0.4173998810670227,2.4026004916485206,0
0.8213083855238886,-0.8533173570757321,1.0587310565947952,-1.1452277101783341,-0.9481088557596437,1.563128883169539,-0.5677999125340377,1
0.9091524838017944,-0.6812859653024153,0.534248450454814,-1.9302531731444423,-0.6767226658023997,1.424419442148125,-1.9456078179230802,1
0.18095179768103653,-0.4200925023064187,0.3316494198625532,-0.7018693542578898,-0.12400136576920258,0.8551571371612786,-1.6392240999805576,1
1.779615629314703,0.15534538868142692,-0.5833944218480561,-0.10141385001936758,-0.5432763659949272,0.1191013355225741,0.3580979276142703,1
1.9643689623626281,1.232166958665425,0.03735263481796642,3.7905872606917423,-2.4444695044132674,-3.3950650910108338,1.6286722652403138,0
-0.041481941222796505,0.6868633904687828,0.4023402718257574,-1.102924855952809,0.9278628868742373,-1.6016390921963581,1.2112301007865087,0
2.5107558889918002,0.6875393415703682,-0.6843380881581134,2.7258106370336077,1.5602918765240423,-1.2769632692349195,1.1559840227745675,1
0.32320136636408137,-1.923254422730311,1.0553904177545457,-0.012597317638784336,-0.9650659874954842,-0.0021212760214021765,-1.39057679596932,0
0.0711234683459441,0.4494682478779435,-1.3134990917018337,-0.29597826546777783,0.3817725694348751,1.3868981481604632,-0.24719944570170996,0
-2.1956321323549823,-1.2008634062668722,0.7895605126131415,0.10696980479340715,1.2038616454743756,1.9510836757204302,1.4945728700197967,0
-0.17093603811310829,0.526225430050591,0.22671149159545315,-0.9283870759071496,0.3659104606992019,0.4521344346364645,-0.8516460911175217,1
-0.3769005497297966,-0.010503445725828451,0.1859645819991232,-0.26928323273485183,0.5054260457752036,0.18982253998239265,0.7925583568807365,0
0.7922134739018948,-0.7046620627589555,0.10891370095236093,1.2020480951662584,0.5614450304330934,0.6020046554665259,-0.8467427702447242,1
0.9782830106438927,-1.460847152534633,-1.1018410981360514,1.5112526769747519,-0.15237206834794984,-0.5020784682130676,-0.18248046534252532,1
1.6134259951292387,0.048150001509711514,-1.0023203842581039,-0.9809434759837151,1.2399538062407887,-0.9579475561097858,1.0646245221262556,0
-0.5764226941046839,0.4571404370595631,0.4227049568272859,0.9441130314644935,1.0145761742043002,-0.4039860252767491,-0.4807318357184322,1
-0.5641471141605942,0.7305275602402856,0.7108441366934084,-1.9661040197829895,-0.7841238987128853,0.39849133003748205,-2.218583628953739,1
-1.2792744892449683,0.8448446671021962,0.9738328250128357,-0.4032987820756594,0.7008503808464549,-0.7325181008426549,1.261014948524573,0
-0.6015514315950504,-0.048454904984131894,-0.3296434308813989,-0.08231305075890125,1.1183090926718058,0.9190063731696719,0.1289636838825806,0
1.2641156891778036,0.0051288165753272975,-0.29541524994785356,0.018274661311626837,0.9592008019476057,-0.707988732899937,1.1113444491162814,1
-0.11579291702194933,0.7678997904615862,0.16910064991701582,-2.5397800974072378,0.11999186705619043,-0.5211028789553248,0.6338153109110367,1
-1.1119328673133644,-0.7125215417842481,-1.0119926988241286,-0.2294470365674945,0.864630742890199,2.2745410302566684,-0.6626646350894609,0
0.968100612525393,-0.26779620068975446,0.38292220408185135,-1.3841948627691751,-1.440832395782724,2.280284601014228,-0.08820114514709645,1
1.3811546317061858,-2.35091168598746,1.7031814477366864,-0.010469553582233468,-0.4303548033178512,1.3997616718032861,-0.7249509265759478,1
-0.7501136453278997,0.46407673392248394,0.33737537487790265,-0.28070179201665746,-0.12217095738886632,1.6270698953053468,1.1241686478779356,0
0.6138956692892263,-1.17597180289494,-0.7062866597306147,0.12616555215921924,0.44182270654161493,0.791918391341422,-0.061898620924786985,0
-0.5188447996675343,0.5661773599146137,0.5064130979018034,0.5449252575310972,0.19111680880183352,0.0022586019928602066,0.22168437088111967,1
0.048950296264190465,-0.4754595167550443,-0.8952699204125448,-0.8044153812460907,0.5463662546768288,0.22899297064950852,0.6416366415358279,0
-0.767714095912758,0.7156309617200353,-0.8187188018736636,-0.005278255143019788,0.2573586803906049,-1.3316717678913612,-0.6513717875031387,1
-0.0332900545856903,-0.5599353312349581,0.9925119288300841,-0.3092753148405404,-2.106948682846653,-0.7745114127755985,-0.6810140501947345,0
-0.4955144876288927,-0.7253852672857528,0.720019541961747,-0.06316249861996479,-1.5801754540284012,-0.5291472178610306,-1.0607745680387668,0
1.2390846703325835,-0.3299033541419457,-0.6475805273722582,0.11212844707097666,-1.4616224229534538,-0.09435552019202594,-0.4625274914770223,0
-1.8306021927804543,-0.11834856397050494,1.3805241664746932,-0.8450382829557889,-1.1635221731578238,0.20187318927762557,-0.4778288840496428,0
-2.376722487412281,0.11233619261488555,1.7509571095520813,0.2904641748492319,0.6063912021435746,0.2215090050517969,1.3653866381513686,0
1.0262446240679723,1.8041946467919636,-0.48695185662355056,-0.9981822753709877,0.00425615914369036,-0.14314619363203496,1.5757024544373073,1
-0.9880840357872938,-0.8425188145918092,1.5747454013256874,1.0870632926624324,1.0717376562944994,-0.23454836934754775,-0.11351508324094006,1
0.23549678872093013,-1.476297927104616,0.4106115968271721,-0.05446462642860389,0.12528493165420024,-1.2690690846662567,-0.2173915815421725,1
-0.5265440113082154,3.8377826990993498,0.043171973100442455,1.9234718601055876,-1.0657618132725557,-2.3316856221548927,0.40514781609087935,1
-0.4465442021950514,0.2947720952467048,0.33890201334968106,-0.7523830989871728,1.4431907977363363,0.209837815186023,-0.5769774921528481,0
0.529191351321111,0.5727499732226816,-2.070293438178294,0.24142967634543025,-1.207531401533915,1.4324613576523948,0.43338016685076985,0
-0.982218867577416,-0.38350614237221636,1.3147295251983935,0.2615229810329448,-0.10980214588583798,0.3949871267679586,-0.006280579295288392,1
-0.41901432354092727,0.1358622564464753,-2.0319212730956036,-0.17038014557481115,-0.9762218757224644,0.9453367311237303,-1.2627770648300483,0
0.005561171451023247,-0.21914131000799453,-1.438455539333703,-0.18823156888151762,-1.151824520854191,0.3132189351462698,-1.4971462665695627,0
1.3590282592636875,-1.4320926179283193,-0.8749830926610845,-0.2561468692665643,-0.10060942437445858,0.3242995400017109,0.5358697923198675,1
-0.36618440200233626,0.4325522019976711,-0.03909714247503719,0.7788214180056442,-0.7514581920320978,0.881257882763571,-0.431230072075935,0
-1.0036481725883362,-1.0902329362109748,1.1594052859058603,0.06048460928822794,-1.628761917153994,0.11411353954995852,-0.6287847034620524,0
0.6950140219460141,0.12807209930296293,-0.013488511600925703,-1.0987235891941722,0.1101362649831268,-0.3192808546168508,1.3146607931746705,1
0.7795593461471728,0.2992087056713505,-0.5366901911994876,0.28244673687851973,0.1244733878092837,0.2045477336241283,-0.4055396226499163,0
0.5700730246079669,-0.21026239881741915,0.09469526855672282,0.11212530268335583,-1.2471504426570612,-0.48053991637435695,-0.46671910070033845,0
-2.490845940763421,-0.47075933481739496,0.6272186671138558,-0.10008285967467677,1.5911828156001055,1.2236979354515578,1.2985426042273642,0
-1.1899558133169341,0.827228203463636,-0.4286437107719341,0.2587760519895113,-0.55504207524424,-1.4843777519421868,-0.038139725352595556,1
0.06804499970957545,-0.5448970586399163,-0.7560145797545167,-2.2151039219203277,1.081741385701008,-0.4481766288370512,-0.5221642097221958,1
0.16958196667422532,1.5712148930808478,-0.2279607321346721,-0.17889681209551866,0.2546993802363861,-1.4863207368478313,1.1582440473329818,0
0.16749880051239976,-0.7958990548322386,0.7660350316735113,-0.09980794740439736,-0.5531230248525435,1.015870865849286,0.33634850378557035,1
1.4957717834988775,1.1126036824626373,-0.34702673736374207,-1.378943198786926,0.519136679540649,0.013635138143522572,1.3677573479403247,1
-0.08290289542179118,0.12219683472789933,0.25778025503294083,1.8152673579288285,0.6512854765600994,0.272126588709876,0.4150224242230442,1
0.1596594029976317,1.3795537608293662,-0.030206880512254293,-0.9912763014537362,0.37050719993752695,-0.9081032199450005,1.308271666057083,1
-1.4999952222470605,1.9050042634144206,0.6542524278021848,-3.2128987541546308,-1.315704565985338,0.34005372653634813,-1.9784216109991057,1
1.4160760399329062,-1.4856070069908547,-1.0243093190449863,2.4227397434537723,-0.32608410875053767,-0.5461856983356798,0.07249274193514255,1
-1.5117121776439477,0.007351593885123589,0.25452686137484154,-0.03184813169859259,1.0430108533643485,1.3120143855304023,0.7118282015467394,0
0.47321529628045483,0.7544069116548162,0.505182248058182,-1.669019624022348,-0.8531587843130461,-0.4126188730584297,0.5784177812986809,1
0.8099122613763028,-1.7155168318822134,-2.074337477037444,3.338791296935717,0.5961392575465213,-0.8214184855805883,-0.3180777419049947,1
0.256558177218556,0.5500953283677115,-0.2011840127691967,-0.2997709129259546,-0.06374156969960264,1.1013460951198493,-0.1318197331728686,1
0.8546180133600723,1.1976185870002478,-1.8702842822939667,0.7942805039771832,-1.2542310034120248,0.23647245751544468,-0.41667323101820314,0
-0.04352176813866036,0.08457044737695259,1.4563442630971686,0.9387835588551158,0.06525225987495122,0.050261139197009155,-0.08776475889056991,1
0.53710165217437,0.13228982297296793,0.4033513843055626,-1.2493812433336693,0.36478746724528804,-0.9759863247327475,0.6124856301443726,1
-1.2254409554840031,0.24115786763836738,-0.37013364479561206,0.141681743117727,-0.3979290781075931,0.528839360774565,-0.5664831311045906,0
-1.576177177402779,0.9312766857910004,0.10345393514934922,-0.6649380961753621,-1.8521334891373484,-1.4044477329806806,-0.821033644093288,1
0.23802353009921925,0.6265292775504918,-0.04557308637783202,0.39903568878028334,0.9421372530428944,-1.606314501428563,0.6397925555827555,1
-0.3681014374339428,-0.7950705260303265,-0.2078762319621986,0.30641234636881237,-2.772014065786461,0.33680847248527984,-0.4268197885975746,0
1.219809612880546,1.1492420291250232,-1.0568049595595514,-1.7973060984053075,0.5895746781104519,0.5180597825985661,1.347143162897125,1
2.6060433700029546,0.6315913984129551,-0.7635130288884946,-0.6132989322126537,0.5724382512641184,0.32821464770792297,0.7601818881399564,1
-0.3324223565926593,0.12619728389622034,0.22383295484593982,-0.17144746134278677,-0.9709007145949011,-0.02214997621819505,-0.3343112595488004,0
-1.3061204256291001,0.9793360775430227,1.4265786878340658,0.3567281400667125,1.402828533094992,-1.3038950959015994,-1.3332115900732386,1
-0.16140394486070905,0.48237757583765095,0.5957189592178871,-0.5166060466568724,-0.8925327493801153,0.750182572345639,-0.37500938952718577,1
1.5428065592722402,1.4802148104024426,0.13042309707780833,1.2521181819112668,-0.4044845030108703,-1.001674713884548,1.0857072033059283,1
-1.372688228642046,0.5617571261585573,-0.4414442872622124,-0.13528797438678067,-0.9943392662665588,0.2979084284458614,-0.5221979184599082,0
1.4414107640308607,-1.5750248657043233,-1.0418325327587796,-0.20717204499664288,0.23516448927822198,-0.07287982369441041,-0.9821202533991149,1
0.5583229811256948,0.25321065175731783,-0.4218519872255541,0.8041763322622733,0.4925436407371898,-1.1256672449976404,0.911434179296875,1
0.5097388827893257,-0.550753555017024,-1.7870558843806938,-0.37155805486537635,0.6744125092045017,1.2944342921715102,0.041892793304835085,0
-0.020548954881819768,-0.15178748455666505,0.955063578503535,0.47508253091919234,0.274145866021953,-0.08047752326089821,-0.9531407753184954,1
0.060135075860082654,0.3108229170231633,-0.3405655818363737,0.696473860219312,-1.7886125881687271,0.07899077232676424,0.5032011677551114,0
0.49425978696800393,0.26125914902139696,-1.6954951942518806,1.062424606048819,0.02115730505434156,1.8861575970431717,-0.8325166784890534,0
0.20789654194834306,0.7451644517841509,0.3620320241089484,0.028725259492148807,-1.8257561012153694,-0.5219752287911599,-0.6541788257186045,0
0.3635798628543125,-0.6846152245731769,-1.4406835390076362,-0.2650956866812188,-0.6322879254523344,1.4294056218085345,-1.1437937662752962,0
-0.9753068236132555,0.028355356027629213,0.7433318728009611,0.49537498894586784,-0.19695286471314033,0.36828201109262,0.4421313159822965,0
-1.054715942494627,0.4299200167150255,0.47004957322207697,-1.12760090675722,0.35573522174610744,0.2595115594660623,-1.0036195837349127,1
-0.8221666834340083,-0.7989566638414469,-0.8391342986390578,0.2900475392133323,-0.4904619134182454,1.66481241069065,0.04441353643673911,0
0.5081011382225191,0.7196505799640807,-0.9637468749468976,-0.8531048965261923,0.8851166124316062,-0.23194250333357178,-0.36762694749219893,0
-0.8001822116583505,1.4193545260559757,-0.6237125277949988,1.0706238169913056,-0.5424989692974466,0.07927697480944139,0.9220164348607671,0
0.7108257416108953,-0.4199055540205953,-2.1450098575681906,-1.0253323805288355,0.7565603485969526,1.21950476230108,-0.2674174425124326,0
1.8098340883959587,-2.2185015242715456,-1.2178724400251744,0.3731302280282771,1.6597254282582405,-0.19803916205386451,0.2893643775186528,1
1.159768597756055,-1.8193297210924821,-1.2156647764922934,0.22778258293833833,0.24884831075188946,0.025409339373568308,0.08663281011843446,1
1.2111394489268528,-0.2900312776307986,-1.050150862324827,1.4230062145153135,-0.8246005258510873,-0.6035019311002704,-1.354347823270729,1
-1.452013279338734,1.3621101560592332,-0.7933098349298807,-0.2911598278284604,0.791585529297773,1.5254739996444795,0.4113098153425728,0
1.376386724080786,-0.033029263951625275,0.15108156691842392,-0.021602235860408298,1.1628120675966236,-0.9057734867353161,1.7024013793520372,1
0.010503602578848073,-0.09679654278408358,-0.7081059065236818,-0.3623245157173388,0.9049034278632699,-0.3119298731062551,1.349322541126711,0
-0.24170180939177466,-1.17217514200082,-0.3697816300521976,-0.26752876778245527,-0.32083465974620246,-1.0045435880343303,-1.1515548607751378,1
-0.5840673321004723,1.6636454606201927,-0.27236814866569764,-0.8217079174480982,-1.4203633923259027,0.2210072313295255,0.9448444482331229,0
-1.3775617615483633,-1.6364960871455565,-1.4055619375529287,-0.33581956877060465,-1.3364374736694715,1.5902410828102733,-2.5217475019026883,0
2.3531163503708417,-1.4561770813878752,-0.987399031928762,1.162375180519812,0.5186844445998615,-0.10681264853580909,-0.10624082220715136,1
1.4641414735104523,-0.22042651289422605,-0.08965693630399467,-1.7229038044885174,0.8934070461426866,-0.07533436661225328,0.8011872865374232,1
0.28119852303921977,0.5950679057289239,-0.002753263685115066,2.8208559839206573,-0.5694593521684144,-1.9904765064338548,0.5619111846262704,1
-0.5522834348506233,-0.15706234912783998,0.17956883807973595,-0.8406327443194843,2.0332558692197695,0.017290953098256154,-0.270319912106408,0
1.7435275234068075,-0.03239655394889996,-0.6452820226542711,0.5096619075059213,-0.28258449358901294,0.10158584610920247,1.646960816622748,1
-2.1288471276556553,0.19121399945026593,1.5579041831456468,0.42928764751599113,-0.7407624529377613,-0.3795244394934538,1.0816100371366504,0
1.7982573752670734,-0.07750439321386848,-0.6861737732331341,2.3310080865123246,0.24929649238100132,0.7894155286901723,0.4093270041849643,1
-0.041904448090291264,-0.8431568465279003,0.4734591058333188,-0.23916581202569057,-1.1817176372939049,0.9733776989646993,-0.23221958612769916,0
0.3244760871118995,1.0858850430688376,-0.27893378711234657,1.0100377199659076,-0.27326976030124306,-1.3355237348680193,0.09485847542383923,1
-1.34852275874942,-0.20676934850837675,-1.8501971957397652,-0.38448087578641943,-0.2500419767532907,1.2641638488865785,-1.9773708959976741,0
1.806976290716085,-2.3710104547036046,-0.9534913449518013,0.8224245848412411,0.9224969249383274,-0.3478401705815913,0.15814876189423074,1
0.5336538060045721,1.024632455492064,-1.1729225431909516,0.20437821029118217,0.10643104912123373,0.28866674999619574,-1.4366410068829099,1
-0.03380299588429092,1.6252431612354996,-0.5798636836932749,-0.3213281459959919,-0.8325146232780883,-0.5894076235867375,0.40514624851820463,1
-0.625425869723041,0.008874312478247123,1.1121464780434211,0.9845669415821977,-0.8476312401518928,0.5235938078137846,1.2426201235834695,0
2.175421367989622,-0.8192123568469307,-1.1634167254676884,1.8928150215530661,-0.06618373515707378,1.774879960863882,-0.017630840712122748,1
-0.306538557317135,-0.8259022275267036,-1.424499303510536,-1.1365839468258103,1.687048571039538,1.0900067154796467,1.1852637841666382,0
-0.6980442834590281,0.7970270158841403,0.18996406204955374,0.25352136335153624,-0.23528546556229865,-0.18668135645451597,0.052647896627408965,0
0.12217749797924118,-0.9483064339338867,1.4519873967063002,-0.19898492269940213,-0.07608515685350797,0.7692021032119695,-0.8135823184497398,1
-1.386486295478017,0.14695297450835057,-0.3361811162129658,-0.7535928002096399,0.46310255251477417,2.1664338086058295,0.02151084507772226,0
0.6091243435659692,0.5149116584780795,-0.4208872637505002,0.932083731902529,-0.7918763490902401,-0.8143320954449496,0.18852608012750932,1
-2.6846276179733146,-0.5525616305195141,-0.8550481591166266,-2.1707592454819555,0.04283436791528601,2.803361266414302,-1.9770091218395103,0
0.28323707221517264,1.4904845414095835,0.11937557177082558,0.36169074132169865,-1.723790632341066,-1.0332513273350883,-0.19757078119709273,1
-0.4443596872908742,0.9167111448701454,-0.3705682820982685,0.09486719225189141,0.8508733554174682,0.1498100778690546,0.9206307655566096,0
-1.4743453339661117,1.0301251240732527,-0.4886079759271482,-0.17944294347727163,0.5467424664163862,1.1084194326009127,0.27839529649684375,0
-0.5348881207872986,-1.4990303409978334,0.04916274764300445,-0.33179219904820334,-0.4311059619554688,0.22902855298923575,-2.3048373648003,0
-1.869279587706701,-0.010964807332590731,1.8076683885034772,0.49698008693399665,-0.33049314050842565,-0.446466866580535,0.9803999553061991,0
1.721256681241334,-1.6742103791234395,-0.08496121012222291,2.2215588451419737,0.5041595397707257,1.22276068934707,1.0081156778168374,1
0.2550180708833503,1.0324933850454816,0.1598525107112285,-0.1255572955826999,-0.2950369301029658,-1.484350385589454,0.3556601316874458,0
1.4144637070908668,0.3430255499283108,-0.3908664109110156,0.47592497023322944,0.3692313469687621,-0.48722141123403256,1.1071537978803785,1
-1.6490166072469088,0.511099325261356,1.1306987049244155,-0.7322098397633894,1.9175166505809502,0.14999604232315558,-0.9201769977232248,0
1.0546451735998175,-0.6433013686885102,-0.08661635277181624,-1.904571819854026,1.6447272225991139,-0.5648783399269666,0.5274884756275658,1
1.3684226479742663,0.9052063256931965,0.2115236590150012,-0.49484580245751286,0.8552301912808045,-0.907151040822728,1.5093895247534568,1
-1.755824457599719,-1.7092628114975053,0.7532426305396157,-1.558526261375209,0.9121844593600291,1.9102368535093293,-2.33940017317747,0
-0.8747186283993219,-0.35807708804561295,-0.19548933849807892,-1.0143118813346634,-0.7083641984718766,1.6057051850457578,-0.5877322584496669,0
1.1569336234246765,-1.295013057566202,1.11490187448545,0.7607455130751766,0.3540483744070302,0.47958911749769173,-1.4097335162162388,1
-0.39388475580680976,0.19920634385458627,0.7039090067538425,0.4489713950032023,0.10349351803625075,0.6044190957048291,0.23609332257268262,1
0.972084620188356,0.9021879633668279,-0.5432347965573694,-0.671210374072367,-1.0273662883453927,1.1655679172300544,-1.7046969657141824,1
-0.759566389208682,-0.42229297595108584,1.87582280305292,-0.8852559292611218,0.16540207889476974,0.3840116339492205,-1.0474753682117566,1
-1.1970168150198177,1.1350535025058741,-0.03712287297842007,-1.311327930138633,-0.14604350486441367,0.42130382234966923,-0.6619587500512036,1
-1.4671868950654912,0.7310166248736476,0.7087549037910282,-1.4837460330194765,0.09672589478897921,0.2485864081045792,-1.3196705740300259,1
0.040502411537906305,-0.733611979694736,-0.17499206086787475,-0.3795334811947756,-0.8894617336202991,0.4694082186955275,-1.073633886685352,0
1.3543161419296834,-0.9247304439607741,0.62853942475806,0.6914527129184791,-0.29216073004904886,1.041499491457201,-0.7071735849597769,1
1.0310028256739747,-0.21474315887231632,0.9924549552860502,0.5485588083831658,0.9785419613497258,-1.9021552788988665,0.9928332231527439,1
-0.30111347625563545,0.5424385835953224,0.29298026284803746,0.8952218050013572,-0.5393796164815456,-0.10650073442002368,0.2727759504241147,0
-0.7759702408053528,-0.15437546463566137,-0.7538659404300108,-0.9756496934566756,-0.5065429801007992,-0.7437631924035696,-0.5840278770741592,1
0.32853362043040807,-0.15682718248974098,-0.14838055262343383,0.6461397660714282,-0.8505047538213054,0.07764256044040531,-0.14942800162401015,0
-0.22510758708035467,0.8100439216514647,-0.756151196960057,0.1550863060305911,-1.2621723924230417,-0.6199902509062585,-0.3388455865176198,1
0.4592911582363278,0.515736763584034,-0.15312611700574416,0.34010123908060597,-1.4552252236984675,-0.5793736614334232,0.02727802221258674,1
-0.4288332529551077,0.3612368431181544,-0.031000293929875772,0.17530392235798606,-1.3463144361489072,-0.27030550763875993,-0.1235590522661699,0
1.7910698418057267,-0.09352829061571677,-0.6644813647160407,0.9251869452701417,0.18431409564592935,-0.4282407353667426,0.43363849732896625,1
-1.501757721641837,-1.0144358519229317,1.8869602866415471,0.7588104403989113,1.3049946786706323,-0.46077400347071246,0.24045599914858254,1
-0.3293287033724695,0.6280046663412845,0.7337111354565292,0.40936999878326324,0.822200938119571,-0.4122620121274147,0.21309134181459397,0
-2.3410856059288405,0.5035682612891719,2.0230015254210847,-1.2392683475373338,0.6229100770195037,-0.3125025506575953,-0.909191652246135,1
1.3867988193152003,1.0107578904716505,-1.4320223173471276,2.262598938385655,-0.8928926360891577,-0.08531322265464195,1.1805223005964935,1
-0.05901424811584536,0.4051024901846977,-1.3205622931244023,-0.5698772525602012,-2.364912457010677,0.5294817904658478,-0.4192054050588009,0
0.5600652314497699,0.7124437692843708,-1.0231445921802214,0.5003600976590257,0.5297311521987829,1.3504797882814714,0.7467477286957485,0
-0.5567013096219892,1.3604155683036998,0.7527912690673619,-0.8752701538153678,-0.5433840531095793,-0.1881906367860797,-0.24351073294270104,1
1.0139303338784564,-0.9059120438696717,-1.4949203754095757,2.2497516775552615,0.005106465939780513,-0.5831427425332352,-0.3092309594639154,1
-1.2101530198922428,0.857018154143516,0.10604735125827325,1.450102488070676,-1.3805895632895284,1.2833311005532249,-0.5120224098467663,0
0.15992841659356086,-0.15773127799985456,1.1612454220712032,0.23046713451528839,-2.9707364959901836,-1.0959510154309209,0.35387267411949025,0
-0.9862067267359179,-0.015099731010795538,-0.44593678596281094,-1.339506681225853,-0.10732222863579154,2.1380767701128676,-0.36019573721424575,0
-0.9567970634419757,1.459218525691834,-2.203636273634126,0.5318307018748253,-1.7697569140321867,0.6651737910405148,0.2772355406282229,0
-0.12095807435117711,-0.5500827035552132,-0.22814180255079278,0.17310462348306116,0.8429130131802657,-1.56425283495897,-0.4290142993309606,1
-0.396873314788783,0.8292875606407505,0.546980735341047,0.533194221522367,-0.06869091081329239,-2.0403400671120338,0.14495160455431624,1
0.421725646627892,-0.47493912995560256,-1.6100518568364177,-0.24905202897545534,0.030813690508111388,1.276466351096216,-0.7342645413554695,0
1.132271585788982,0.2325569914058918,-0.6532236244217835,-0.9506534809906811,1.2123206701026297,-0.6595999941640291,0.8361126094865815,0
-0.6764042088010497,0.20612051001677348,0.27241770444852154,-1.0149274850103627,1.2423995401029853,-1.1292273833382107,1.7937151957089466,0
-0.35140889755311067,0.6787843790383626,-0.043049918271639155,0.3286756426992155,-0.19310911297727779,0.1123312016747851,0.18624226989348489,0
1.3773249851544827,1.3248883923735622,-0.9819420405236758,-0.5887693755197229,-0.060308219216288025,-0.10167418506036098,-0.17092317151669756,1
-1.4810925265064618,-0.22379398543239637,0.9836101813956064,0.5296630022424963,-0.20052953480509556,0.10075007187161839,0.7374830708177734,0
0.883709606617892,1.7892824146631623,-0.3653857531333485,1.1087623353335618,-1.5730145732862004,-0.7714977698623804,-0.36429337787407323,1
0.02150619171068363,-0.0832557303606491,1.1118419340417882,0.39817775273813494,0.7224974361340336,-0.16410179873581673,-1.0374059426026376,1
-0.36852057789800247,0.17023172610452822,0.675132821145643,-1.8567127742619207,-0.1389168197603436,-1.1039490984685414,0.5029565282964381,1
-1.4638317208075995,1.6024213540975882,1.7453312486943477,-1.6806767063433516,0.19984504304986386,-1.0248522329717258,-1.924835837042188,1
-0.5926595518309343,1.5564511362116578,-0.9361341644791853,-0.09772355979022333,-0.46589414310828964,0.9096715225896075,0.9962466465440547,0
-1.1720580044056252,1.973113975743678,-0.20605596524564607,-0.7567872029788083,0.6369045431566311,-0.6794458921175316,-2.447813386542815,1
-0.5648220997192286,-1.1406302021506056,2.0341030165280447,0.5583259883106347,0.09095139058064003,-0.03859352951044696,-1.0630860399815918,1
0.48716230988966513,1.7301658049930029,0.8819430277251141,-1.8580811109801625,0.8903099643373676,-1.31941846611858,0.9753381991474063,1
0.11806097871414512,0.2707144106718524,1.218143413985114,0.14110032218533178,-0.3251466657067749,0.3806620829522249,-0.2905197043121801,1
-0.6002075990598793,-0.22004739991622738,1.9118268016133406,-0.47792789880237,-0.5180863952434136,0.5338580800536388,1.5541785909018266,1
-1.6838098963308876,-0.45454582597756965,-1.4676028637657823,0.02924667550257293,-0.19841099165235782,1.7408517837376338,-1.4777142820778222,0
0.5540659449333432,1.5820818164453094,0.06796924453960404,0.8368940168578239,-0.22684187832962668,-1.3926584547050298,0.7389962979709656,1
0.18732763942309333,-0.13214388756983902,-0.14924038211913573,0.5992736877293945,-0.06431390486253992,0.43175623653089296,-0.7408826374191654,1
-0.8733416837591356,1.5341369246253884,1.1897038680313419,1.5251783145196018,-1.2310512884348355,-2.550482093799413,0.7709761679809509,1
-1.2707243033457656,0.9501231473258973,0.6583734554311014,-1.7497240796342686,-0.4298449644939457,0.4964849917599549,-1.1197417758523769,1
1.6672390244803865,-2.012920191873743,-0.7416078231233021,0.6121025632997117,0.07848281330081308,-0.16346721802730477,-0.6079281172662482,1
-0.15083695799449925,-0.05012276380857778,-0.902239097767575,-0.06154577951113208,0.3358457076162387,0.7108827305482238,0.12602512361781443,0
0.8054626075894158,-2.3878541945979608,1.66940557814353,2.2781129727446743,0.6191538004557505,0.6500125862458276,1.6552429112263258,1
-0.2782672401856897,0.5550666379272066,0.5692792730530729,0.3175929948120019,-0.0877363811031546,-1.0001001873500721,0.1048553703411917,0
0.7333358777790114,-0.601405498852748,-0.2503060477616673,0.706315388664685,0.05182684480463707,1.3644208373917153,0.5352610517558701,1
-0.6846378170142181,-2.136972549779435,0.9521614341311232,-1.764897682719664,-0.9224127039139145,0.7168664122187778,-2.655054529664565,0
-0.7398394217283871,0.10412793432049747,0.49243924830911,-0.5756802911834341,0.6920160555932815,0.6259530711929082,-0.5249664390399341,0
-1.2533067006318082,1.0717867314313656,-0.5430101645910489,0.27003616820180176,1.311394197312126,-0.1683835783347892,-0.802574478044059,1
-0.7354874777098266,0.014212692447760855,1.8681782735748405,0.6772255947384095,0.3622737504495249,-0.09542924599217223,0.7283359320666969,0
-0.4290727438142879,0.30858862478045607,0.320103708808189,-0.07587279827831929,0.5868381358520588,0.13681451538836595,-0.3984072684196333,0
-0.31975797924385807,-0.23863563497503382,-0.41135423467469,-0.3528038388173248,0.49670026056248606,0.46547175753136266,0.7859301021687215,0
-1.8291216713161014,-0.48841112939972,1.4640818575026202,-0.8406158272005007,0.8450948785451357,-0.15225881835377006,-1.0869608226417586,1
-1.485138082906157,0.9084850849802713,1.6435350808842977,-0.4572807478654697,-0.07171476605441346,-0.9359629378425203,-0.9049036858900202,1
0.27694435823704805,0.13909360288333253,-2.2375468385466992,0.10716419380091687,-1.798595682998004,1.1822224600769051,-0.4998640450444452,0
-1.0494879566000934,1.7415913452836602,-0.41281548523367934,1.1652865748619983,1.1297310360712438,-0.5463598114339142,0.1711270752811821,1
0.8111503532318967,-0.5261474515466845,-0.4639149880585859,1.5711227451976026,-0.12879291254657294,-1.1309923594597997,-0.041784277783355625,1
-0.004824027541024214,0.0066043127663943674,1.3674295723143097,1.3373355329078265,0.8329851181164903,-0.18486388112554925,0.23238994232009252,1
1.2386595395815367,0.6452050382131731,0.23674392053968285,-0.7933676872325995,1.6768272751138815,-1.0636864285585685,1.511233743905175,1
-0.5181062398907156,0.7271694102957035,0.027881003590643005,0.2892580841135481,0.7947362749896324,-0.1488178182258559,-0.6122425474913846,1
0.3469111990083916,0.8822546185477879,-2.366960864347386,1.2583256207110443,-2.0930092362938133,0.9789972681702035,0.9067708795396697,0
0.6987363461776863,0.903453179186873,-0.5989172910516795,-1.147791326839916,1.1868119975758566,-0.6234691762264436,0.46740983034661127,1
-0.37910288458899655,0.965825616936677,-0.22653198004674255,-0.3016113496550287,-0.4195928244028272,0.027826419588474257,-0.5946234434963148,0
0.10489623590982262,1.7466883269014772,1.237486764607016,-0.3498086235964301,1.015073497324606,-2.281493162213422,1.8759296304804811,1
0.5362887234441078,-0.2148307500403123,0.5126039160128802,0.00802081114201997,-0.014912245266624468,0.40545301235130926,-0.1564139681725008,1
0.6218859137388748,0.7691481144663768,0.34844265939952135,-0.6006052888287975,0.5387701811762134,-1.016580063391735,1.054175170843874,1
0.24201749912069517,-0.9572112747976934,-0.521263581653265,0.21120751517237588,-0.8663861460303186,1.3535561078346003,-0.6202417295933801,0
0.7669383007340109,0.5064827207186561,-0.4776623620959918,-0.051783067436336615,-0.7655732463608954,-0.2904645972881576,-0.8175176748093237,0
0.945463977495264,-0.1295595366210459,0.39386057594114793,-0.12302572502025004,-0.4656519606706345,-0.8108303993263724,0.6814274076446633,1
-0.8157234175447261,0.4522382364545598,-0.32713672372212615,-0.02103092300816418,-1.0087221347039728,-0.43588360365799056,-0.80857898909479,0
0.8416260646447769,0.8521020920344897,-0.025450874792039658,0.8473260965052679,-1.2888545413006753,-0.2282087943995567,1.3266743961719076,0
0.4257013215677253,-0.7898427321270995,0.06177945562404438,0.629935746022382,0.9983199407558995,-1.262079376138905,1.5461213152296107,1
0.4363568881318314,0.5440307701845527,-0.5884207423195958,1.419855248767159,0.04779715779563351,0.16434089049761902,-0.7972871701243444,1
0.24465435745081066,0.010780892764991433,-0.26271306256477156,-0.8701674705194874,1.993534842977278,-1.2644806490338132,0.9041473056311758,1
0.2429142359970326,-0.31797782186442386,-0.28914352666384824,0.8265318442451349,-0.5619607373083714,-0.9600434606866237,-1.3260122653651214,0
1.4731778773027953,-1.7834803593251527,-0.36706408204351154,1.9858669542599903,0.22184675315570596,-0.8136729158516004,1.145738358766506,1
-1.3080683127096233,1.589412940444986,-0.047614734183373454,-0.5487147869506876,0.9245220209070423,-0.9293274737407813,-1.3229000088520793,1
0.0685032060140262,0.14429469283228014,-1.0002431462740482,-0.7119468543127954,-0.1483194773971873,-0.5808516045119044,1.6496266325145816,0
-0.38106975709878876,1.4156215497780689,-1.0066144738433287,0.5823023073913122,-0.4837926726868935,0.38914293070701694,0.7717915442021037,0
1.4966977553985632,-2.0888777271764165,0.19266346005621432,-0.1207929218827588,-1.840377093674479,0.1274177445811659,-1.4335989977239947,0
0.7797893408976402,0.7342882376715316,0.18553988792022436,0.07850453670707047,-0.20542594551781085,-0.8153749288779472,1.208859944648863,1
1.167364891023746,-0.8808078016916217,-0.010894013239858724,-1.986298631907387,0.23290234220824216,0.07272682745409385,0.625394887854761,1
-1.5127534855434412,-1.9336971399875997,-0.9714685523646215,-0.1917390513132243,-0.8640513976708926,1.7327593806145434,-2.55173681058475,0
-0.03906318792603665,0.2840356969343612,0.2863532044030483,0.09499091164650587,0.3708412702005387,0.45466224664024757,-0.08852049861768733,1
-0.3651504681294151,-1.2447287286349114,-0.9597421149895345,-1.6728587160527086,0.28745013551281845,2.211495560169822,-2.1913932153571225,0
-0.7869300723840182,-1.2291249061761915,0.1649428334419331,-0.01476748959220511,0.21073079829214883,0.7808390715341998,1.159203751634091,0
1.7849085308715698,-2.1955045635209713,-0.6487713055553839,-1.2496546710709897,2.337054465779848,-0.09555334836370201,0.9064359095943987,1
0.33458645923526403,0.1519818955731921,-0.8861429857200712,0.04283839932248213,0.038159911874403755,-0.14541995443012634,0.9590549159298487,0
-1.1834149044965578,-0.054598889416749494,-0.642851455873866,0.2873796973626195,-0.16155208019294934,1.6828683138233018,0.11612180288219513,0
-1.1266285101462437,-1.001895443083601,0.2148757302703199,0.8375989925534779,-0.21001236695709158,0.5619757555113989,1.8836373687313333,0
-1.14058329410593,1.9132735350554058,-0.49014628634148066,-1.0391955244387563,-0.5295599751079115,0.931285202540013,0.9297190087014919,0
-1.2383064993271442,-1.1770361265016722,-0.3205542385090165,0.5568099002960165,0.8989202253182604,1.6978183914368064,1.0228763270231052,0
-0.5331456219122641,0.6378128290585767,-0.411656742950255,0.19509214447577589,0.549486876417654,0.34533472527714465,-0.6774621608859313,1
-0.479781158639071,-0.5427614204178911,0.9444134081749117,0.606413031225534,1.4573214502456524,-0.30524789175260864,-1.1543004929928504,1
-0.3433569868794073,0.43407864213518743,0.014793145561279647,-0.20803427927128035,-1.2827733354880242,0.15277293337221115,0.18174850262332956,0
0.5093880886174375,-0.7061220308684854,-0.017156785922609802,-2.3542013190692335,1.3028730698851123,-0.5272359174755463,0.21515349575556494,1
-1.4742820291855219,0.4307409001160067,-0.7601426283718712,-0.27869863821703417,-1.216893789945469,1.447344915750368,0.0925626318061076,0
1.0245422599068874,-0.3672962695312166,0.5140847346796301,-0.33348681943384534,-1.0533481039797905,-1.271108884005845,-1.1816094401117465,0
-1.113161162292698,1.0666217292234654,0.5425564921865927,0.3852046579623408,0.8908251100850224,-0.8291365065216044,-0.7457406911351093,1
0.25555148317315185,-0.0872273331889839,-0.8751330548957855,-0.3281276889490248,0.3251516340496692,-0.5646568752823394,0.35214506256087763,1
-0.341481847949433,-0.7446878790164215,-0.7148123788898367,-0.7554667490408686,0.2690942044374794,0.5659562235759066,-2.2039941888309986,0
0.7460426288890603,1.0375075641738176,-1.3728640714517253,1.4840084304764691,-0.38171551544995636,0.7756642591709586,0.26309989217508484,1
0.3353089352586145,-1.2725253108644283,0.018161220343288532,0.3319779117899618,-2.2101445959611876,0.18680677986021582,-0.7939482033539738,0
-1.0019808796986525,0.18648498553429493,0.3203424636241062,-0.2487728491183506,1.268303997255541,0.1491244707709865,1.4793210742710423,0
-0.527855992246808,0.8356820724483907,0.5076214316467007,-0.11338589920563359,0.7256444745846512,-2.1487283073108916,0.7332645180207041,1
-0.9628266930177505,-0.3102431469533755,0.16992202314618676,-0.7570415520088285,-1.1264968237681006,1.4917406720044915,-0.07951902088105803,0
-0.21075751676055307,-0.6409826922999551,-0.18013070118592142,-0.12792853658560008,1.11401819853899,-0.3802894181895526,2.4540319969796394,0
-0.18711797913148226,0.5217759640628646,-0.008499394641413475,-1.0212244405061346,-1.640879913344368,0.13043380289427445,-0.19483533275057538,0
0.154608455356406,0.6379673006253701,0.11052607635580208,-0.035282814287440595,-0.5710161775787116,0.4504755520745023,-0.12858087679820493,1
0.32818468830205166,0.9627202597636035,-0.2083567642763626,-0.5305229138404207,-0.423179170174939,-0.6057539815714765,-0.3080053939839497,0
0.2914850953396535,0.6800866098634523,-0.02616972356106722,-1.3530663653608388,-0.9855648836792885,-0.3794342946144636,-0.22094403730073275,1
1.260804999275651,-0.22989941066881447,-0.47752842759828595,1.1937792116639776,0.07370258680380314,1.1483290972579638,-0.26412323001302673,1
0.15345174096471106,0.006657723172634266,-1.263731295245214,-0.3612670407708202,1.705829249977583,0.9582048401856031,0.9093329858282614,0
0.4591475177127718,0.12590260689094626,0.5190471425216449,-0.0007072427518237746,0.07702076065701216,-0.7719281511278667,-0.5489556331746089,0
-0.22770549392440692,-0.6370416167507851,0.44351343114185793,-1.9195550698945356,0.30172918077833116,-0.9645453820080216,0.18787965761921965,1
0.05486544880303214,0.8440568136565422,-0.058629156791898195,0.7248197926663054,-1.2348070561015048,-1.3148763861068233,-0.36458928269480884,1
-1.1196553336115584,0.4900356980810016,1.5188817009405717,-2.0433062376478137,-0.976084408685499,1.0347316513858096,0.6199019676795858,0
-0.3975974225805118,-0.8237541945637055,1.1543910613147679,0.6233621535468925,0.6828589196164807,0.09418092778020759,-0.6227313772407183,0
0.33183308167745457,-0.23614099135429495,0.179813215352645,-0.6389757613478986,0.2910947834340566,-0.6238342307401256,0.6419887358023708,0
-0.25794298281903205,-0.3389950589948486,1.3563121420697684,0.41302053802330047,0.08817827766091674,0.13261114986913725,-0.6732539582398603,1
1.0758787113116075,1.1504705327838207,-0.4080233216805661,-0.9266187933239295,0.5846905993471238,-1.8371899179672073,-0.31238218392810374,0
0.11914808839389535,-0.17682981359860983,0.95480653872602,-1.130965928902001,-0.947077829757912,1.1673302891152775,-0.057813994862890024,1
-1.088374588094372,-0.266837986680894,-2.016561139380554,-0.07933287614461351,-0.32879729380678036,1.9408901003363328,-1.358497062052225,0
1.2211749267978977,-2.1340255274609334,0.7407592821903171,2.2760694365127367,0.33120221773319863,0.9474773344678851,0.19667089290689396,1
2.0581904845936863,0.12996501540246744,-0.12832245301584785,-0.8229997604519858,1.2537176521636682,-0.4214142156941726,0.8312842476922492,1
-0.32593389620203994,-1.0419190289121116,2.0053106538001173,-1.1708619539569363,-0.66335424873673,1.3235118490393112,-0.7167931105750296,1
-0.4496002819249381,-0.8856714150015165,1.305145931097783,-0.3162781326181402,1.8544757972844967,-2.826696544795158,0.3281650994241667,1
0.7437851820319443,-1.3149247243891533,0.1662291120060869,1.1137123184147433,0.1258198789599891,-1.2899639030951922,0.1484758857181871,1
1.9783150992553238,-2.1239282394583667,-1.542933415659295,0.13906710855319004,-0.6068866710444631,0.8143830431316368,-1.2387098485220718,1
0.5804169009586854,-0.25256789642194105,0.5498542085310338,0.9316049554131762,-1.2478617051925265,-0.9413218161598162,-0.05484786153041481,0
-1.211227051927502,0.20040024526799255,-0.8149844432065882,-0.7151615587650478,0.10095139437048595,2.154020411375785,-0.13484410038445796,0
0.8347885389735015,1.1858359058295949,-0.8183239096499425,0.55637870084302,-1.2455173148412164,-0.20166695986349203,0.29709658639900544,1
0.11032282655288429,1.1653605286848747,0.9081685644705417,1.3328825227132635,-0.45996010961760597,-1.213260141448691,1.2844183326450351,0
-0.8735921599441213,1.066643142465389,-1.1578041014654126,-1.2641601309849,0.44195708140352286,1.1531564569074753,-0.7116815656156747,0
0.5203591874914842,0.6847881018346816,0.4026265509551945,-2.5516096406944273,1.1359897826520848,-0.5863688056774008,1.606246982476624,1
0.8885161221442052,-0.28158266813738975,-0.22956482194757596,0.7314501644295018,-0.051571389864957656,-0.6404956495818056,0.47769641999410034,0
-1.9961880789319386,0.07897311160855469,0.11384706518534458,-0.44307880402899275,1.4403360535388965,1.0582084464142583,0.8212934486275113,0
0.4780773425817206,-0.04775953004338033,0.35705188659701137,0.0825570900380325,-0.9963336752817491,0.9158839727155876,0.3146010376451518,1
-0.3071011137734217,-0.17062260287420605,-0.9025278489236823,1.0351874907251812,-1.618165669225994,2.3986144644636145,-1.2229197240471839,0
-0.4142066576831781,-0.45831541263623143,0.1465940679033557,0.25526541519252577,-1.4191961416698549,-1.199807553089194,-1.6037776190801576,0
-1.4414342575932975,-0.01898644890828182,-0.8882433388791202,-2.2385456722993884,0.8256987072151537,1.6924624443523721,-2.107227674971823,0
1.602055832547093,0.2516535775647821,-2.6250275296739205,-0.4336564384177295,-0.6336658788972563,1.2825875254580983,-1.9584686254555959,0
0.018037341418320394,0.7100294360920943,-0.5969243028684268,-1.1200945222865042,0.5827777338159705,1.5433469325013842,0.2307110435445119,0
-0.13208127074738943,-0.5160333454104469,-0.8891072722790689,0.2044826671045146,0.3346241213499174,2.096482930541734,-0.9558009087001313,0
-1.3285434922030481,0.6645480174609408,1.1421796276573732,-0.12754427844961316,0.317649108797894,-0.7726022445352914,1.2723964637474954,0
-1.5216965563618725,-0.5624149893953134,2.3892230344397136,-1.120598633474666,-0.0683014825519848,0.27963795266650276,0.06268398038761207,1
-1.4848910467499952,-0.7563264321408967,1.57072051642355,0.2711542239236906,0.18739435730521553,0.06704198750760433,-0.09151568537150422,1
0.5722722155063973,-0.0612685963194191,-0.2118474039847786,0.794348466081336,-1.7814535837612095,-0.44802119187962075,0.0036211103494407765,0
-2.4406504745475606,2.674051399001265,-0.01775684863325525,0.3581307949393301,1.6466130048010252,-1.783777100517001,-1.126167026347896,1
-0.4304134047138975,0.9631373143862237,-0.35386662653916695,1.3888610321043329,-1.1959594631436308,-1.2691395814833741,-0.005732092394852199,1
-1.4059555062144466,-1.0394629956900288,1.4779940789913733,-1.7851165740492012,0.5872674862473654,1.6409362222489743,-0.9529155582132457,0
-0.11445190157170651,0.5297615872081506,-0.29971927245457863,0.3949916734737315,0.05283983788253198,0.1260415315527921,0.06684592850039123,0
0.3045914156143741,-1.2614677613791652,-0.28276201222242187,0.7024535511377427,-0.030338643159089147,-0.77483710128537,1.39572503915327,1
0.5087713522293325,1.0256758554023095,0.6406063028054526,1.7636474971707234,-1.8703825865342678,-1.4685130854006396,0.4489338679955513,1
1.6643168228607435,1.183152976414964,-0.2821667297592235,0.9014824232924065,-0.41219840634825144,-1.6408068215416884,0.2685711128214116,0
0.10644443372752116,-0.3606975460924796,0.4469318350269719,0.1292391269164972,-1.0132961915264507,-0.010514119577362894,-0.31025484892171074,0
-1.1062523964859383,0.8099265094235499,1.1604633756493161,-1.3066812543167585,0.8844312342291443,0.10914159250537774,-0.2742299830020712,0
1.1858229426743225,0.2937703903709041,-1.1122296179118472,0.49544443059415055,-1.7979053107643832,-0.5633773860037261,-0.26299080878179887,0
-0.16193505126597982,-0.3664170409311536,1.2099901245226277,-0.9401424374458603,0.4571994668065114,-2.000843868453127,0.47726009393767355,1
-2.224203595656517,-0.27103637143288023,0.5309249952648429,0.32396527093463395,0.11450673336733336,1.029383201216141,0.8027384193707111,0
-0.865170672791788,0.6136054797036317,0.2669648808216784,0.5313113070528175,0.810011988302525,-0.6767951939771458,-1.515231365315861,1
2.2660865347993275,-2.6582421838479577,1.6306084305187318,0.5007725070441111,-0.7355491152092245,1.9804155329087088,0.4219322291131255,1
0.6630750409073255,-2.0487463814074443,-1.4165717756568976,0.8979554544948049,-1.0193437197857653,3.0057025062440883,-1.2567410027648631,0
1.5885564388512612,-1.8173989520160245,-0.9967796643464408,1.1442834267924467,-0.1462676104813923,-0.023781064078018208,0.3839256351636554,1
-1.3860782458172707,1.0730466858868042,0.5178127672455312,-0.08484526274221663,0.829752549225848,-0.9516074855994057,-1.0782964474507826,1
-1.4076245123303859,1.6301403720986836,0.5020377585331389,0.8568191139121805,1.065061772337929,-1.1999072587482713,-0.6098580836387063,1
0.9186226607126816,1.0099979398670604,-0.2635753043340505,0.9991507610324911,0.07752507205211333,-1.0011675615233426,0.9722285070638077,1
-0.16580606849827303,-0.9282701584402138,2.045350121801958,-0.7234376290317823,0.20877852003450853,-0.023532385643460677,-0.8582570134150068,1
-0.8969376826748781,-0.9621347337884106,-0.6795505281687323,-1.468482816312267,-0.3073563530674699,1.6084104083848607,-2.0248333186928846,0
2.0088190431330606,-0.8036034135181495,0.30195302940921487,0.5663161402377269,0.9696138101746798,-0.7943488979040855,1.9264002521573567,1
-0.4560472995760757,-0.06138758395949873,1.0450073725983473,0.822849724292438,0.6128366981308045,-0.341681004881328,-0.7077493595699693,1
1.4735454110684985,-0.47986259768820266,-1.373492775468249,-1.3369601064039784,0.4073298827226122,0.6254505538603349,-0.487365620781338,1
0.47046102477465707,-1.8123181353883486,0.9768730922657111,-0.07675787996418715,-1.5105509812968703,0.24824722845553523,-1.0503848665228837,0
-0.11918475672367686,0.29479018782200406,0.5203784440112149,-0.316286629306539,-0.029486152240009424,-1.9287084046826075,1.9024483294686565,0
-0.7811970982994177,1.6234286510828468,-1.4263189222150965,-0.28126992128333894,-1.8412677273742644,0.2493686365326244,0.2555420924638738,0
0.28474076322399944,0.8103220009433987,-0.05778480849843479,-0.13359861008878676,0.23655065245302553,-0.7932846646041707,-0.4776076861305767,0
0.8654730211824475,2.1493521931812465,-0.5588541098288017,2.0035557538585183,-0.3942647501101724,-1.0869831322673669,1.6682764119881335,1
-0.20436190634040535,0.06308873840274863,-0.4123949584179106,-0.285945277882871,2.0895100051645366,0.013568510873844454,1.202020478124083,0
2.1233806140228757,-0.31858280448816156,-0.6371548746548982,-1.0988422933903081,2.108185321989149,-0.021336505488741477,1.6162198329053392,1
0.6163327208449559,0.7257213242781623,-0.205863956922813,-0.03982375829383981,1.3375816880159666,-1.4992504743471446,-0.025671311550210175,1
0.40149160803783135,-1.1858476627526515,0.16393107604081283,-0.8294193898263609,-1.7123209016168965,-0.0508146069254597,-1.4720758317167628,0
1.2809180650852183,0.13831032581332545,0.6130622007362015,0.886665458760528,-0.2678500625083929,-0.9608800457474924,0.3567418924017075,0
1.7300614527710068,-0.0017946290954543268,-0.47504110516659154,-0.21003061619248273,1.2448347555677886,-0.5904093077380345,0.7098466081376043,1
0.15522378450746158,-0.7598168168001044,0.7688766605857852,0.9487913614060823,-1.1231479302939515,0.03337727738839666,0.11995073352380269,0
-1.3084105344842423,0.22307740609095983,-1.0201364185196888,-1.2169954099386315,0.02434678766552766,2.270232433744426,-0.4224658509904773,0
0.32824589658662895,-1.2015443795801273,0.9889061052475959,1.012411898676372,-0.4191751531190243,1.2482205431551392,-0.1503737352358417,1
0.22025064780845535,1.4356361004441385,-0.21785516282893808,0.7628886705198104,-0.6578647697711704,0.1188240915703206,-2.161260360722383,0
-0.40639793062576557,0.5059694148442839,0.45132386147710696,0.8714300676031554,0.3327326448091249,-0.17422600712103192,0.281700381987484,1
0.33797049046840627,-1.1358014945543196,-1.3832398952405784,0.14859855277146697,-0.43829544863473513,-0.12713593310098517,-1.2575489013752075,1
0.03648188411538815,0.9043992182506709,-0.2619224565122995,-0.002515778770495351,-0.07162156744900612,0.0075897032114172905,0.2323185293593109,0
-0.20836157480247303,-0.37193397697900077,1.2955588445319044,1.5430198178962777,-1.5264273059730395,-1.2543949291496774,1.5765884477454826,0
-0.1533152167928983,-0.15776048837681755,-0.7528952323736162,0.3984225780936815,-0.09299162449033091,1.2064941947886962,0.6470746611161491,0
0.930679028109582,-0.6162552290171954,0.48484843840705527,0.5099757354928028,-0.28756222881199517,-0.5900306884708607,-0.08505756609556914,0
-0.8488480926593424,0.12947448088395433,1.3505161275829987,-0.42717478222027705,1.7693333042578965,-0.9106511457006089,1.2332584402093845,0
0.13764372815541961,1.2033168821487068,0.174510990124899,0.07558490295752143,-0.6237185109912162,-0.6459346244371612,0.5211466202827498,0
0.4995618875211973,-0.19724291357024784,-1.0087716527090176,-0.646737155512126,-0.7127002323374759,-0.20600638152990036,-0.1400989760929837,0
0.9660670516001019,-3.4714833509578638,0.39931980036053183,0.7118300743997461,1.5681828336809496,-1.3944475032097572,0.8572955224101939,1
-1.299365216275978,-0.22167076130837027,-0.32887015013524523,-0.0709975906162626,0.6075102326316341,0.46531183277373844,1.7545666077643645,0
2.3794426236149864,-1.9702881087672994,-1.4396988446065562,1.8751568391105198,2.225022520539676,-0.4981087750298285,0.667523463213029,1
-0.2613000483617448,-0.11575922702641372,-0.39261839478044147,-0.3033712374644986,0.43968627848926717,0.7550152796947748,-0.859793756528402,0
-0.7301694892153705,1.6536690978335866,-1.463042167726794,0.45101455493489906,-0.9114504946688564,-0.7211424277920416,-0.5609134941976459,1
-0.7185618784869713,-0.41864233010098884,-0.15785677144599036,0.33909436582616975,0.6706812849755113,0.5058929177885566,1.0155010402676843,0
-1.1357925704423577,1.4225687221676158,0.16252220782483412,0.36848205270695705,1.225596351010994,-1.1446617176904175,-1.1365706478332875,1
-0.45013312453176335,1.4051611127243402,1.6357290944277907,-0.5897282997137009,0.27372823046813594,-0.0683384750239191,1.5418588101975506,0
0.44647215190516965,0.016984684164379205,-0.3113787209460719,2.8074482238811234,-1.7961960780787696,-1.46595696819611,0.2333810511645471,0
0.0872597673668209,0.7171874595727261,-0.23367336375560147,-1.5596711463065238,0.27202712737515006,-0.6992226492491731,-0.08367541541613636,1
0.18809011909675732,-0.21158720680368545,-1.618444077798536,0.5874947204774522,-1.0660885170333507,-0.028389716948943138,-0.9216802136472396,1
-1.2455558728937843,-0.912704990713984,-0.7386430147549654,0.3354076654158029,-0.08981337181368391,2.170557896411829,-0.18987274796073755,0
0.4091650366938036,-0.4485530898546723,0.3075608875872041,-1.5203404874197188,0.38838515465901796,-0.6809261908510296,0.7282931990022289,1
1.3174678382130238,0.8705753750809699,-1.0939253720334106,-0.078327253660865,-0.23076385270255975,-0.13683962986046033,-0.12175959070353223,0
0.3129517613193628,1.272735764484738,-0.0693359751132206,0.217656396188979,0.30695955099110217,-1.3354152877871217,1.3314359481800102,0
-0.7279523394657931,-1.459680644435407,2.5300042815941297,-0.39519715334020633,0.9488398900815517,0.12953380185068417,-0.6953727409652687,1
-0.9787411984254879,-1.5409091329411218,2.365293911569128,-0.9136926918915043,0.2435990771483259,0.763765941166601,0.06645394953472729,1
-0.7874086389805031,0.2603356021976286,-0.12768410917704776,0.3235044570802756,-0.42359999896863054,-0.4750679442119307,-0.9327294617671621,0
0.00797983389091979,-0.022893845729536316,-0.7071071727212903,0.04901804678153533,-1.139011728547525,0.4042124089838722,-0.22094388514142566,0
0.6261899814121331,-0.0042750596635973,-1.5346422917795535,-0.531202028872156,-1.4027393655092584,0.7908494221934007,-0.7247266470754007,0
-0.9911656896355369,0.27900510179896304,-2.1068583003900687,0.020168003146380283,-1.4060833813299163,0.7985270918735281,-1.2181028173363884,0
-0.6350514458109597,-1.2465938880076788,0.4141332252108217,-0.7922314329753757,-0.699822414008783,0.5285220386808448,-1.6189113790239926,0
-1.7083005617352496,1.3872814378632317,-0.9835773003315442,0.15445687902254968,-0.45685786431890946,0.5948474116448373,0.04098348928561545,0
-1.102242093593537,1.1978983928140354,-1.0535612551745641,-0.47514662523503615,-0.8598414059240829,0.9282692711847609,0.10914440181245609,0
0.12260694182046575,-0.12763368860018567,-2.4234357621229767,0.22597370340315884,-1.3259158422021173,1.4152029349605233,-0.8596027638908527,0
-1.2630434045846988,0.5090534068557891,0.7708439539087842,-1.2160121060502442,-0.2532049175997343,0.2670485321025775,-1.4410127058894993,1
0.23173205678722805,0.8765839227721753,1.0280383296743691,0.3957959311417128,-1.664209774909629,-0.9298507577512987,1.1897408499382691,0
2.325170959783365,-0.40211550031755344,-1.9610152425174954,-0.9102521745108494,2.9719831211532837,-0.3711810588250442,0.8635714923010197,0
-0.5142238002797741,-0.6199980705098445,1.1538006224578996,-0.28415469238346636,0.8030714360073744,-0.07497822795408529,-1.049541159755602,1
0.31391271050059133,1.5929624127388933,0.7267104290728632,1.7138029183228614,-0.37540411052646144,-0.9753524646967735,0.7319872629338792,0
1.2722707250021863,0.4210696927300533,-1.0853181141124282,-0.24593954919192315,0.15685825935377018,0.15313476966426356,-1.57616325884289,0
0.44915983368482004,-0.18574701673353897,0.03152236841592258,0.1663760608756984,1.2053585506776177,-1.31573607483038,1.3408208071704277,1
-1.7232150134810917,0.40098880740844134,0.4251846123190017,0.3574788462193199,0.9984157078368578,0.7925551116632202,0.9553611359341018,0
1.419978380852072,0.6043309165172163,-0.6013703878388561,1.707747330211481,-0.4168713964388588,-0.6578605077660181,0.44886168807601934,1
-2.023638493860118,1.128263654659015,0.6916087763943285,-0.9089527071509403,0.39380990824485984,-0.5523450149984361,-0.5558828624384273,1
0.5353912336045699,-0.5167593693923026,-0.27120736705041526,-1.278907127190696,-0.3113487415442895,-0.1876280011744338,0.02952889540781453,1
-0.9112420243176461,1.1542810083504487,0.04700483886237671,-1.0663693792731854,-1.773678295797784,0.39594377502015193,0.5700966779785351,0
-1.0711171085921716,-0.07946885350664531,0.48798996036684594,0.4313577934488806,-0.6671377821753702,0.5954212206147215,0.2826090290197888,0
-0.4620243971755528,0.2890306052064805,0.3745179124798163,-0.1333815618201672,0.28569280567245314,0.010517518346200072,-0.2555701614882674,0
-1.412481602755275,2.0267832903264926,-0.2653063189887054,-0.36974711423114887,0.9898436651800694,-1.0880865955449173,-1.338510315629184,1
0.8548163183853842,-0.47857881723118706,-0.5610661693349277,1.1288460607567945,0.5286606894804309,-1.0579553396786665,0.0888324051531536,1
-0.19688850637931837,0.2291218847937424,-0.9658991432415829,0.08189096591689385,-1.7500505252672893,0.10733065550601693,-0.5929524181353476,0
-2.3927389483191237,3.753487102904342,-0.6058932369898404,-1.4286742660969043,0.4872225561738818,-1.3303872099003455,-1.3636581246746846,1
0.1528570530309336,1.339017382399888,-0.06151635258878056,1.096153682352459,-0.19342146502363092,-1.4982941530914473,1.1971981605145634,1
-1.0734786126660645,0.5624414925711803,1.488486431614006,0.24169139530119532,1.4117995122727396,-1.2253583321936647,-1.2799448079122968,1
0.2606097672450064,-0.6911153988938254,0.7659319735564332,-0.21088614548100573,0.13915634116806652,-1.3553779234896082,1.0095628223251616,1
-0.7754880357570088,-0.7273926083869345,-1.4076257346968295,-1.5001288883327328,1.9552881068987258,1.3325105018796488,0.6103305789172776,0
0.18277297285586722,-0.5644843978643898,1.5922146126664896,0.07987629219852549,0.5802815885167988,-0.06467456677255654,-0.8383826894931015,1
1.5435287418383656,0.27035913368615394,-0.5971102024677173,-0.026204298723015072,-1.3235885670244367,0.38108863307769086,0.5834941698738315,1
-0.8509718326766235,1.209524409454152,-1.920464714552277,-0.23002889794221726,-0.37135496037333204,1.3844688986616132,-0.0727082679077655,0
1.2504328732286016,-0.14844397726577635,-0.7867676243317381,0.4554460454594234,-0.07403899193301942,1.180118651039914,0.029174702196063457,1
0.5777829333388875,-1.3664506204742495,0.14912711535931011,-2.6205758664062655,0.7171190712991933,-0.1264821417484249,0.9083618292877146,1
0.8786199074801355,0.17202726012729846,-0.469401095188505,4.732747921061672,0.28763220020763985,-2.258955772106457,1.2227643915380224,1
0.6234084136849031,-0.8577328789569582,-1.1569437759160153,0.3790250261824642,0.8468374733393542,0.5580105682651902,0.6580559215187575,0
-0.4022384595617915,-1.2201360726780024,-0.0015520189235545742,-1.03954235067841,1.0326123019999605,-0.4976886090708572,1.9990290776705926,0
0.06731308762658843,-0.7869130043748813,0.8492486808750485,-0.28980210733823303,-0.7851137617292538,1.2196882388079444,-0.10916645224892992,1
-1.5583586082082523,1.9723965512768185,-0.5836601912434036,-0.7448117948852764,1.6744991710005306,-1.1184941831872266,-2.5783831418425556,1
0.49621251295974655,3.182585401752561,0.04389345255090455,-1.719156463436833,0.12426447662398368,-0.9059888611368894,0.39548021666688127,1
0.24365282971463365,0.5809502089663382,0.5826723421552378,-0.805864844162716,0.4730351608741058,-2.168477980277641,1.0615486876215607,0
-0.9095574226733372,0.20416605793096462,-0.33070235665304515,-0.020581344709300488,-0.10553896495087085,0.7761835152034345,-0.4335647660887127,0
-1.0381124825466055,-0.8999218953440838,0.6104040354544492,-0.3683223360401891,-0.7118271670717119,0.015336678545244209,-1.5638435463969949,0
-1.2986300323015803,-0.5289694312224258,2.317899554845244,-0.49391563957514545,0.8146838411587268,-0.6232167877419221,-1.7705209255394656,1
-0.08138662909205098,0.3457283908542839,1.10609689924568,-1.821230507295337,-0.49934565426264677,0.4657534295389364,-2.032640909948466,1
-0.4242895372507392,-0.5048363672654317,1.7196350960224738,-1.0243475122862262,0.7926828895494407,0.9649743403109828,-0.1663056385297716,0
-1.2166839475118025,0.43298242876441345,0.3188694133745705,-0.19789256015931717,0.7264416396624223,-0.1408266714613746,-1.5820064862422787,1
0.766092354410758,-2.197786253627811,0.16444816437012505,0.3028439738543401,0.624613044196892,-1.0172142445564047,0.47237352101702057,1
-1.1217749793261662,-0.3866059952812255,1.5977801975915704,-0.5584762247360304,0.978921907893657,-0.37068350511790815,-1.898031531242457,1
1.251158593990737,-0.036620740367976606,0.7798567607085723,1.6941397989306854,-1.3068195209964546,-2.251158128318879,-0.09634609065111033,0
0.25013553583724374,-0.17235221810528695,-0.09282046131008931,0.12720087955594075,1.1263876582860466,-0.15321197366460254,0.5899763431187345,0
-1.189012743617639,-0.24022796393206974,0.3324592035672294,-0.11212843279668974,-0.51312072552621,-0.6912033146399469,2.334972645790281,0
-0.013822082426730577,1.2762031286444269,-0.5975609844379907,-0.30829985766740825,-0.7191320799805561,-0.8017819299301696,-0.8051938905614097,1
-0.45518819206179056,1.3020100346202246,0.6707114574721402,-0.8555014273284408,0.8749437847421254,-0.6747440665827715,-1.3541809362699497,1
0.7571398976606147,-1.4513630570325953,1.7739331432869276,-0.6421117071574516,-0.7509593886695228,1.1460975462130798,-0.2683550514808883,1
0.3199716539467627,1.7067335858977135,-0.14465365021517274,-0.5825317749727785,-1.0123044705508202,0.6842820334423051,0.24478254855441867,1
-0.9659216479974817,1.8270524967126678,-0.26065511607286457,-0.3880581569240241,-1.074783168667721,-1.2879352413736056,-0.3010656227166842,0
1.3295499181022392,0.17836604930069763,0.28496885401441197,0.12672368167460696,-0.997125681459998,1.352461106991648,1.1390251730902208,1
1.6462260658238967,-1.1977439652961843,-1.6962839891674968,-0.016475228459927115,0.5273790998072304,1.0580664579211907,-0.4994369822191065,0
2.2575607726870452,0.6356203785890612,-0.5567445557236427,-1.092207753816865,1.4425740920561672,-0.11865361412868046,0.7470093393683533,1
1.4332357208985798,-1.6961160968880324,-2.0834422536346393,-0.5129590922467835,0.32525023604978737,1.923774360138248,-0.7532618299336402,0
0.05945231002982057,-0.4442703365673432,0.5453015291936637,-0.15248309158773038,-0.4369161619509143,0.5081001777413899,-0.18160471079146298,0
0.4479558596257284,0.08876162819308968,0.4866146193023313,1.2321622025803045,0.014882447312471873,-2.0176403261788263,-0.24451163212462856,1
-0.9019340598042064,-1.3272819458255265,0.21891066553969235,0.6164232897057258,-1.078342896110835,0.5412893197335146,-1.241626048004926,0
-0.4559807657216775,-1.2542506565080356,2.0680114478431046,0.08156918074783069,1.0079894631045938,0.09519797489900494,-0.6198115690699982,1
-0.4194974105274444,1.309050031443465,-0.6175719373097914,-0.05823624312197943,0.4449600968752078,-0.1588661362188011,-1.2795044072097521,1
0.33047527389464293,0.1572413700596939,0.6680020070377933,-1.1049740309868448,0.03239671263357391,0.7311335584510535,-0.8447943669992143,1
-0.5625961749720202,-0.7549285057980334,1.005196574017514,0.1165627320524051,-0.0634621244597494,0.6290520724605548,-0.4761892637060375,1
-1.191959128305731,-0.44895908786880867,-0.7265209114566248,-1.0881415018742848,-1.8998226809526497,1.20104872054459,-1.2076361914694942,0
0.414482638263342,-1.418613338369088,1.1717521288291117,0.6187164341547976,-0.10848206685106954,1.3832141666984397,1.0222280212471297,1
0.3494746345496401,0.25831175954381763,-1.029998539816134,1.0580184409581357,-0.2097841911843012,0.9998049065595018,0.028353168026130242,0
-0.592175754176653,0.6361931436281519,-0.725900766555573,-0.9923341434355278,-0.22780676557548785,0.6570530517773676,-0.7114325685230133,0
-0.32307009465886616,-0.4155358589622783,1.9904042351080315,0.8353493663720634,0.6603778483646264,-1.3309538020095588,-0.733642019234791,0
0.2703062759127053,0.8403873190582835,0.3445395806625312,-0.7939003772837704,-0.35959645582044325,0.38072759694019576,0.7389223087303269,0
-0.991153700184742,1.3107748623669722,-1.2767678320640818,0.18934347125972628,-0.8211533800202526,1.0263040400474612,0.5238196544983483,0
0.8864553976276156,0.4875236243947959,-0.8601674208884493,0.45531068926492835,-1.2266863515628599,-0.09894565321900377,-0.16070936378973746,1
0.4150660719558851,0.07379911899861273,-0.44089840309316036,0.181129551824103,-0.2273258108721087,-0.8423001137283649,-0.24109479439223047,1
1.1351455946307984,-1.620540802908561,-1.2527550749525747,0.4414472845105225,-0.6919393016254739,0.13450919916171608,-0.8170045116209279,1
-0.678588670966473,-0.6339858166868965,-0.8213964198778936,-0.6301643327191928,2.115183182629392,0.7952606273254545,2.070222588232102,0
-0.9071582438089606,-0.8236797780375122,1.3445567265049851,0.49112915198935453,1.781606686073118,-0.3181451013688582,-0.5218722691017257,1
-0.774405120635781,0.5583978947181886,-0.2554412357932495,-1.1908997123101852,1.2585186964816941,-0.01620272931869007,0.9814279852984105,0
-1.1197418183799397,-1.2415751531095622,2.1822931990772028,-0.7576459928233978,0.655257221782405,-0.07482432996058673,-1.6544958949608566,1
0.6517544537982591,0.5959477493828839,0.45253110060715246,-0.7208246550345974,1.2064543372786247,-1.4194106152008472,1.2928988131220276,1
-0.635912395526473,-0.11615626960603954,-0.7285658142604008,-1.453552451422121,0.6855497535248877,2.5080508143146205,-0.5618126210819017,0
0.5349132163265918,0.46738822656529083,-1.0337933382217552,-0.19222830933220983,-0.1983714911321914,1.037070018796604,0.034519211112866884,0
-0.21967694390789014,0.4667597320233368,-1.6271112871310622,-1.466370908892202,-0.7869726234285734,1.5489071083678447,-0.7705089854796818,0
-1.0440211503073704,1.3876882445015273,0.07745324414208386,0.06249616285043048,-0.2745806546879456,0.09860493805236023,0.6026341236819608,0
-0.05297532242089005,-0.7490839545793543,-1.2453799742316811,-0.5034440961975686,-0.190648276560509,1.4312162936900188,0.011246081521495952,0
1.2369323339008267,-1.0924848776906393,0.7019055664153151,0.30709660345781953,-2.2576163835735623,-0.6735018266325464,-0.4650774852211457,0
-0.13296393055373948,-0.074767361535416,-1.746859599022059,-0.49033660878395763,-1.0167661943396344,0.9277493190178203,-1.35632211350714,0
-1.4530942029192913,-0.46297260136984,-0.484247782422243,-0.8336720764450284,-0.8371922888925528,1.0081797546394689,-1.5474385063447336,0
-0.4388690028745766,-0.3912288758713572,1.2980850801352466,0.5527942457693794,0.25102361966436393,-0.035067397205125854,0.7871800965647326,1
-0.6519799456652843,0.23744931243448836,0.10446420644983542,0.030035190564444432,0.3950064712708354,-0.4281593628488823,-1.111177837654499,0
-0.271622493458207,-0.3891604639769203,-0.7230096873227527,0.97096462148959,-1.2434663381124964,2.235920048120658,-2.3653639950483276,0
-0.2870284416720812,-0.8877417819555999,0.9839176424814305,-1.268071898137395,-0.3970335876818797,-1.2883676822369223,0.09829897511353242,1
1.1573656598195006,1.2026588612731686,-1.8726745790954202,-1.2738408780253578,1.8667623267136384,-0.023415516669129,-0.6731539246348317,0
-0.31321541202464376,-0.1930588342850471,0.6803608093365813,-0.20305640293472643,0.8676926582226299,0.45087428082601044,-0.20001780906991426,1
0.5166233804145973,-0.664805187133161,-1.9219470255010156,-0.3709141331711534,1.0766262737868817,1.9776398202205978,0.2585099227755373,0
-0.8489821070548811,-0.6798421859109944,0.39460218754796494,-0.7102781487555007,-1.8564261988638717,-0.21451702864071573,-1.4274389210833591,0
1.4054619145417842,-0.1814961038810557,-0.49142012389956324,1.180001979664787,-2.407498900507798,-1.7612337721963478,-0.6074155660331965,0
-0.44374184913276016,0.2568797891872221,-1.3144557510848849,1.6826611620325442,-1.402188241197181,-0.6871835653879117,-0.002184761229030379,1
0.5624589683013343,0.519557456538397,-1.638583393707225,1.0198480226181665,-0.69986823159044,0.4495304377835344,0.03672391130564659,0
-0.5334425160332463,1.296664126640778,0.16755976136276166,0.9134019450986139,-0.0921091698947251,-0.13620517344262295,-0.1872049217647873,0
0.2712937166577432,-1.8198957174166035,2.426869606380551,-1.0077695182157373,-0.2473442745207549,1.120804201367769,-0.6436440007230226,1
1.3252804580170796,0.32280914356855966,-2.2131377793475417,-0.15854072440629197,0.8060828965164192,1.3702173234370227,-0.4076867862419019,0
0.5859883372841566,-0.22762130223624266,-1.1050744023921641,-1.4641280083649075,1.4062476926488006,0.44105071771323184,-0.4117598491444925,0
-0.6572844831666446,0.06895821585139733,0.19941229839559452,0.541902782636107,0.08904407799970952,0.10168664744658698,1.1575991862351518,0
2.1752384203850377,-1.959751880214097,-1.4267820545315755,-0.418369055823066,1.6038906689384564,0.14433126065110874,-0.9362570458782349,1
-0.9598911840006289,0.23626519443677793,0.011130013611391201,0.15570418675036313,0.3043376596215949,1.2556400333654953,0.29015911885209034,0
0.29276179770699023,-1.2439431999056623,0.3388313537717656,0.2586698854332273,-0.259906669045172,-1.2043614284459982,0.06807320470602456,1
1.1565113557091553,-0.2631391037459153,-0.20100869255806,0.1631626171717915,0.8036947083485066,-0.7869422571090469,1.0394372047507607,1
-0.4236924489204064,-0.3108151989045978,-0.048267719590431635,-1.1743133605258185,-1.5334039195220082,0.9071264101774226,-0.5847374912004818,0
1.7439336859600592,-0.31515286370432793,-1.1946739790070973,-0.4728979041697318,0.5476891875166063,-0.1490568457295795,-0.2286642232257419,0
-0.8203911988181019,0.6907747960677222,1.9585527731157617,1.3168985591966964,-0.24782571004765733,-0.7136130918306213,0.2779811743228564,0
-1.5993134526000203,1.2743766027738628,1.5655604401984708,-0.38620044673104104,0.5986003951160276,-3.1012693037494503,0.9521177157282583,1
-0.1496078964756524,0.3274214683352078,0.805281949586903,-1.7591191898475755,-1.0070882366517195,1.6113343742427864,0.9822227645531705,1
-0.34074166945838297,-0.16606497107288887,-0.6207634942432374,-0.1753563513663553,-0.16279935529820908,0.37365961676061155,-0.14521914293905752,0
-0.5337406774508219,1.6584066744237622,-1.8565479162186234,-0.08425898340310994,-0.7556803467765046,0.5397860490961125,0.1704383553296183,0
2.0768858193860984,-0.3167645990167644,-2.522046962838545,-1.3428693222738433,1.9876273165422076,0.3006955668076142,0.17308016370610432,0
1.137618461022144,-1.2160561772787757,-0.17149623036705314,-0.9451645048292905,-1.6557917723885083,0.8238265739042931,-0.9477731926989142,0
-0.09760667934292201,0.16810261682011574,0.6221714727234262,-1.3604194523827606,-1.2733933791528773,1.3154864535260316,-0.877897517305605,1
0.7360103111659276,-2.2906975622792505,-0.06260603574998101,0.023821304772278465,1.0427400818337642,-0.9180586245241872,0.40819899035946045,1
-0.8239722155633745,0.19766128912648326,-0.1354900374258003,0.8492645765517088,0.05804763644241198,0.7288470159840637,-0.25162973836596214,0
1.4931096805370763,-1.038483581366533,1.5923547182163953,-3.043455260493032,2.0920810787960873,-0.9281984609947795,1.7188855555164526,1
0.6187590105618771,0.18588309503938838,-0.47715241477641646,0.8168508898119303,-0.41141658117424407,-0.5972202323982824,0.9494888565354211,1
-0.6767347345820989,0.28400065384830864,0.31496021149087744,0.7326736711670647,-1.433912188141492,0.5476276336379232,-0.5591584029525812,0
0.4066679512045631,-0.45374582318808143,0.05138284497037664,-0.11553187462593681,0.24832106683104063,-0.7036482011524395,0.583098566577756,0
0.12263493983284206,0.8506138333189517,0.6688234405351702,0.5176410006246019,-1.4939425206275274,-0.41602947798189355,1.1883457993729067,0
-0.16439692815419252,-0.8469071154988301,1.587526395285045,-0.5873827005789355,0.40513596001881746,0.37963978788640446,-1.3719230878467428,1
1.3473493582718798,-1.5015410153583706,0.5570986735370502,0.6835195384068725,-2.021232900156066,-0.04298699308221969,-0.31362127926197125,0
1.1945814022676724,0.6404361500720611,0.30002727066726653,1.0643503838240527,-1.9438928718305248,-0.3306182381381512,1.8882836925344417,0
-0.4506625704495323,0.5205407703660427,-1.1706990229385483,0.45110014756057604,-1.1248542851844225,1.0903140665807098,0.5740111377932775,0
1.8744193523561827,-0.22359107259531594,-2.443365604291813,-0.49214610622123767,0.7609571923462535,0.1110576159364956,0.17392029686274352,0
0.2126441326214768,-0.4699618640518182,0.2995910823597542,0.13839038958473251,-1.7217218743296951,-0.006418879476899973,-0.20289086451596633,0
1.2037166390071519,-0.9982660431308138,-1.5185724700627825,0.248923466873796,-0.6848174038290736,0.5235898993254903,0.4415406743175626,1
-1.2737009992410868,0.059168183174616355,1.85495823346176,0.18442742076771157,1.0679130670604535,-0.8447572272760822,-0.9169061542388968,1
0.4726862284107837,-0.8020632248966661,-0.962956551691392,1.869171882839473,-1.9495868666827019,-0.1763325217472997,-0.5413322551721212,0
-0.723102538476604,1.2460382973066646,1.4676694970856334,-0.6654794632254638,-0.9465159093754092,-2.0303134082360823,0.70552090342923,1
-1.1708411103961387,-0.060232392851980426,-0.10645420299339181,-0.1416366241281755,0.16664812437808935,1.434260939925151,0.29768504663965434,0
0.2641462030338522,-0.040904329129533595,-0.8229129940743896,-0.24105757311435538,0.517406324308283,0.2610811709178109,0.09108585225815564,0
0.3105632790230595,-0.7822962474736526,-1.1320959178173131,1.2707588008986523,-0.23980303991278465,-0.7486861278477697,-0.720268256133121,1
1.9787302300075826,-1.9746567735322862,-0.9195935368094893,-0.5841496849863514,-0.6977722922475804,1.0727251037752676,0.6330429820273134,1
-3.2189815671040627,-0.2338031327771911,-0.10407306747435678,-1.8735760538034647,0.2393092043826758,1.981396741104884,-1.7598850790884004,0
-2.228566621601571,1.167646150765715,2.309963910873203,1.5711721566976347,-0.9739755442754879,-1.2898070877381778,1.283676128460018,0
0.8394510923220758,-0.7446562808566131,-0.434050818131436,0.6621505188867896,-2.1337154086841186,-0.21565358257670203,-0.5821753114393277,0
-0.15556515594897646,-1.1688631648079382,-1.6305067700387352,-1.0250532926087217,0.8106711406954044,2.165894052613595,-0.2294915887470643,0
0.3753292426637499,-0.3659136452297781,-0.4085333632657969,1.2321085071015807,-1.696918269269277,-0.47168913156277437,-0.26075260652251514,0
-0.36141536388780404,-0.9211332272495228,1.3453717226368076,0.302094964616267,1.2181481659633475,-0.16616242823227736,-0.7208475403617238,1
-0.2767736337665238,1.8166123027374081,-0.11983496604905783,0.9348385283292233,0.19369216594825414,-0.4161132963055173,-0.8768156167564659,1
-0.26329388447330293,0.9256022547337508,-0.5256901309680446,0.6242868215905117,0.9482766982219826,0.061389089731042734,-0.8925678511938039,1
0.12691491999400725,-0.45951820579328784,0.4847226854470868,-1.2827810647659217,0.8152078270152985,-1.3577438023478283,2.161109517623806,0
0.037508795379375015,-1.1981769001733347,0.8542580937968086,-0.2842073694283936,-0.11719032089103658,1.4491882371384086,-0.4166385685592263,1
1.402893726246686,-1.7226702608790123,0.2676672274347562,-0.6879712429331395,2.219486363920658,-0.650152651988498,2.1853428629801255,1
-0.27071645994052335,-0.46743900912643677,0.9505815458662585,-0.8953534801322841,-0.44957413469779345,0.12178422121361858,-0.8285930872198191,0
-1.1747768245032606,0.18310766588956823,0.008549437721013797,0.6429563237594721,-0.8270991242689988,0.31560131585864337,1.1906571447533176,0
-0.5299849064058045,-0.12563032193357804,-0.8593435091830478,-0.3417822812787246,0.7295865128758999,1.114777586604288,-0.30526821679913646,0
-0.4325690783078005,1.371779788657442,0.5818356494692699,2.6496384591195032,-2.0177354174107984,0.21199060648439463,-1.1444264745372525,0
0.14813604738930206,0.1560887465680386,0.20228029439041934,-0.27858338842860436,-0.7079260778963397,-0.37196820553643506,-0.42911444907003976,0
-0.676783875613165,0.19047924669843252,0.014614072752874446,0.7427628165741291,0.09430163720039454,0.5980248541974826,1.103502291627079,1
0.6951275481188779,-0.3581364067157866,-0.6382204304443128,-0.05850370564525054,-0.2211190407016212,-0.14806768559741354,-1.385188194508632,0
-0.7754159215158398,0.7806729893957343,0.9572202092891288,1.887929669463676,-1.3294891102889954,-0.27187222733193844,0.39499168859172284,0
-0.457109513430949,0.2970501324953739,1.9633891405648254,-0.5952221136137974,1.024927108727032,-0.5156180243045259,-0.04450995769716057,0
-0.977060972531262,1.687298380410804,-0.28538720512927285,-0.6086676134316799,0.32524829999498495,-0.4725492854428469,-2.331998994216966,1
-0.9087934302851156,0.5928572072034792,0.3742571963417377,-0.14792803347152986,0.8867280016136577,-0.6334584908223327,1.5715970915741404,0
0.9846219112385284,1.075550296181617,0.009542682995759945,0.47175810073754176,1.2853099596316988,-1.495037277595589,1.6563598709862797,1
-1.639858209317609,0.6443278027623891,1.2612316851752228,-0.8662358770480384,1.2495355839111948,-0.6285712027970973,-1.2408923633190567,1
-0.20593274997019942,0.7319220691313935,-0.8566710350959523,-0.12415959461723382,0.3549507663347163,0.5201581207121309,-0.37441397688604705,0
-1.0144450335846946,1.1375891905152091,0.318920734585066,0.35620968385723795,0.665955359890074,-0.4481660273226032,0.2884753898480383,1
1.5895579556219543,-0.4896517817779317,0.005855469004018324,1.3289731865458483,1.7849512189577132,-1.4554485447961836,1.0890050225971342,1
-1.0810071972061248,-0.07482145817945578,0.48679169038211806,-0.6868258683838976,-0.6172025151481336,0.9578420442415184,-0.10432999235614757,1
0.3309989963521897,-1.1196114570453977,1.400132127487982,1.1440840140341804,1.2348255058784725,-0.25589195072589654,-0.035527215938015264,1
0.356555473334345,-0.08286198159757914,0.10385814421957619,1.6478738467788658,-1.9954574211062766,-0.8727516271886884,0.30168945772776806,0
-0.9778386352222495,0.7671602989848538,-0.4706494640208843,-1.189739732607835,0.20310795282359684,1.0182301946422998,-0.4221406680645634,0
1.8346542655352283,-0.23413584758779762,-0.6087612072290217,0.36445228692127807,-1.0414420202935246,0.27216624917066373,0.13514822072435287,1
0.47806613011375676,-0.7887278679493672,-1.4732694417204397,-0.9011059676644142,-1.6535945921308646,1.1127841082120224,-1.4695869230611998,0
0.9900397232287976,-1.4258325163152816,-0.2054676594711786,0.39114538185050035,1.6353837251414842,-1.0666683842844447,1.1854545350557555,1
0.5528913212962598,0.5512582142053563,-0.30898860958525187,-0.766432170138007,0.4466377662017881,-0.9586943339568875,-0.047962714032347975,1
-0.4622291405061782,-0.36263296335290723,0.5333055481912203,1.1699856212721642,1.4569367613117477,-0.24312719282726422,-1.2561581231208574,1
0.10681191788746557,-1.1698920837893216,2.1245311686803174,1.4325031146565317,0.8565731349543474,-0.0191663487027307,0.21872443958096247,1
-0.5469238997056748,-0.2225908950513248,0.3988407041810534,-0.8178307563766785,0.16712984523444988,1.4827353090680369,-0.10264189291966107,0
0.18843213357152155,1.0102472933321067,-0.7497035286330018,1.589630274344218,-0.04015661492152924,0.3166410601616135,1.0375060457527057,0
1.0585146467876005,-0.5849765744101747,-0.8131926503842308,-0.9114479205533518,1.1677896420346698,-0.20975129849551785,0.7212314447943734,1
-1.6671659173548277,0.3118693291364542,1.404950205854545,-1.460365245417546,0.14578918733587545,0.5444839677428875,0.4653810135143908,1
1.5473016587222532,-2.005938770036218,0.9638413676312882,2.049113873853763,-0.10856617370637409,1.347908920494396,1.6757681944687584,1
0.6264946563269089,1.0004971604816948,0.058484303825908086,0.6485945079552938,-0.5390654422059162,-0.8734921072859877,-0.2826991942100076,0
-0.850711012385534,-2.072421721629762,1.9160498566184796,0.2211992351641739,0.45276871376939454,0.49000423327438103,-0.2163947949276854,1
-0.38032515638489206,1.022920753627685,0.7275024413834744,-1.0906502193239853,-1.1907674388620562,0.8254438996391671,-0.11129898247652477,1
-1.0206598200488963,0.5651252393518531,-0.9230295364351789,0.932173379020766,-0.2597293227501906,1.0401682609842937,0.5602840034245247,0
-1.0200876536517347,1.6721668731379975,0.4518482165036967,-1.1348658005482002,-0.21643908632635162,-0.33429067390334927,-1.2197423935964562,1
-0.5200458877158013,1.34041917390379,0.20153418069710588,1.0865360112145381,-1.2518552370288922,-1.6329053064904082,0.5055676886599655,1
-0.44605327436566433,1.0856655281474756,1.0281604922976237,0.6577670992926881,1.1794771419180494,-1.146226025184324,-1.3633411446048747,1
-0.8162859092524437,-0.4699798017709078,0.16340276597759607,-0.6858393367231769,1.4638309493564583,0.6189411877155916,0.469876974533061,0
-0.0665033751911038,-0.39291767088069385,-0.8067963192361703,0.7170269047375799,-0.49832048236387533,-0.26986625105892403,-1.4635175267313634,0
-0.31434790470761426,2.034580753810767,-1.1123035834841715,-0.06906196417998339,-0.27041083671632055,0.9165401554634014,1.3280435251431617,0
1.627570659489912,0.04689049039261505,-0.8865292250777775,1.8202399404051723,-0.7284094080566129,-0.27490671320450183,0.7368694156503616,1
-2.666174550396073,0.40725714075297703,2.524621375267554,-2.1622510278994267,0.6359829131837297,-0.5283144682076732,-0.880264805643226,1
0.4868419987175811,0.35810653661156383,-0.8243537611700456,0.28404377078098897,0.9796803294165325,0.17628345064775938,0.37002165138864895,0
0.679336912990108,0.2692923529859342,-1.4443930573867114,0.3872244302639003,0.5316146441086043,0.8129735009987691,-0.5825139066630433,0
0.8752841891229721,0.5163748598354057,-0.24249803330578543,0.8584944881084068,-1.1268290569994135,-0.5938687178220033,0.5177600390256543,0
-1.9525826234050796,0.9969061729863603,2.5475754621033997,0.6710927702898505,-0.9476516053497057,-2.2353932906602116,2.0028625441764043,0
0.8400083242528735,-1.2606978088118088,1.2851995378372743,0.5468060047108109,1.1514679216474248,-2.0280890249757224,1.3325502539213958,1
-2.3533980492176356,-1.8263829212808542,0.5482214109626911,-0.6083274814877927,1.1083539917759804,1.2111309816272928,2.6648671102279113,0
1.1217359675159104,-0.645575892949133,-0.4583521260201436,-0.49999690162570354,-0.08615304251210346,-0.06369683978214183,0.9405829206231536,1
-2.2704899448065725,-1.1217190007293576,0.4137739221353891,0.20457486992855575,-0.06118635099403958,2.294737550602821,0.10479651881853504,0
0.27749660191718395,0.0770587697787225,0.3823530733840236,-1.5098943941517429,-1.422725634398979,1.5140635305393508,-0.2280403293012169,1
0.21758028418241607,-0.6886862950417144,0.46855306061147245,0.7759016167739802,0.3601217461650789,0.5980155254622171,-0.38361835882168377,1
2.160314699672641,-0.1792889664240126,-0.8580599220836476,-0.3450006532329483,1.0064505981373049,-0.00046567462656126686,0.8409001589314377,1
-0.7666567345454175,-1.7691982564703894,3.1362657029100456,0.8000572158373348,1.0356236083596377,-0.147213536077139,0.748986437678706,1
0.7151588098550213,-0.06945895623319012,-1.3015835548462988,-0.22678283656191814,-0.061728337107032384,1.3266203700124446,-1.483751819282458,0
-0.23565430764438894,1.2411334441646509,-0.8824927233501629,-0.15732498313734117,-0.5707813463304221,0.08567162172843025,0.026833705659462817,0
-1.1184658825521168,0.679888608091246,-1.2445082497495517,-1.1137934788017496,-0.7233972378045951,1.70334621918826,-0.323169337404541,0
1.1005373835881986,-0.26407340870531204,-0.06311812439376291,-0.10143306057429037,-0.6507551702358849,1.3760826766513323,0.43687580082546773,1
-0.15700818329223984,-0.48487750926143364,1.4498527256975293,1.1232063129194407,1.2605583952956085,-0.9127578091556243,-0.3298945886976576,1
-0.16767829530912873,-1.5414529067747398,-1.5019727826419231,-0.5110429030007996,0.4937609930001928,2.0003975184821368,0.5113415209869535,0
-0.05055632840565905,1.0552359576309354,-0.37820616971098364,0.6971638608758253,0.5986034581966679,-0.036124715569356286,-0.7759573172896788,1
-1.2420981170598961,-1.5579637214288815,0.5008761733417771,0.7368785833342872,0.42447782125994443,0.600284309298962,2.484000519088696,0
-0.5138043851564612,0.34233264831597204,-1.0728503443217006,0.020395049028223994,0.02593983358329423,0.8030987936069964,-0.6900787370880086,0
-0.6463995578501143,-0.4375176579573183,-0.27845555529226645,0.07414069755392423,-0.5139001669997357,0.7290361810563938,1.246794933186839,0
1.2878906886462356,0.7880815208943626,-0.08707481352966433,-2.2697404769460445,-0.04242496063361816,0.4045841357196893,1.5349175144931146,1
2.2488434550656295,-0.3907163548931766,-0.626887747408614,-1.7599959736855129,1.4496618452572736,0.3909116531522431,1.1662445761159477,1
1.7849312195012672,-0.20467790799695842,-1.7670537028508682,0.11526060279590414,-0.2690678935532058,0.8308490946362949,0.5358874224167801,1
0.27007827374724014,-2.006306021528095,0.5577805351414561,0.2816885211129565,0.20190665608493025,-1.5152537265911452,-0.5004304853210694,1
1.7321628169359526,-0.43752638173193453,0.18427108507534742,1.1456566397346462,-0.546249958844157,0.5745214983052223,-0.382952460396102,1
-1.04633657324226,-1.1528562572553154,-0.19188240484735286,-1.0423229999294348,-0.30682558106573676,2.459743165375296,-0.8858014813365307,0
-0.19191678174556637,-1.0971912139137812,0.5973124392509777,1.1910474144514518,-1.7469526293287223,-0.9467539987698529,-1.0464440490188227,0
-0.9203072730754244,0.0009650509280776848,1.4065340944859692,-1.1402471013888928,-0.652626062731854,0.44613010311053186,-0.18198223651901874,1
1.135045242703114,2.3110877775354446,0.42668723107758433,-0.6224050937290737,0.8007899916824887,-1.1658121502936136,1.6759603541350117,1
0.3163754855141194,-0.5488803343794727,0.06903439338985018,0.5139164314390237,-0.8556203092976842,-0.061180013900430645,-0.6212376686663061,0
-0.851901818987603,-0.5082266186525035,0.5239155989270357,0.637265935032094,0.12635263040293587,0.233980592721867,0.8230391036254533,0
-1.4464579471312005,-1.8229623024661887,-0.3612462906449885,0.09668734297705828,-1.273034084030314,1.3897942014268119,-1.912698595838628,0
0.5968425649907055,-0.5143553672322374,-0.5522268705791945,-0.4873658751721208,0.6565036255864394,0.7702154738872942,0.10315115434258267,0
1.3552421916320854,-0.5645728170135712,-0.4957729435637136,-0.7394887500256612,0.6136794306803319,-0.07627652779946828,0.8078504980726822,1
-0.15785573631990896,-0.04871293976322089,1.1112354720839406,0.10246536974998433,1.0508871505080792,-1.0856977463831026,1.3651274411709498,0
-0.6820715873633401,-0.12931304549819717,0.9937581522173539,0.3322723360829707,-0.041425190713042036,-0.04643618519249165,0.48593240369139584,1
0.8976338705039965,0.7435084875400977,-1.396604170563455,1.0310843542320731,-2.2266404239754145,0.18784798471197112,0.9769461300637298,0
-0.6245881402020923,0.1069143676275048,0.9406960281431922,-1.028858087152712,0.24979281506170448,0.19586997210027307,-1.4949406088633863,1
0.8400379133046894,-2.2412458033974065,1.9992395680097674,1.6324691276398902,-0.15149601554494388,1.2639222587545258,2.024540325620321,1
0.3087756284642902,-0.42236751361479774,1.0375640992644821,0.5311662589890443,-0.2469202856650329,0.5128122761937931,0.3113478792436539,1
-0.09938476956657509,0.2806847097138949,-1.0850957785192885,-0.15460238888885616,0.9164053262936618,1.4254680057546254,-0.939366293808342,0
-1.1481134691632642,0.169189044277513,1.2745231601110902,-0.052855446865700734,-0.30746817414147976,0.12107024863649389,0.08760901256497527,1
-1.2508484188556863,-0.8709972855345951,2.3891341135953925,-0.003745908534839855,0.39789997331516513,-0.09647844652170054,0.020549662319046615,1
0.34395419659927406,-0.1035763387145606,-1.1766556573453293,0.0020689935236460344,0.6225944337310294,1.0069091470764415,0.09211464968313385,0
-0.4712386266473526,2.131157078718789,-0.4261309433097286,-0.23858705940409608,-0.03876253194015734,-1.4288758264279522,0.11602639567852877,1
1.6720767754475383,-0.514244803645078,0.02190828323911245,-0.2142939097741966,0.7399047590554735,-0.6592798587268855,0.9683155228625328,1
0.6579455548180962,-0.9635223184839191,-0.22617230763538113,0.8378266556247322,-1.1694688397506319,0.21703604239070068,-0.6332961814119308,0
-1.0814169804575957,0.3652170036253322,0.46345500912724463,0.06294141440921108,-0.18190474375341287,0.44370681529657036,-0.06394706156745777,0
0.9462218976164547,-0.8480929119380383,-0.5125084987008852,-1.441513732238401,0.6789338158072193,-0.20590004365641562,-0.056266000967083805,1
0.09185457961348016,-1.011551003748179,-0.6866681280860907,1.0633239358301798,-2.318310827774507,-0.25305574421950755,-0.8042347640864543,1
-0.29316457637828314,-1.5530360401087708,2.3731866749701847,0.6232117688615181,0.013701684596648552,0.6194879509280024,0.4509978009205707,1
0.3377003019992448,1.9856686644485657,-1.0347428792600362,-0.44924095423952404,-1.267181110137574,-0.5627069914441016,0.633296650078891,0
0.2201113412617121,-1.4989673888265151,0.24136997513002664,-0.10923992577636554,0.8273137867943107,-1.5048062840369043,-0.5011593293501034,1
-0.7561242007062055,0.6564469196636215,1.2639375045789387,-0.7350832976248284,-0.6193489925142037,0.16434459307947394,-0.8871260119882596,1
-0.5113799475619202,-0.07333381514223519,-2.1719099408001368,-1.6723582438589237,-0.20140748640163295,2.9692744842320984,-0.9570502209863515,0
1.1227077500726734,-0.2025506975743746,-0.40735761298558315,3.2703554336299976,-0.6164934214228066,-1.33143095230892,1.0341534694936556,1
-1.1007059755613313,-0.9806762141358907,0.2843473296410905,-1.095014467561106,2.5295030488898704,0.5025251899472009,2.64879044607693,0
-0.7715112971652759,-0.6880018992813424,0.6637358880814882,0.36518160097533003,-0.0025088078343505874,0.4088009651729356,-0.7314426175988173,0
-0.0679947336861518,-1.045257153700875,-0.7553360978056604,-0.14199280727287786,0.9758901997120838,0.853132922698721,0.963440552918575,0
-0.3953607239846796,-0.5712292193950362,0.555155868164847,-0.0050376040119281046,0.9484476452765058,-0.1491500845395247,1.0654983052425568,0
0.5194364028923362,-0.8048505804723093,0.8576597534229232,0.017747423337813185,0.5147509707862107,-1.3691791327884888,1.7487706995394008,1
1.2229611481886506,-0.22564515279731898,-0.38780111432371633,1.2667580679594168,-0.7223252203214321,-0.11519671759689436,0.19165943227233684,0
1.639789102476799,-0.8263091971386712,0.2510066974570855,-1.869136721552514,2.4313847342669352,-0.7390836725106854,1.3756618186949243,1
0.09659967590020008,1.8326236698991,-0.37163388373272854,-1.5062271822453404,-1.265239873466405,0.7649299638751036,-0.89020051403248,1
1.3726472211137928,-0.6005327067761083,-2.175779268826677,-0.6555450834082855,0.5332239691183327,1.2051286648905357,-1.0512374539899112,0
0.5290863265309568,0.2701654123144196,-1.0938767865873755,0.5110549667223905,-0.15689417530234964,0.04506982657992341,0.12905854027903563,0
0.5327606741614774,-0.08690909181419663,-2.425509105853724,0.030293367451652037,0.7038348830812082,1.6675851446700622,-0.11314582483573665,0
0.8899832411768887,0.2910485040044062,-0.0033505236666269245,-0.14598961400372618,-0.02595146539180577,0.7669606441199203,-0.5557809171247211,1
1.3829391247278722,-0.6867439529612673,0.7245008632281479,2.3693840952061853,-0.22865102175369578,0.3614314046341294,1.1663136934146598,1
-0.8339695711477751,1.117930709848492,0.6454055764615305,0.37902041009030196,-0.04652997666127022,-1.110662864628386,-0.07107849810173283,0
-1.294751184147569,-0.29515693512188756,0.23717327896563264,-0.6341489161064136,1.7882497908302804,0.33393184590471015,1.357137682991647,0
-0.6104785262261849,0.8702111682619893,0.7993190380146706,0.08101453557312252,0.4483136041113815,-0.3731248774917376,-0.22173222108945254,0
-0.38313425635253245,0.3847528487891601,0.018758011056974503,-0.34839992012505056,0.2411402559027566,0.5725818831171368,0.13861158175741692,1
0.646202860298434,0.2661622968718439,0.07381607130535214,-1.6259725313046098,0.8485610184364253,-0.5889024043989423,1.0578395305294828,1
0.9590402172994792,1.6441666980778016,0.696345929498561,-1.893592683753403,1.32740340844108,-1.252154002427127,1.1143199641839778,1
-0.14889360122516035,-0.2115870488253749,1.1116009080932208,-0.37704490934908175,-0.9960323102060317,0.5888847377654673,-0.6867679733533193,1
-0.5070792515137559,0.4224513029730867,0.02624159506370812,-0.47431443155029124,0.32119622763944494,0.22404959552386017,-0.6753397409569691,0
0.12123820353926598,1.1168242328828883,0.22885019336244314,0.48086956466645026,-0.2367379165380565,-0.06703917445190313,1.0432752933917864,0
1.454189097295046,-0.12666801089667293,-0.7515230334976174,0.19894158191200764,0.8215428877415396,-0.5631305527255778,-0.12957390114346942,1
-1.545142589758742,1.4669284167407184,0.48105526621276923,-0.06159157767362129,1.3393852044776995,-1.1973475744547253,-1.0750587031189054,1
-0.5780502726239521,-0.348137074632118,1.4042618914311984,-0.8083529777041515,-0.9910675607911767,1.0075739213504555,-0.2610237411353014,1
1.3866217278009727,0.060593360463854516,-1.687406665294706,-0.27085274968218964,-1.5162612889292817,1.2077849657131314,0.27257312538586825,1
-1.0503507015219056,-0.14349594858902365,0.06027308426819323,-0.40011458288708196,0.3840454982832863,0.6944722620466076,0.3916763553376554,0
1.0301087873509107,0.40607894787854576,-0.7474367579585732,1.1916530974844308,-0.30712361661720533,-0.08339573440724783,0.12093488522760218,0
-0.3213852261877919,-0.8698719685627125,1.5122156546325682,0.8435752133850261,0.49515307408150283,-0.005786258080180669,-0.6810181433274972,1
-1.4535551260528212,0.6638485812912076,0.8613854932214334,0.950909241879785,-0.7713209740074424,-0.14522760367578524,1.1567770491161884,0
0.33161240027764183,1.2260688141685407,-0.3295695111541201,-0.8843396417374557,2.525105419080882,-1.3482286134670738,1.59894950932723,0
-0.18060318539331546,0.14825351065701697,0.2822717467146908,0.9267852370701973,0.26096388904308093,0.023674007378018697,0.2720551926431172,1
1.4789503751672641,-0.2565620576788466,-0.21227435992429594,1.9369947644554535,-0.634054206675001,1.4282754915133344,1.637767456519537,1
-1.0940821097252658,-0.18317263652650184,1.506333157330698,0.3264775019452979,1.2082262658807623,-0.722512064616827,-0.552506318955435,1
-2.2878450197227713,0.39896364597916767,0.8484465651405766,-1.7001022099505092,0.1453823549984813,0.03188834178660712,-1.043220953693882,1
0.6620693207012897,-1.758793609488284,0.7424362264770815,0.1517005460365374,-0.33120405391088703,1.5505277280723126,0.3670702448018215,1
-0.19529500075028655,0.8291545553915977,0.11442877030347726,0.564949955130144,0.1323270045788808,-1.8059880958444394,0.15147092363081258,1
0.22810233293073637,-0.3212516919413315,-0.7997886948866407,-0.4898051581004371,0.5863036525256571,0.04139644503203862,1.1637141801113653,0
-0.9208569899948617,-0.49494434928620096,0.98975006978197,0.05518192098881528,-1.5165513056510784,0.10240418924647368,-0.21126186044629477,0
-0.547383272006538,1.056452366270456,0.1617858833365297,1.8289451989141445,-0.31181462278751343,-2.4162687692448013,-0.32671234174744945,1
-0.5985591615801605,1.8750131364100369,0.6858463802340011,-0.6637321437015093,-0.6946988504217281,-1.6673400405469165,0.856520689771143,1
0.20863752144185466,1.206803808144426,0.7841201820187697,0.15921447860546092,1.246327330296751,-0.8257207742077373,0.27075638307650296,0
-0.7288530662116277,0.7156028509470448,-0.10802055924312337,-0.747910949506672,1.8720467206649498,0.19207682821917735,0.6949568643207018,0
-1.8894339317734972,-1.3682594971078563,-0.44861274530359474,-0.2714345119930232,0.15484047578186483,2.039612906099773,1.8296626286578352,0
-1.310050590679404,-0.7041348316897,-0.38145448487128325,0.5822585047604047,-0.48008843480575475,1.1553931673489448,1.2591297966231794,0
-0.34172875251979234,0.983676360536652,-2.459399398499242,-0.5359639680235674,-1.0858432576567556,1.4011890333781452,-0.4014772142169384,0
0.763460393474441,-1.2215628334968678,-0.35895702808214086,-0.6491932372529107,0.5757414823268346,-0.6125205424624489,-0.30263701027642786,1
1.0233722710141644,0.7477376512125896,0.15545286728706328,0.576687872159382,-1.605215512988893,-0.48896089869891646,1.1515829314248152,0
0.2497058262135857,1.2481243078600224,-0.3623106395249452,1.0360336951796991,-1.2025142495010188,-1.02358957574438,-0.05865388532306432,1
1.325178415316272,0.22237621405162375,-0.9961419705800845,1.3947057110574665,0.5970519223555553,-0.7492151500333357,1.0542051102021162,1
0.15205725416175056,-0.9482497528146386,1.7076486332756688,1.2557102998261813,0.2529718195993385,0.4402701456051203,1.3514697990479867,1
-1.00302043886461,0.9634931246267733,0.5369629644486872,-1.5168531441778106,0.3690080692665974,-0.37719722463687955,-1.9820766519936919,1
0.36557160873584876,-0.43602615350557994,-0.5478911047568792,-0.1439386643719624,-0.0565999688577432,1.3872901593477447,-0.2983969376027761,0
1.0036188041375718,0.3410361415508572,-1.04244434467891,0.6566037050932636,0.6247019638812846,0.8131909403325366,-1.289741237919721,0
0.20885540246604734,-2.2543269451439807,0.8626725516664746,-0.08499734077867607,1.1247241099602858,-1.634045761980016,0.8122287996555599,1
-1.2841484555489666,0.22620636572317862,0.18257451498818061,1.1169834222910124,0.6964979040413875,1.026936339248612,0.583090260386048,0
1.453793167104399,-0.2976355867168804,2.147586997004742,1.1101823249614153,-1.5917778440647319,-2.2821649351726307,0.5510795807234661,0
0.24149027710741358,-0.33728028935402626,0.7076456102828117,0.517197051862868,-1.1193156024554083,-1.2513621545409939,-0.8418475038608558,0
0.3060012076214742,0.8171013154459013,1.328024025392155,0.21785275578392568,0.4739797514463151,-2.261923313848137,0.4681110482180846,0
1.3400958695159306,-0.4630308023278554,0.44498069770407295,0.011223600845350233,-1.046431831741281,1.611067611781797,0.04939712205505568,1
1.0534810637727492,-1.2576712984262486,-0.6380785307562759,1.950851431440012,1.5137447462352234,-1.5035195997685116,0.4669412427249473,1
0.5775342199859161,-1.1333660984198517,0.23473800817448542,-0.9670067910334913,0.5349974708607027,-0.7183630861362952,0.9372421047142878,1
-0.6638669177508775,-0.8826662260681105,0.38862081020951683,0.27688408497844386,-0.41080687550872286,0.635157218126345,0.3758903676050509,0
-0.7127581712899574,0.9274962560755631,1.491769327846705,-2.4549271860672994,-0.09259170641561877,0.4270440879354709,-1.000172027835109,1
0.6386102389012185,-1.1595755431218768,0.31288687033569423,0.002105473266338671,-2.148562107974,-0.8097371401531731,-1.4142533003578253,0
-0.34336529767157015,-1.7236871416633577,0.9881584395192008,0.029006814744525596,-0.6963423343187449,0.9172369364531443,-0.8339591823755195,0
1.074600080063506,1.8180338246707946,-0.2346613224269479,-1.0633214584997697,-0.5580126198152517,-0.20654500717046323,0.23349168377925397,1
1.1502271551235554,0.04627327475273627,-1.7393975194323699,-0.07513423137193714,-1.2398272416101959,0.08136768318258406,-0.47965658277715223,0
1.9678726024789823,-0.7012497655922975,-0.6243645669397122,0.39394196257044534,0.6393594902508821,-0.24153111332963256,0.33795251837729806,1
0.256044596788917,0.47927473070704274,-0.5001847869211261,-0.5320302550125027,-0.5020385931776461,0.4264501156041787,-0.203568261634606,0
-1.1744394797579705,1.3680443190696758,0.5784890754985154,-1.0540827509249355,-0.2593354399805097,0.2466822509655462,-0.042445353564730455,1
-0.503315243824131,-0.5952010212155603,-0.895531655958996,-0.049467464704692835,1.203933031433876,1.8489102706415697,-0.2946369152185897,0
-1.7045949285359652,0.8582700061224375,1.6994259575942856,1.4248937799988275,-1.1084618423945567,-1.195221458708985,1.940463484156713,0
-0.41739201733055986,-2.5196112652358176,0.3950214106130561,1.7212403614535694,-0.24249184639971127,-1.9289721388253152,-0.11818597152882238,1
-0.7648190777267171,-0.681938572454818,1.5005002911539917,1.0108375967293772,-0.0918346380383487,-0.4843997750086958,-0.4251845519588667,0
0.2959685014069261,0.1210612479169848,-0.5716545199376225,-1.4227108166674787,0.593468278280799,-0.811717760595139,1.080492595775899,0
0.268075640184918,0.4613495200028384,-0.05829269021539559,0.881875697622729,0.9400202549568285,-0.5012415326845026,-2.3041969063680283,1
0.016466586556726188,-0.3978758239065719,0.13063335739501547,-0.07746477849705805,-1.1554941180036615,0.07386258870363208,-0.6520614123522641,0
1.1440943252052145,1.1019005058026223,-1.2107847624994057,-1.6723879822683196,0.12896111486091164,0.2605107028599216,-0.4404393159991508,1
1.6789817252660393,-1.347171611202726,1.0004365303274998,0.6501284716567447,-0.5020572202401041,1.2549624208783277,-0.04602891713228646,1
0.4559947135415761,0.32422422710526244,-0.38586196779823906,0.36207289702262624,-0.5958500387911111,-0.8138335335430712,0.08998798161800281,1
-1.2107313885757394,0.3408831180145079,0.8025752627331114,-0.10347190303087218,1.0035225691868332,-0.7051344567698985,-1.3092754113696659,1
0.043032847239803905,-1.239015488613382,0.45430224409983205,0.6216720836859465,-0.5188159790947442,0.49072474791516635,-0.6650847810106787,0
-0.47986737396985785,2.4266598409935116,-0.5830593064126153,1.0495745108508903,0.8106213484080405,-1.0165740889043737,-0.06057214016904128,1
0.8127839967078735,-2.069841668565207,-0.47554748429930627,-2.687113575082671,1.9207300748347687,0.0008179962597686224,0.7335982280300305,1
-0.9884746712159066,0.11813797604521596,1.2296379769069075,0.41888028181449605,-0.22307642528466162,-0.19342994854131307,0.10147784564397591,0
-0.025036647930975795,0.9436177678384602,-0.1431832625840696,0.9438615495857423,0.7330494631003138,-0.45272904257819735,-0.16281651706822076,1
0.5782130753158949,-0.754597338925103,0.11059705530369783,0.6953227741736073,1.6756962010684633,-1.6487899854308694,1.3412118826605797,1
0.8821396647685746,-2.198255477309314,-1.157531251328534,-0.3893751265212841,0.28535769923985305,0.044582624205577036,-0.6358395740018153,1
-0.04547261172240182,0.583734335040706,-0.024312195124732573,0.8254857302875247,1.3118146637016759,-0.4519239179942129,-1.4737386712862215,1
1.3303620938693013,1.377796702330489,-0.5823008995506247,0.7019304018656021,-0.1040642873717992,-0.6561986555637753,0.4393965671841819,1
0.544683554550379,-0.9907134291686822,0.05290568396961519,1.160792165226704,0.632455749539252,1.2544933297356677,-0.7198797701952888,1
0.18979000558073655,1.9287669175621658,-1.007308796543208,0.37017846978371255,-0.8052221863361649,0.9553293311542318,0.5016790267210159,1
-0.48740991078226015,0.6512514669802407,0.922100472543016,-0.14177509406462765,0.11931995956880627,-1.3918907058738532,1.405473087241202,0
-1.147196904604091,0.83988545880618,0.09007367793452299,-1.088000454851333,0.6914548983011897,0.06955684234192269,-0.35052294209502927,1
-1.3770856052695855,-0.17243571557445075,0.008644427110073573,-0.9472003760818851,0.15670016437514162,0.06471494868503264,-2.0205569562614984,0
-0.3663547795076657,1.5016985106526648,0.9561969102690107,1.7258015529786241,-1.1961604422720815,-2.1360215755538827,1.07407787840176,1
0.0808978852074282,2.324880027738553,0.43469056448672405,0.4639196925953692,-0.491040949995235,-1.6697542492738342,0.8551746520412782,1
0.27995027349074175,0.22053633433065922,1.1967501309973587,-1.771829198015781,-1.8069065175101238,0.8171267443030915,-0.1783074446775514,1
-0.9909874577110245,-0.6386691161755944,-1.0636181648580096,-0.2200327371799602,-0.16475694150045514,1.2509642192550843,-1.705611221310106,0
0.5691394666823612,-0.3764667300062835,-0.9752345626571959,-0.2532748403482757,-1.2813990147618022,0.14117369980546712,-0.33898360211940604,1
1.0323240792342834,0.2832104688176273,-1.664204011772968,-0.3725386840287544,0.9757063444345453,0.873023877888782,-0.21662003525974508,0
0.4323080963923376,-2.7290642376565337,2.180761320362183,0.23888601357428524,0.6871182605988303,0.4727318334827023,-1.0738885060881118,1
0.5645472574326189,-0.43799160350437394,0.8812662981902464,-0.4047228996031277,1.2228851142598345,-1.7150455801165374,1.0089410064891173,1
0.2452626091655144,0.23770886642792433,1.218954853262559,0.49712689106556174,-0.6221759382722573,-0.814206096707119,0.453683055756407,0
0.6685916414606318,-1.3123700009300172,-0.22020307202242592,-0.4175460579754633,1.4194158773427228,-1.0060951672029754,0.8597122141729353,1
-0.11421173711853982,-1.048411146963338,-0.4098359348500747,1.3042847834009472,1.0602348850315972,1.3848534321378385,0.9064628531681518,1
-0.3548647735898273,-1.1043414514989374,-2.1809281145609325,-0.8219143444998744,0.7772063584034618,2.399035272679977,0.887188410441242,0
0.1383736079687976,1.0940073130818837,0.9177578886867341,-0.20354802138249709,-1.096695332793562,-1.2532755721354367,1.2550382048883297,1
-0.3191525054516416,-1.1355500024500875,-2.257326204913302,-0.7262260380499003,2.0413058615643607,2.9886671453053397,0.2087723141031038,0
-1.846548453706248,0.5657592662567804,1.8104863464339696,0.8192624262989834,0.5018708922807013,-0.2562062300985534,1.1426724108246404,0
0.2619245595247026,-0.05901067164539686,0.7365864512052573,0.7352386198459774,-0.1291366758443057,-0.6737817286982394,-0.17642677507649387,0
1.497263872503993,1.0065670805611122,-0.9597341132261896,-1.8495663117068635,1.038360258828845,0.22659593644000872,1.1021586339342264,1
0.8682732020346736,-1.5432130293035393,-0.711197701547314,0.613506078388979,-0.5365788347712416,-0.33060560796518224,-0.6303882326608502,1
0.6771052355413879,0.7096811850824879,-0.24680930551106323,-0.5364216139715398,-0.07479418193389276,-0.6561356994032062,-0.6071643737699707,0
0.057672685682808915,0.37339845306284725,-1.2360084649780687,0.052754916993934926,-0.8798420244865318,-0.24288946797515992,-0.6540788527876921,1
-1.1980441936222679,-0.4352443488184047,1.0929813322647357,-0.4179572429593855,-0.08937343513401119,0.5880212493746363,-0.5078255011186109,0
-0.9884287723127961,0.8708045042001538,-0.5825048636432042,-1.5553507912119215,0.301882439958595,2.0603681567698953,0.21717228002786404,0
0.6545531981721464,1.165476592165157,1.2955635531786622,-0.03220411956627587,-0.3855153535019769,-1.5299760754167115,1.2600173797828065,1
0.5244521111247472,0.11583255672193007,-0.8619166932037201,-0.8553007866055617,0.10210053145501474,-0.0898516299569806,-0.9069193824186234,0
-1.1857481405983141,0.1974666273779275,0.61972873588632,-0.4970746195206697,1.0946906139793349,-0.21630238949980662,1.3259813512934966,0
0.8472999535712721,1.5822217733645503,-0.09954708746733974,-1.4770104147825927,-1.1795484356568615,0.14851855533277203,0.9526079621133489,1
1.493446355865707,0.11998021982105822,-1.8394741142748654,-1.1406184733796914,1.1307212813984606,0.4820632081913696,-0.8525112509250544,0
-1.464266023924513,0.17657953939865997,-0.2458902854255287,-1.8065089441395494,-0.9893870034608867,0.4745703059341256,-1.5100961422826489,0
0.35143421866806457,-0.5569085067660371,0.1297092412978437,1.284739381129464,0.49109022658310025,-1.7583722562678747,0.20032877231247978,1
0.20778956686862304,1.4719668495984686,0.10978839299974281,0.3219232092579969,0.8201209904975019,-1.733647484181025,0.8964579592218047,1
-1.3963812386681664,0.07023491788102412,0.6447409505338032,-0.7762362731012556,1.6894430589143767,-0.04191342091174845,0.992848111064013,0
0.6604892070606091,-1.1116450541782927,-0.2570863028350773,0.5449161750116412,-0.532911708605504,1.1729941842160747,-1.519733427875344,0
-0.6034712177965185,0.6338564839378324,0.7065321041815323,-0.5575139708550704,0.6331064058519349,0.046223476084744856,-1.0352618387873727,1
-0.7741230487154984,-1.3031050600588858,1.905331871165217,-1.0112634944620853,0.2290749400034566,0.44324289101860526,-1.1390409707746079,1
-1.2310971408984672,0.9833589221662422,0.11501125427227159,-0.15286770891940196,0.6492883587015565,-0.5671389008420441,-1.7698050761996678,1
-0.5150407616971358,0.4714635768098802,0.7782973713604272,-0.2524527739863077,-0.07574002203474857,0.011529617309215007,-0.5907319047510264,1
0.012960034321253115,0.13673831361634164,0.5678995885568261,-0.32364070340390405,-0.4905417520715311,1.1214649305937776,-0.05146395183049926,1
-2.2325850875131907,2.195664420996883,-1.4027305315707015,-0.6624125285995238,-0.970801380130074,0.07824796484657587,-0.27910009617263154,0
-2.558947366899993,0.5879212111039833,-0.2993751940551746,-0.08103219529444053,-0.41363199699578684,0.28863708506613805,-1.0896403570460744,0
-1.676402104424092,0.6242923540010611,1.1123880804032917,-0.6308221511528125,1.3713464740711672,-0.8074703284306938,2.0727422738331205,0
0.6319269411889034,0.013245476797295106,0.08160974192821564,-0.534272469219471,-0.6624269305500883,-0.6330127412549825,0.4283567913366388,1
1.1743109781146879,1.6421516922186634,-0.4138622764914128,1.2683249144578845,-1.4935087601311154,-0.3813273456082411,0.9483893903556181,1
1.1725398833473433,0.08435027618996017,0.7247330632327759,1.0922624235631044,-0.29505871518574067,0.5191328640075755,-0.27319717824132284,1
-0.006603411169564671,0.12020798270884403,1.4451141369737242,-0.04072632154905299,-0.3369544587542277,0.13823479879601094,0.5240798895749744,1
-0.8147186388037737,-1.389676804631457,3.100374937491253,0.6059880250473394,0.5439839252057317,-0.34436733123696894,-0.09412976804695761,1
-1.0859349356303882,1.2774652354762952,0.5534079943810224,0.10149477240894346,0.5063184557657119,-0.4308899574886883,-0.12913272068372794,1
-1.0493912885526995,-0.09604427567005624,-0.523741520788893,-0.44851604247067933,0.19819265524038399,0.7112727877580761,-1.284121989968414,0
-0.4176159345923376,0.45215034681370814,-0.02570609570600558,0.5792856352170856,0.2735120824294249,-0.1524372453519412,-0.37670956643091696,1
1.6547191507953427,0.5555821224036571,-1.6839477127545772,0.9020000235613703,-1.5156680425369369,0.7401424164626147,-1.9253581909371427,0
-0.6541398550688144,0.977521186494048,0.3280842850457809,0.29526189601997227,0.778066532800775,0.06548434316741493,-0.5394532133438381,1
-0.6405205031607958,-1.2084449483680362,-0.14196342430830122,-0.9879137886899191,0.0736066150410688,-0.8841998438517766,0.271398081062008,1
0.9133178663057078,-0.9170115481481834,-1.757396185932302,0.8941666220653982,-0.57369689836985,0.1804371799126163,-0.774315674317527,1
0.034247006311983116,-0.035511259941210044,1.074993735540411,-0.31116970504206415,0.07735103537467442,-0.7526537278266866,-0.6635196400408071,0
0.5724425522827881,0.6214223726468537,0.8609676012080021,0.588302109704637,-0.4161960675501194,-0.45025296536747184,1.05076590836969,0
-0.11494379540797356,-0.28097661837953003,1.193440174855297,1.501647809309997,0.8796951409001748,0.0294311258191065,1.4113345728094093,1
1.4531049143550587,0.20831688434282675,-0.18465968739165625,0.9025366911345973,1.0424412449097566,-1.2497636303044715,0.8319573336305212,1
-0.249019385132803,1.281878900956266,1.1843011025582333,-1.8802894232885923,-0.8536105955982877,-1.1137555804152668,0.89654871253115,1
1.0753526542504064,0.49330471391527325,-0.5492834388799102,0.09622480084981229,0.38830969343942195,-0.24093258918578211,0.19414378942114993,0
0.45152481642781234,1.1596586137725156,-0.029577444520340147,-0.13595745385173583,0.5668358420637037,-0.6473883404359561,-1.4250974069207043,0
-0.8450392377086912,-0.43205575268613045,1.7001017207774065,-1.645758348806844,0.22978176130168626,0.14543063513887142,-1.985679720867565,1
-0.09746785788828227,-0.8955350886746019,-0.22345907936323503,1.032796358548551,-0.13459874991075135,0.9674706331598807,0.5795214453689004,0
-2.3982986463555886,-0.25817582423019403,1.1933453482419045,-0.31301762358918983,0.9988706506001412,0.6188361887673994,1.2027456613234326,0
2.4059321744749758,-0.3339862867210254,1.1409915548470484,1.8025721238212258,-2.086332776063615,-2.1164942319321187,0.8287733024820827,0
-0.7152234182367664,1.6072977979937555,-0.11095311175856269,-0.918320055956497,-0.72653020323466,0.5283537848477154,-0.5237810478831912,1
0.46027613018108005,0.30301759833277114,1.0824182762795935,-1.3677183592968603,-0.10250479088984871,-1.0036204081135238,1.5262329296072534,1
0.009234875773178589,0.14258532817271022,-0.15627186186085495,0.7455367166522687,0.4962129352026376,-0.12382682564937073,-2.141576680087842,1
0.6229619096400127,0.5382879613688657,-0.4025245674994272,1.6094933474262567,-0.8737353768822728,-0.97915695210231,0.4456427185909818,1
0.045068937014457036,0.3929015823547085,0.2590683689442556,0.26983164046847746,0.3827281679052831,0.3864684989155886,-0.7938270399879693,1
-0.22931911181667933,0.5197551979273799,0.49598161513696415,-0.7727052533745432,-0.2806458779675169,0.5123221569893671,-1.0284698611349365,1
0.32064208151942136,0.6597790419010008,-0.7739980952395606,-1.2716158645879339,-2.145082297279712,0.3245217247854395,-1.3300074113260807,1
2.0937772950686266,-2.798356944651561,-0.5526174270978766,-1.211360153472716,0.7159300136119507,0.7524942503344559,1.1289402191734967,1
-0.007482647134232644,-0.8816179800326918,-0.4758563042528853,0.29212009760136615,0.8245931397857463,-1.321995321728926,-0.06955768099581404,1
